shipment_id,ship_date,expected_delivery,actual_delivery,region,carrier,warehouse,customer,distance_km,freight_cost,weight_kg,shipment_status
SHP-01130,2025-03-19,2025-03-20,2025-03-20,East,QuickMove,WH-07,Beta Partners,190.48,139.97,10.71,Delivered
SHP-02317,2024-12-04,2024-12-07,2024-12-08,North,SpeedEx,WH-01,Alpha Industries,139.79,145.14,5.22,Delivered
SHP-00722,2025-01-05,2025-01-07,2025-01-07,Central,FastShip,WH-09,Prime Inc,50.0,38.55,53.08,Delivered
SHP-01210,2024-09-16,2024-09-18,2024-09-18,Central,FastShip,WH-01,Sigma Partners,184.73,194.45,12.71,Delivered
SHP-00860,2024-12-18,2024-12-20,2024-12-20,East,QuickMove,WH-10,Sigma Corp,345.24,197.19,24.65,Delivered
SHP-01407,2024-04-09,2024-04-12,2024-04-12,East,GlobalFreight,WH-09,Acme Group,685.09,478.43,39.12,In Transit
SHP-01594,2024-10-20,2024-10-22,2024-10-23,North,GlobalFreight,WH-03,Omega Solutions,478.83,262.63,43.33,Delivered
SHP-04804,2024-08-28,2024-08-29,2024-08-29,EAST,GlobalFreight,WH-07,Acme Partners,102.07,77.48,15.2,Delivered
SHP-01058,2024-11-25,2024-11-28,2024-11-29,South,QuickMove,WH-03,Global Corp,288.86,156.83,51.88,In Transit
SHP-00554,2025-06-10,2025-06-12,2025-06-12,EAST,QuickMove,WH-04,Prime Partners,415.47,271.3,24.19,Delivered
SHP-03352,2024-06-05,2024-06-07,2024-06-07,North,SpeedEx,WH-10,Sigma Enterprises,143.88,104.13,9.92,Delivered
SHP-03028,2024-09-03,2024-09-05,2024-09-05,Central,SpeedEx,WH-02,Alpha Partners,261.58,319.89,34.27,Delivered
SHP-04130,2025-02-19,2025-02-22,2025-02-22,Central,SpeedEx,WH-06,Global LLC,215.02,228.75,71.98,Delivered
SHP-00799,2024-12-13,2024-12-17,2024-12-17,West,ReliableCo,WH-06,Delta Enterprises,961.98,426.15,5.39,Delivered
SHP-02844,2025-01-25,2025-01-27,2025-01-28,North,FastShip,WH-02,Beta Enterprises,282.23,192.92,6.19,Delivered
SHP-00486,2024-09-11,2024-09-12,2024-09-12,West,GlobalFreight,WH-01,Prime Enterprises,294.37,200.39,15.8,Delivered
SHP-04909,2024-06-11,2024-06-13,2024-06-13,East,GlobalFreight,WH-09,Delta Industries,424.1,220.5,64.92,Delivered
SHP-01294,2025-05-05,2025-05-08,2025-05-08,North,ReliableCo,WH-08,Prime Group,190.8,164.08,70.88,Delayed
SHP-03863,2025-01-19,2025-01-23,2025-01-24,East,ReliableCo,WH-04,Delta Solutions,429.05,479.51,26.99,Delivered
SHP-03635,2024-08-08,2024-08-11,2024-08-11,North,ReliableCo,WH-04,Acme Group,283.64,128.21,8.29,Delayed
SHP-04733,2025-02-24,2025-02-26,2025-02-26,South,Quick Move,WH-08,Global Inc,182.53,114.93,20.28,Delivered
SHP-04214,2024-03-26,2024-03-29,2024-03-29,East,GlobalFreight,WH-06,Global Corp,254.28,185.82,32.05,In Transit
SHP-00066,2024-02-24,2024-02-27,2024-02-27,Central,QuickMove,WH-06,Delta Industries,140.31,52.74,9.81,Delayed
SHP-00765,2024-03-20,2024-03-22,2024-03-22,North,GlobalFreight,WH-01,Prime Ltd,175.33,41.97,15.23,Delivered
SHP-00466,2024-12-19,2024-12-22,2024-12-23,North,GlobalFreight,WH-02,Sigma Ltd,225.75,189.19,5.91,Delivered
SHP-00839,2024-03-23,2024-03-24,2024-03-25,CENTRAL,reliable co,WH-03,Prime Group,316.39,199.72,17.89,Delivered
SHP-03865,2024-03-07,2024-03-09,2024-03-09,North,GlobalFreight,WH-08,Alpha LLC,238.23,91.8,29.26,Delivered
SHP-00034,2024-05-27,2024-05-30,2024-05-31,Central,fastship,WH-04,Prime Group,129.36,92.12,59.44,Delivered
SHP-03694,2024-02-03,2024-02-05,2024-02-05,North,GlobalFreight,WH-09,Delta Industries,413.8,372.17,15.15,Delayed
SHP-02471,2024-08-02,2024-08-04,2024-08-04,East,FastShip,WH-04,Acme Solutions,251.53,168.56,27.48,In Transit
SHP-03575,2024-03-04,2024-03-07,2024-03-06,East,SpeedEx,WH-10,Alpha Industries,198.7,302.33,108.65,Delivered
SHP-00764,2025-01-17,2025-01-18,2025-01-18,East,SpeedEx,WH-05,Omega Co,205.79,315.63,11.03,Delivered
SHP-04024,2025-04-21,2025-04-23,2025-04-24,central,SpeedEx,WH-06,Beta Co,163.56,209.97,10.64,Returned
SHP-01731,2024-04-17,2024-04-18,2024-04-18,East,ReliableCo,,Omega LLC,285.55,238.86,12.16,Delivered
SHP-00280,2025-03-20,2025-03-24,2025-03-24,Central,GlobalFreight,WH-05,Prime Solutions,1034.89,683.37,41.91,Delivered
SHP-01913,2025-04-19,2025-04-22,2025-04-22,South,ReliableCo,WH-09,Acme Corp,134.51,,15.35,In Transit
SHP-03293,2025-01-13,2025-01-16,2025-01-18,East,SpeedEx,WH-04,Omega Group,172.34,147.87,44.86,Delivered
SHP-02611,2024-10-24,2024-10-27,2024-10-27,East,ReliableCo,WH-02,Omega Corp,202.15,148.1,13.35,Delivered
SHP-04369,2024-03-19,2024-03-20,2024-03-20,East,QuickMove,WH-01,Omega Industries,99.0,76.79,122.87,Delivered
SHP-00249,2025-05-25,2025-05-28,2025-05-28,South,FastShip,WH-06,Alpha Corp,210.97,147.62,16.5,Delivered
SHP-00024,2024-07-06,2024-07-09,2024-07-09,Central,ReliableCo,WH-04,Acme Enterprises,160.58,107.84,7.21,Delayed
SHP-04726,2024-07-06,2024-07-08,2024-07-08,East,FastShip,WH-05,Global Corp,207.49,193.58,12.8,Delivered
SHP-03248,2024-12-06,2024-12-09,2024-12-10,West,ReliableCo,WH-03,Alpha Partners,185.38,130.05,,Delivered
SHP-00662,2025-03-26,2025-03-28,2025-03-28,West,ReliableCo,WH-02,Prime Industries,127.26,86.01,7.51,Delayed
SHP-01159,2024-08-09,2024-08-12,2024-08-12,Central,QuickMove,WH-07,Delta LLC,308.53,195.02,2.61,In Transit
SHP-02270,2025-01-07,2025-01-10,2025-01-10,Central,GlobalFreight,WH-03,Sigma Inc,200.04,56.07,6.18,Delivered
SHP-03650,2024-04-23,2024-04-26,2024-04-27,North,GlobalFreight,WH-03,Acme Industries,269.68,30.94,27.52,Delivered
SHP-03210,2024-12-21,2024-12-23,2024-12-23,North,FastShip,WH-09,Omega Solutions,133.09,121.01,25.81,Delivered
SHP-02132,2024-10-11,2024-10-12,2024-10-11,West,FastShip,WH-06,Alpha LLC,85.9,68.84,23.3,Delivered
SHP-02448,2024-03-02,2024-03-04,2024-03-04,North,QUICKMOVE,WH-01,Delta Group,95.68,74.85,25.4,Delivered
SHP-01488,2025-04-19,2025-04-20,2025-04-20,East,SpeedEx,WH-02,Sigma Group,90.01,102.09,20.45,Delivered
SHP-04184,2024-10-21,2024-10-23,2024-10-22,North,ReliableCo,WH-06,Delta Solutions,108.78,90.52,20.22,Delivered
SHP-04782,2024-06-10,2024-06-13,2024-06-13,west,QuickMove,WH-07,Prime Inc,159.37,113.78,12.22,Delivered
SHP-04232,2025-04-09,2025-04-10,2025-04-10,East,Fast Ship,WH-07,Beta Inc,289.95,212.87,15.27,Delivered
SHP-01035,2024-12-11,2024-12-14,2024-12-14,Central,GlobalFreight,WH-02,Prime Enterprises,236.62,205.24,20.15,Returned
SHP-02828,2024-09-29,2024-09-30,2024-09-30,Central,QuickMove,WH-07,Acme Industries,182.27,125.3,9.48,Delivered
SHP-00712,2024-10-01,2024-10-04,2024-10-04,Central,FastShip,WH-05,Delta LLC,278.68,212.26,11.18,Delivered
SHP-00107,2025-03-05,2025-03-08,2025-03-10,South,GlobalFreight,,Sigma Corp,360.4,111.91,32.47,Delivered
SHP-03787,2024-05-03,2024-05-04,2024-05-04,Central,FastShip,WH-10,Delta Ltd,178.2,117.59,22.48,Delivered
SHP-00531,2025-04-03,2025-04-06,2025-04-06,North,ReliableCo,,Delta Inc,1040.62,776.45,16.71,Delivered
SHP-04295,2025-04-02,2025-04-04,2025-04-03,East ,FastShip,WH-01,Omega Industries,210.24,216.87,16.21,Delivered
SHP-02276,2025-01-05,2025-01-06,2025-01-06,Central,QuickMove,WH-02,Acme Ltd,199.41,154.2,52.7,Delivered
SHP-00682,2024-05-25,2024-05-27,2024-05-27,East,ReliableCo,WH-04,Global Co,794.37,756.47,51.37,Delivered
SHP-00485,2024-04-03,2024-04-04,2024-04-05,South,ReliableCo,WH-08,Alpha Ltd,284.93,413.355,21.51,Delivered
SHP-02766,2025-02-16,2025-02-18,2025-02-18,South,FastShip,WH-05,Beta Solutions,120.46,70.06,40.65,Delivered
SHP-02022,2025-03-22,2025-03-24,2025-03-24,East,SpeedEx,WH-01,Delta LLC,101.98,61.58,16.66,Delivered
SHP-01889,2024-08-29,2024-08-30,2024-08-29,Central,ReliableCo,WH-04,Global Solutions,97.97,90.23,24.17,Delivered
SHP-00469,2024-10-24,2024-10-25,2024-10-26,North,FastShip,WH-08,Beta Solutions,203.4,212.87,53.36,Delivered
SHP-00430,2025-03-20,2025-03-22,2025-03-23,East,ReliableCo,WH-05,Alpha Enterprises,298.62,266.34,14.81,Delayed
SHP-00562,2025-06-12,2025-06-14,2025-06-14,Central,GlobalFreight,WH-07,Beta Corp,645.7,213.31,7.92,Delivered
SHP-00897,2024-10-03,2024-10-05,2024-10-04,West,GlobalFreight,WH-08,Omega Partners,255.38,-99.93,10.56,Delivered
SHP-01527,2024-04-30,2024-05-01,2024-05-01,Central,ReliableCo,WH-06,Sigma LLC,142.99,174.1,11.0,Delivered
SHP-03072,2025-06-01,2025-06-02,2025-06-03,North,QuickMove,WH-07,Prime Corp,225.03,163.05,7.45,Delivered
SHP-02165,2024-10-28,2024-10-31,2024-11-01,NORTH,FastShip,WH-10,Acme Enterprises,197.64,170.02,21.94,Delivered
SHP-00080,2025-05-01,2025-05-02,2025-05-03,South,ReliableCo,WH-09,Sigma Inc,368.4,300.19,18.34,Delivered
SHP-00735,2024-12-01,2024-12-03,2024-12-03,Central,ReliableCo,WH-04,Omega LLC,170.31,71.89,15.26,Delivered
SHP-01621,2024-01-08,2024-01-09,2024-01-09,East ,QuickMove,WH-03,Alpha Partners,370.9,226.77,15.91,Delivered
SHP-01589,2024-10-29,2024-10-30,2024-10-30,Central,SpeedEx,WH-06,Omega Ltd,108.61,63.07,17.04,Delivered
SHP-02438,2024-10-30,2024-11-02,2024-11-02,Central,GlobalFreight,WH-05,Sigma Enterprises,162.51,73.88,22.21,Returned
SHP-02759,2024-12-24,2024-12-26,2024-12-28,South,fastship,WH-03,Alpha Inc,89.96,,10.08,Delivered
SHP-02246,2024-08-09,2024-08-10,2024-08-10,East,QuickMove,WH-10,Delta Partners,203.5,140.44,35.82,Delivered
SHP-03283,2025-03-29,2025-03-30,2025-03-31,West,FastShip,WH-10,Alpha Corp,110.05,93.15,47.05,Delivered
SHP-00997,2024-11-20,2024-11-21,2024-11-20,Central,QuickMove,WH-10,Acme Corp,283.08,213.81,13.68,Delivered
SHP-00200,2024-02-08,2024-02-11,2024-02-12,Central,QuickMove,WH-03,Omega Co,238.95,167.94,20.51,Delivered
SHP-00692,2025-01-26,2025-01-29,2025-01-30,North,FastShip,WH-04,Sigma Solutions,284.83,240.67,27.61,Delivered
SHP-01095,2024-09-17,2024-09-19,2024-09-21,East,SpeedEx,WH-02,Prime Solutions,58.97,69.22,11.66,Delivered
SHP-04614,2025-05-26,2025-05-27,2025-05-28,Central,ReliableCo,WH-06,Alpha Ltd,154.37,105.79,28.54,Delivered
SHP-03725,2025-02-11,2025-02-12,2025-02-13,South,FastShip,WH-10,Omega Industries,377.34,313.15,10.9,Delayed
SHP-01102,2024-05-24,2024-05-27,2024-05-28,West,QuickMove,WH-01,Sigma Solutions,226.99,156.28,15.34,Delivered
SHP-04735,2024-05-14,2024-05-17,2024-05-18,West,ReliableCo,WH-01,Omega Co,414.44,417.61,36.11,Returned
SHP-02134,2024-03-11,2024-03-14,2024-03-15,Central,GlobalFreight,WH-02,Sigma Solutions,326.37,319.81,33.01,Delivered
SHP-00228,2024-05-29,2024-05-30,2024-06-01,South,QuickMove,WH-06,Sigma Inc,360.43,241.21,23.42,Returned
SHP-03306,2024-08-04,2024-08-08,2024-08-08,East,QuickMove,WH-09,Sigma Partners,461.3,364.34,17.91,Delivered
SHP-01719,2025-01-28,2025-01-31,2025-01-31,Central,GlobalFreight,WH-03,Omega Ltd,108.86,21.32,10.71,Delivered
SHP-03313,2024-03-14,2024-03-16,2024-03-15,West,SpeedEx,WH-01,Alpha Inc,531.79,514.5,21.5,Delivered
SHP-03144,2024-02-02,2024-02-03,2024-02-03,North,GlobalFreight,WH-08,Sigma Industries,296.28,245.23,9.22,Delivered
SHP-00085,2025-02-22,2025-02-25,2025-02-25,Central,ReliableCo,WH-07,Delta Ltd,149.11,124.15,13.54,Delivered
SHP-00334,2024-12-25,2024-12-28,2024-12-28,East,GlobalFreight,WH-01,Omega LLC,215.28,138.77,15.86,In Transit
SHP-03209,2025-03-21,2025-03-24,2025-03-25,Central,ReliableCo,WH-02,Delta Solutions,222.12,188.64,9.43,Delivered
SHP-03324,2024-01-11,2024-01-13,2024-01-14,Central,QuickMove,WH-03,Alpha Enterprises,339.85,286.84,42.65,In Transit
SHP-02852,2024-05-15,2024-05-17,2024-05-18,West,Reliable Co,WH-05,Sigma Industries,307.37,183.15,58.23,Delivered
SHP-01174,2025-05-25,2025-05-29,2025-05-30,North,SpeedEx,WH-08,Delta LLC,433.02,455.66,17.48,Delivered
SHP-00158,2024-01-18,2024-01-21,2024-01-21,East,GlobalFreight,WH-05,Alpha Enterprises,253.01,23.34,58.6,Delivered
SHP-03373,2025-03-03,2025-03-04,2025-03-04,NORTH,FastShip,WH-02,Acme Enterprises,287.08,208.46,34.18,Delivered
SHP-03682,2025-04-24,2025-04-27,2025-04-29,West,ReliableCo,WH-07,Acme Co,199.39,164.47,25.98,Delivered
SHP-00030,2024-02-25,2024-02-28,2024-02-27,North,FastShip,WH-01,Beta Inc,239.65,244.78,34.0,Delivered
SHP-03786,2024-11-03,2024-11-06,2024-11-06,West,GlobalFreight,WH-06,Sigma Solutions,345.76,28.73,24.98,Delivered
SHP-01104,2024-10-09,2024-10-11,2024-10-10,West,FastShip,WH-09,Prime Industries,129.66,114.11,30.76,Delivered
SHP-03916,2024-07-10,2024-07-14,2024-07-14,West,FastShip,,Delta LLC,409.97,361.78,21.79,Delivered
SHP-04640,2024-02-02,2024-02-05,2024-02-05,West,SpeedEx,WH-01,Sigma Group,179.53,310.58,22.07,In Transit
SHP-00743,2024-08-10,2024-08-12,2024-08-13,West,FastShip,WH-07,Omega Partners,82.08,46.22,19.14,Delivered
SHP-02950,2025-05-15,2025-05-16,2025-05-16,North,ReliableCo,WH-10,Beta Solutions,79.86,87.51,7.07,Delayed
SHP-00438,2025-06-14,2025-06-15,2025-06-15,East,GlobalFreight,WH-08,Beta Ltd,274.17,0.01,32.28,Delivered
SHP-02601,2025-04-25,2025-04-26,2025-04-26,North,GlobalFreight,WH-05,Omega Inc,235.57,226.03,20.29,Delayed
SHP-01193,2024-09-19,2024-09-22,2024-09-22,Central,GlobalFreight,WH-01,Acme Partners,453.8,274.34,10.15,Delivered
SHP-00684,2024-05-05,2024-05-08,2024-05-08,West,SpeedEx,WH-04,Omega Industries,343.0,547.69,13.85,In Transit
SHP-00417,2024-10-16,2024-10-20,2024-10-21,North,ReliableCo,WH-02,Prime Ltd,532.83,293.13,14.11,Delivered
SHP-02630,2024-12-26,2024-12-27,2024-12-28,East,SpeedEx,WH-09,Global Corp,124.34,0.0,88.42,Delivered
SHP-03266,2025-05-20,2025-05-22,2025-05-24,West,ReliableCo,WH-05,Prime LLC,335.14,282.48,44.93,Delivered
SHP-00832,2025-02-08,2025-02-12,2025-02-12,East,QuickMove,WH-02,Beta Partners,474.53,332.06,13.3,Delivered
SHP-02689,2024-09-19,2024-09-22,2024-09-22,South,QuickMove,WH-03,Sigma Ltd,63.49,40.76,20.04,Delivered
SHP-02788,2024-03-14,2024-03-17,2024-03-18,North,QuickMove,WH-01,Alpha Ltd,113.7,78.75,15.08,Delayed
SHP-04772,2025-05-02,2025-05-04,2025-05-05,East,QuickMove,WH-10,Prime LLC,155.72,111.19,27.24,Returned
SHP-01091,2025-05-18,2025-05-20,2025-05-20,North,QuickMove,WH-04,Alpha Corp,294.25,214.12,46.38,Delivered
SHP-02656,2024-08-08,2024-08-10,2024-08-10,West,GlobalFreight,WH-02,Global Corp,190.06,140.1,51.78,Delivered
SHP-04045,2024-04-13,2024-04-14,2024-04-16,South,ReliableCo,WH-07,,102.07,88.38,16.69,Delivered
SHP-00732,2025-01-01,2025-01-04,2025-01-04,North,ReliableCo,WH-04,Alpha Group,258.54,187.9,23.34,Delivered
SHP-00932,2024-04-12,2024-04-15,2024-04-16,North,FastShip,WH-05,Alpha Inc,168.47,155.76,42.47,Delivered
SHP-04910,2025-04-04,2025-04-05,2025-04-05,West,ReliableCo,WH-03,Delta Solutions,240.33,182.28,15.14,Delivered
SHP-00801,2024-09-01,2024-09-02,2024-09-03,South,ReliableCo,WH-04,Prime Enterprises,273.45,217.24,49.17,In Transit
SHP-01925,2024-02-08,2024-02-12,2024-02-12,North,SpeedEx,WH-08,Beta Solutions,454.41,550.39,36.43,Delivered
SHP-00950,2024-11-27,2024-11-30,2024-11-30,East,FastShip,WH-08,Alpha Industries,221.72,155.42,9.86,Delayed
SHP-01703,2025-06-07,2025-06-10,2025-06-10,West,FastShip,WH-02,Omega Group,195.32,178.96,7.36,Delivered
SHP-01418,2024-08-18,2024-08-19,2024-08-20,North,SpeedEx,WH-06,Global Partners,86.65,149.41,20.74,Delivered
SHP-01075,2024-11-25,2024-11-28,2024-11-29,East,SpeedEx,WH-02,Prime Co,129.92,110.93,11.53,Delivered
SHP-03519,2024-03-26,2024-03-29,2024-03-29,West,ReliableCo,WH-06,Sigma Co,138.36,166.39,14.11,Delivered
SHP-01176,2024-04-14,2024-04-15,2024-04-15,West,ReliableCo,WH-02,Global Solutions,134.87,119.12,30.1,Delivered
SHP-01520,2024-05-20,2024-05-23,2024-05-22,Central,QuickMove,WH-10,Sigma Inc,113.63,64.36,51.2,Delivered
SHP-00169,2024-04-18,2024-04-19,2024-04-19,Central,ReliableCo,WH-07,Global Group,199.22,93.33,11.65,Delayed
SHP-02513,2024-01-01,2024-01-03,2024-01-03,East,QuickMove,WH-10,Alpha Industries,321.99,168.34,31.37,Delivered
SHP-02119,2025-06-24,2025-06-26,2025-06-26,Central,SpeedEx,WH-07,Beta Partners,164.84,201.03,13.41,Delivered
SHP-00374,2024-06-27,2024-06-28,2024-06-29,South,FastShip,WH-09,Acme Industries,174.42,188.6,81.8,Delayed
SHP-00241,2025-04-22,2025-04-23,2025-04-24,East,QuickMove,WH-08,Delta Enterprises,-359.83,258.95,32.99,Delayed
SHP-00180,2024-07-25,2024-07-26,2024-07-27,South,ReliableCo,WH-01,Prime Inc,262.05,177.48,19.3,Delivered
SHP-01116,2025-01-15,2025-01-19,2025-01-20,East,ReliableCo,WH-10,Acme Enterprises,499.28,458.65,45.33,Delivered
SHP-02025,2024-04-28,2024-04-30,2024-05-01,West,GlobalFreight,WH-06,Omega Ltd,488.87,357.2,22.57,In Transit
SHP-02881,2024-03-30,2024-04-01,2024-03-31,East,SpeedEx,WH-07,Beta Partners,539.05,428.17,10.58,Delayed
SHP-04378,2024-11-19,2024-11-21,2024-11-22,East,ReliableCo,WH-03,Acme Enterprises,289.17,243.2,71.93,Delivered
SHP-02267,2024-02-12,2024-02-15,2024-02-15,Central,ReliableCo,WH-06,Delta Co,321.76,183.62,30.01,Delivered
SHP-04879,2024-12-05,2024-12-06,2024-12-06,West,SpeedEx,WH-05,Global Industries,167.19,212.46,26.47,Delivered
SHP-00297,2024-08-20,2024-08-23,2024-08-24,West,QUICKMOVE,WH-07,Omega Partners,135.13,81.31,17.16,Delivered
SHP-02836,2025-02-21,2025-02-22,2025-02-22,Central,SpeedEx,WH-08,Beta Ltd,233.46,228.78,20.51,Delivered
SHP-00654,2024-08-06,2024-08-08,2024-08-09,West,ReliableCo,WH-10,Global LLC,216.83,188.59,32.07,Delivered
SHP-04633,2024-04-04,2024-04-06,2024-04-05,East,ReliableCo,WH-06,Sigma Ltd,88.42,79.7,17.4,Delivered
SHP-01651,2025-06-03,2025-06-04,2025-06-04,Central,GlobalFreight,WH-07,Delta Enterprises,112.88,98.63,26.98,Delivered
SHP-00625,2025-02-25,2025-02-28,2025-02-28,South,QuickMove,WH-03,Sigma Group,206.98,161.25,25.48,Delivered
SHP-00229,2025-02-23,2025-02-26,2025-02-27,North,ReliableCo,WH-02,Sigma Group,284.19,207.72,24.42,Delayed
SHP-00725,2025-06-08,2025-06-11,2025-06-14,South,FastShip,WH-02,Global Corp,70.07,56.54,24.56,Delivered
SHP-01003,2025-05-02,2025-05-03,2025-05-03,East,ReliableCo,WH-08,Acme Corp,182.55,137.74,7.51,Delivered
SHP-03154,2025-01-25,2025-01-28,2025-01-30,South,SpeedEx,WH-01,Alpha Co,97.79,109.42,28.28,Delivered
SHP-00671,2024-10-11,2024-10-13,2024-10-13,central,GlobalFreight,WH-08,Global Co,367.78,184.32,33.53,Delivered
SHP-03761,2024-09-07,2024-09-09,2024-09-09,South,SpeedEx,WH-09,Delta LLC,191.97,129.86,11.1,In Transit
SHP-00240,2024-01-30,2024-02-01,2024-02-02,Central,ReliableCo,WH-03,Global Enterprises,300.56,259.67,27.48,Delayed
SHP-01345,2024-12-31,2025-01-04,2025-01-03,East,QuickMove,WH-08,Global Enterprises,1145.04,871.23,13.6,In Transit
SHP-01936,2024-01-04,2024-01-06,2024-01-07,West,QuickMove,WH-05,Alpha Group,374.52,238.52,30.56,Delivered
SHP-02234,2025-05-06,2025-05-09,2025-05-09,South,QuickMove,WH-03,Beta LLC,248.0,189.14,19.41,Returned
SHP-03857,2025-01-08,2025-01-09,2025-01-09,Central,ReliableCo,WH-09,Delta LLC,270.87,225.96,19.86,Delivered
SHP-00502,2024-10-28,2024-10-30,2024-10-30,Central,FastShip,WH-04,Omega Ltd,78.56,66.79,11.34,Delayed
SHP-01361,2025-04-01,2025-04-04,2025-04-04,East,GlobalFreight,WH-04,Sigma Group,170.52,58.8,13.75,Returned
SHP-03840,2025-05-31,2025-06-03,2025-06-03,Central,GlobalFreight,WH-07,Alpha Solutions,149.26,55.11,10.45,Returned
SHP-02100,2024-04-30,2024-05-04,2024-05-04,East ,FastShip,WH-04,Omega Corp,426.31,405.62,19.56,Returned
SHP-01920,2025-05-07,2025-05-08,2025-05-06,West,ReliableCo,WH-07,Alpha Ltd,215.14,131.18,10.88,Delivered
SHP-00777,2025-05-15,2025-05-16,2025-05-16,Central,FastShip,WH-01,Beta Industries,157.94,103.62,29.98,Delivered
SHP-04954,2025-05-09,2025-05-12,2025-05-12,East,QuickMove,WH-05,Beta Group,386.83,234.19,37.84,Delivered
SHP-00908,2024-08-27,2024-08-29,2024-08-29,South,FastShip,WH-08,Prime Inc,96.96,91.09,12.88,Delivered
SHP-00857,2024-08-28,2024-08-31,2024-09-01,North,FastShip,WH-07,Alpha Co,84.3,74.85,52.94,In Transit
SHP-01502,2024-07-15,2024-07-18,2024-07-18,North,QuickMove,WH-07,Omega Corp,215.19,143.72,6.62,Returned
SHP-01653,2025-03-09,2025-03-10,2025-03-11,north,Reliable Co,WH-02,Beta Industries,152.58,135.24,39.4,Delivered
SHP-00806,2025-05-13,2025-05-15,2025-05-16,Central,GlobalFreight,WH-02,Omega Solutions,130.31,131.76,32.68,Delivered
SHP-02124,2024-09-10,2024-09-12,2024-09-12,North,GlobalFreight,,Acme Corp,228.63,69.44,33.75,Delivered
SHP-02224,2024-05-22,2024-05-23,2024-05-23,West,QuickMove,WH-03,Omega Industries,139.56,82.02,84.1,Delivered
SHP-01514,2024-02-14,2024-02-17,2024-02-18,East,GlobalFreight,WH-05,Beta LLC,196.79,138.22,57.41,In Transit
SHP-04221,2024-02-06,2024-02-07,2024-02-07,East,GlobalFreight,WH-08,Alpha Solutions,137.11,50.78,19.48,Delivered
SHP-02537,2024-01-21,2024-01-24,2024-01-24,East ,ReliableCo,WH-01,Omega Enterprises,280.27,144.66,18.08,Delivered
SHP-02343,2025-04-09,2025-04-13,2025-04-14,North,ReliableCo,WH-04,Prime Solutions,439.27,197.16,19.4,In Transit
SHP-03536,2024-06-28,2024-07-01,2024-07-01,East,ReliableCo,WH-01,Acme Inc,223.3,201.59,19.46,Delivered
SHP-03797,2024-12-27,2024-12-29,2024-12-30,West,FastShip,WH-09,Alpha Industries,206.7,212.82,32.68,Delivered
SHP-03133,2024-04-08,2024-04-11,2024-04-12,North,ReliableCo,WH-03,Acme Industries,384.22,288.19,13.6,Delivered
SHP-04415,2025-03-04,2025-03-05,2025-03-06,West,SpeedEx,WH-05,Beta LLC,290.02,277.92,39.17,Delivered
SHP-00050,2025-03-05,2025-03-06,2025-03-06,Central,ReliableCo,WH-02,,143.98,109.66,9.02,Delivered
SHP-01030,2024-03-12,2024-03-14,2024-03-14,west,QuickMove,WH-08,Beta Industries,211.53,138.45,9.7,Delivered
SHP-02652,2025-02-24,2025-02-26,2025-02-26,South,SpeedEx,WH-10,Omega Enterprises,273.08,331.93,18.61,In Transit
SHP-00843,2024-11-13,2024-11-14,2024-11-14,North,QuickMove,,Acme Group,311.15,215.4,8.7,Delayed
SHP-01097,2024-08-11,2024-08-13,2024-08-13,South,FastShip,WH-09,Prime Enterprises,169.95,126.96,7.37,Delivered
SHP-00081,2024-09-17,2024-09-19,2024-09-20,North,ReliableCo,WH-04,Alpha Group,259.35,152.07,86.89,Delayed
SHP-01744,2024-02-10,2024-02-13,2024-02-14,Central,FastShip,WH-09,Sigma LLC,770.63,810.99,20.43,In Transit
SHP-01074,2024-10-09,2024-10-10,2024-10-10,West,FastShip,WH-03,Acme Partners,100.44,103.55,6.9,Delivered
SHP-02578,2025-02-22,2025-02-24,2025-02-25,Central,GlobalFreight,WH-05,Global Ltd,223.0,140.43,13.93,Delivered
SHP-04913,2024-07-07,2024-07-09,2024-07-09,South,QuickMove,WH-03,Acme Co,391.79,299.45,26.39,In Transit
SHP-00706,2024-03-11,2024-03-12,2024-03-13,West,QuickMove,WH-07,Acme Corp,206.99,143.88,7.51,Delivered
SHP-04005,2025-06-27,2025-06-28,2025-06-28,South,ReliableCo,WH-04,Omega Partners,122.82,109.39,40.29,Delayed
SHP-04855,2024-10-19,2024-10-22,2024-10-22,East,QuickMove,WH-07,Omega Inc,157.71,116.79,9.05,Delivered
SHP-03658,2024-03-01,2024-03-03,2024-03-05,west,GLOBALFREIGHT,WH-10,Beta Group,156.84,61.16,8.72,Delivered
SHP-02023,2024-09-07,2024-09-09,2024-09-09,Central,FastShip,WH-01,Prime Partners,318.69,220.67,36.32,Delivered
SHP-04778,2025-06-26,2025-06-29,2025-06-28,West,QuickMove,WH-08,Omega Partners,790.6,546.2,37.2,In Transit
SHP-03271,2024-04-16,2024-04-19,2024-04-19,East,GlobalFreight,WH-10,Acme Co,453.84,203.1,11.9,Delivered
SHP-00089,2024-10-21,2024-10-24,2024-10-24,Central,QuickMove,WH-01,Alpha Ltd,409.36,285.77,9.96,Delivered
SHP-01472,2024-06-17,2024-06-19,2024-06-21,South,FastShip,WH-10,Delta Corp,100.76,74.5,11.2,Delayed
SHP-03728,2025-03-04,2025-03-06,2025-03-05,West,GlobalFreight,WH-02,Prime Industries,530.73,261.38,5.33,Delivered
SHP-00009,2024-03-19,2024-03-21,2024-03-21,West,ReliableCo,WH-02,Prime Co,242.72,221.97,8.55,Delivered
SHP-03323,2024-10-16,2024-10-17,2024-10-18,East,QuickMove,WH-03,Prime Inc,164.49,143.23,38.16,Returned
SHP-01933,2024-05-28,2024-05-31,2024-06-01,South,FastShip,WH-07,Global Group,306.0,330.91,23.82,Delivered
SHP-02958,2024-11-28,2024-12-01,2024-12-02,North,FastShip,WH-07,Omega Ltd,149.78,114.95,13.04,Delivered
SHP-01145,2024-08-07,2024-08-09,2024-08-10,North,ReliableCo,WH-06,Delta Industries,120.76,76.89,35.95,Delivered
SHP-00587,2024-03-22,2024-03-25,2024-03-27,South,GlobalFreight,WH-03,Delta Ltd,67.22,30.68,10.98,Delivered
SHP-04119,2025-05-23,2025-05-25,2025-05-26,East,ReliableCo,WH-01,Global LLC,356.07,198.36,17.89,Delayed
SHP-00145,2024-04-08,2024-04-11,2024-04-11,West,QuickMove,WH-08,Acme Group,281.85,155.62,44.73,Delayed
SHP-03633,2024-08-12,2024-08-15,2024-08-15,East,FastShip,WH-01,Acme Partners,547.92,439.56,20.31,Delivered
SHP-01962,2024-12-31,2025-01-03,2025-01-04,North,FastShip,WH-07,Sigma Solutions,636.37,455.81,21.09,Delivered
SHP-03719,2025-03-11,2025-03-12,2025-03-13,East,ReliableCo,WH-01,Prime Ltd,258.17,225.34,15.61,Delivered
SHP-02837,2024-05-29,2024-06-01,2024-06-01,West,ReliableCo,WH-06,Prime Partners,261.7,181.98,51.47,In Transit
SHP-04950,2024-11-28,2024-12-01,2024-12-01,West,GlobalFreight,WH-07,,177.84,142.46,19.65,Delivered
SHP-02405,2025-05-05,2025-05-09,2025-05-09,South,GlobalFreight,WH-09,Beta Inc,449.99,408.65,12.76,Delivered
SHP-00152,2024-10-18,2024-10-20,2024-10-21,North,FastShip,WH-05,Beta Industries,313.58,230.15,8.4,Delivered
SHP-03091,2025-03-18,2025-03-22,2025-03-23,North,GlobalFreight,WH-06,Global Enterprises,616.5,466.22,14.22,Delivered
SHP-03923,2025-03-12,2025-03-14,2025-03-14,Central,FastShip,WH-03,Sigma Enterprises,297.66,288.01,7.55,Delayed
SHP-01722,2024-07-02,2024-07-03,2024-07-03,East,SpeedEx,WH-06,Prime Co,272.65,199.29,71.09,Delayed
SHP-00627,2024-01-10,2024-01-13,2024-01-13,West,GlobalFreight,WH-05,Delta Group,127.6,189.45,48.0,Delivered
SHP-03411,2024-07-05,2024-07-07,2024-07-07,south,GlobalFreight,WH-07,Acme Corp,205.19,29.96,8.06,Delivered
SHP-05000,2024-05-06,2024-05-10,2024-05-11,South,ReliableCo,WH-09,Acme Group,559.15,610.99,6.46,Delivered
SHP-03999,2024-10-19,2024-10-22,2024-10-22,North,QuickMove,WH-03,Beta Ltd,323.34,216.92,27.92,Delivered
SHP-01129,2024-09-11,2024-09-13,2024-09-13,West,ReliableCo,WH-03,Omega Industries,171.83,122.76,10.6,Delivered
SHP-03216,2024-05-12,2024-05-14,2024-05-14,West,SpeedEx,WH-01,Beta LLC,654.57,807.35,7.26,In Transit
SHP-02907,2024-05-17,2024-05-20,2024-05-19,East,QuickMove,WH-07,Alpha Group,903.6,565.77,12.95,Delivered
SHP-03003,2025-06-28,2025-06-30,2025-06-30,Central,FastShip,WH-07,Prime Co,196.21,148.78,34.86,Delayed
SHP-01421,2024-09-15,2024-09-16,2024-09-17,South,ReliableCo,WH-07,Acme Enterprises,138.28,75.86,20.77,In Transit
SHP-02754,2024-05-03,2024-05-06,2024-05-06,Central,ReliableCo,WH-06,Alpha Ltd,225.84,211.91,21.19,Delivered
SHP-00492,2024-09-14,2024-09-15,2024-09-15,North,SpeedEx,WH-03,Global LLC,341.51,358.81,18.07,Delivered
SHP-01352,2025-05-30,2025-05-31,2025-06-01,West,FastShip,WH-04,Global Inc,146.8,91.06,44.93,Delivered
SHP-01887,2025-04-04,2025-04-08,2025-04-08,North,FastShip,WH-03,Beta Corp,461.69,393.26,10.11,Delayed
SHP-04307,2024-09-23,2024-09-26,2024-09-27,East,GlobalFreight,WH-04,Sigma Inc,515.2,82.98,23.82,Delivered
SHP-00298,2024-08-20,2024-08-22,2024-08-22,Central,GlobalFreight,WH-08,Omega Inc,340.37,214.98,7.89,In Transit
SHP-02553,2024-07-07,2024-07-08,2024-07-08,East,FastShip,WH-07,Alpha Group,246.17,197.76,26.62,Delivered
SHP-04918,2025-04-18,2025-04-19,2025-04-19,East,SpeedEx,WH-09,Global Ltd,156.03,113.82,10.42,Delayed
SHP-01175,2025-06-20,2025-06-23,2025-06-24,East,GlobalFreight,WH-10,Beta Solutions,332.32,211.98,14.46,Delayed
SHP-01211,2024-08-08,2024-08-09,2024-08-09,West,QuickMove,WH-09,Sigma Co,150.83,115.92,18.19,Delivered
SHP-01136,2024-11-20,2024-11-21,2024-11-24,South,QuickMove,WH-05,Prime Group,131.09,67.89,13.22,Delivered
SHP-04504,2025-03-11,2025-03-13,2025-03-14,South,GlobalFreight,WH-09,Delta Corp,659.96,358.66,15.06,Delivered
SHP-04182,2024-11-07,2024-11-09,2024-11-09,North,ReliableCo,WH-10,Alpha LLC,362.7,241.8,15.29,Delivered
SHP-04308,2024-12-03,2024-12-04,2024-12-05,Central,reliable co,WH-03,Omega LLC,221.28,211.59,50.55,Delivered
SHP-00101,2024-08-04,2024-08-06,2024-08-06,East,ReliableCo,WH-04,Global LLC,94.0,70.6,20.76,Delivered
SHP-02866,2024-07-16,2024-07-19,2024-07-20,South,QuickMove,WH-05,Alpha Inc,348.3,223.7,6.98,Delayed
SHP-00506,2025-02-12,2025-02-14,2025-02-15,North,GlobalFreight,WH-04,Acme Inc,253.65,255.73,8.04,Delivered
SHP-03039,2025-05-26,2025-05-28,2025-05-28,Central,ReliableCo,WH-06,Sigma Solutions,496.14,441.58,10.33,Delivered
SHP-04168,2025-05-01,2025-05-02,2025-05-02,South,SpeedEx,WH-01,Omega Enterprises,257.57,174.72,11.73,Delivered
SHP-02810,2024-12-11,2024-12-14,2024-12-15,south,SpeedEx,WH-03,Sigma Enterprises,111.26,126.93,21.98,Delivered
SHP-02992,2024-10-16,2024-10-19,2024-10-20,South,QuickMove,WH-02,Alpha LLC,149.15,105.57,59.2,Delivered
SHP-03703,2024-11-11,2024-11-12,2024-11-12,North,SpeedEx,WH-03,Delta Ltd,157.95,145.68,32.41,Delivered
SHP-03621,2024-11-28,2024-11-29,2024-11-29,North,QUICKMOVE,WH-03,Prime Co,146.16,85.08,25.7,Delivered
SHP-01323,2025-06-20,2025-06-23,2025-06-24,South,SpeedEx,WH-07,Delta LLC,170.19,254.17,27.65,Delivered
SHP-02424,2024-08-16,2024-08-21,2024-08-21,Central,ReliableCo,WH-09,Alpha Co,1116.8,786.05,11.5,Delivered
SHP-03476,2024-03-15,2024-03-17,2024-03-17,Central,GlobalFreight,WH-09,Acme LLC,237.33,139.07,11.48,Delivered
SHP-00804,2024-08-21,2024-08-23,2024-08-23,Central,QuickMove,WH-04,Alpha Inc,665.36,514.7,69.91,Delivered
SHP-04934,2024-06-29,2024-06-30,2024-06-30,West,GlobalFreight,WH-01,Beta Corp,226.1,216.32,7.47,Delivered
SHP-01254,2024-08-05,2024-08-07,2024-08-07,North,FastShip,WH-03,Omega LLC,245.98,211.91,14.04,Delivered
SHP-03165,2025-04-28,2025-05-02,2025-05-03,West,QuickMove,WH-07,Prime Inc,548.29,409.75,30.92,Delivered
SHP-04257,2024-11-11,2024-11-12,2024-11-12,Central,FastShip,WH-03,Prime Group,180.8,146.88,18.3,Delivered
SHP-03366,2024-08-03,2024-08-06,2024-08-06,North,GlobalFreight,,Sigma Industries,193.54,156.6,9.25,Delivered
SHP-02623,2024-12-08,2024-12-10,2024-12-10,West,ReliableCo,WH-01,Sigma Ltd,135.44,74.27,21.32,Delivered
SHP-02183,2024-08-31,2024-09-02,2024-09-02,Central,FastShip,WH-06,Global LLC,313.53,245.28,18.33,Delivered
SHP-04230,2025-06-20,2025-06-21,2025-06-21,West,QuickMove,WH-07,Prime Co,177.0,115.01,24.96,In Transit
SHP-01296,2024-07-10,2024-07-11,2024-07-11,South,QuickMove,WH-06,Omega Corp,279.0,189.7,25.98,Delivered
SHP-00415,2025-04-24,2025-04-25,2025-04-26,East,ReliableCo,WH-06,Delta Partners,270.72,148.54,44.61,In Transit
SHP-04951,2025-02-15,2025-02-18,2025-02-18,West,QuickMove,WH-08,Global Partners,769.13,586.76,19.4,Delivered
SHP-02842,2025-06-23,2025-06-26,2025-06-26,North,SpeedEx,WH-07,Sigma LLC,213.58,210.73,66.88,Delivered
SHP-03027,2025-03-29,2025-03-30,2025-03-29,Central,FastShip,WH-05,,323.19,267.91,82.47,Delivered
SHP-04650,2024-01-14,2024-01-16,2024-01-16,East,ReliableCo,WH-07,Alpha Solutions,159.04,114.56,9.11,Delivered
SHP-00656,2024-08-19,2024-08-22,2024-08-23,East,GlobalFreight,WH-05,Global Partners,373.42,233.44,53.91,Delayed
SHP-01570,2024-03-14,2024-03-17,2024-03-17,Central,GlobalFreight,WH-02,Sigma Ltd,422.47,100.23,20.9,Delivered
SHP-01704,2025-03-12,2025-03-15,2025-03-14,North,QuickMove,WH-09,Global Partners,148.05,82.55,22.76,Delayed
SHP-02991,2024-04-11,2024-04-14,2024-04-15,South,QuickMove,WH-04,,247.32,143.38,10.04,Delivered
SHP-03435,2024-02-06,2024-02-09,2024-02-09,Central,QuickMove,WH-04,Beta Solutions,372.05,256.99,5.43,Delivered
SHP-00231,2024-02-03,2024-02-06,2024-02-06,North,GlobalFreight,WH-03,Delta Solutions,466.0,298.19,12.3,Delivered
SHP-01893,2024-10-26,2024-10-28,2024-10-28,Central,Quick Move,WH-01,Omega Group,495.67,293.15,20.51,Delivered
SHP-04052,2024-05-28,2024-05-31,2024-05-31,East,FastShip,WH-04,Beta Inc,256.5,272.36,14.46,Delivered
SHP-02744,2024-10-18,2024-10-20,2024-10-21,Central,QuickMove,WH-10,Alpha Solutions,733.95,442.7,23.9,Delivered
SHP-03180,2025-01-31,2025-02-03,2025-02-03,South,FastShip,WH-05,Sigma Inc,228.57,260.74,10.39,In Transit
SHP-04151,2024-05-03,2024-05-06,2024-05-06,Central,GlobalFreight,WH-05,Alpha LLC,325.06,142.84,17.3,Delivered
SHP-02878,2025-02-05,2025-02-09,2025-02-10,NORTH,GlobalFreight,WH-04,Prime Inc,498.2,449.64,21.45,Delayed
SHP-03064,2024-01-11,2024-01-16,2024-01-17,West,Global Freight,WH-06,Global Co,1013.33,96.06,12.23,Delivered
SHP-02087,2025-03-16,2025-03-17,2025-03-17,West,SpeedEx,WH-01,Prime Enterprises,74.15,74.58,25.06,Delivered
SHP-00658,2025-03-01,2025-03-02,2025-03-02,North,GlobalFreight,WH-07,Sigma Partners,187.57,129.23,27.78,Delivered
SHP-02814,2024-07-12,2024-07-13,2024-07-13,East,FastShip,WH-06,Prime Ltd,146.1,117.51,31.01,Delayed
SHP-03110,2024-10-03,2024-10-06,2024-10-07,South,SpeedEx,WH-06,Delta Corp,294.58,341.02,32.17,Delivered
SHP-02446,2025-01-20,2025-01-23,2025-01-24,Central,ReliableCo,WH-10,Acme Solutions,185.93,98.18,25.19,Delivered
SHP-01201,2024-10-07,2024-10-10,2024-10-10,North,ReliableCo,WH-06,Delta Ltd,331.69,156.2,12.24,Delivered
SHP-02716,2025-03-07,2025-03-09,2025-03-09,Central,GlobalFreight,WH-04,Beta Corp,223.68,133.38,15.96,Delivered
SHP-04195,2025-05-14,2025-05-16,2025-05-17,West,SpeedEx,WH-01,Delta Solutions,330.55,368.24,19.06,Delivered
SHP-02198,2024-01-15,2024-01-17,2024-01-17,Central,GlobalFreight,WH-01,Omega Ltd,367.81,0.01,14.93,Delivered
SHP-01127,2024-05-02,2024-05-03,2024-05-04,South,GlobalFreight,WH-02,Global Group,215.2,173.7,24.19,Delivered
SHP-04483,2024-04-29,2024-05-03,2024-05-03,South,SpeedEx,WH-06,Omega LLC,860.66,698.5,18.81,In Transit
SHP-04409,2025-05-01,2025-05-04,2025-05-05,South,GlobalFreight,WH-09,Delta LLC,378.89,204.24,24.96,Delivered
SHP-01870,2025-06-23,2025-06-25,2025-06-26,Central,GlobalFreight,WH-08,Sigma Inc,63.6,74.77,15.69,Delivered
SHP-04616,2024-10-09,2024-10-12,2024-10-12,West,FastShip,WH-07,Delta Solutions,433.01,334.5,17.06,Delayed
SHP-00927,2025-04-21,2025-04-22,2025-04-22,West,GlobalFreight,WH-10,Alpha Co,224.93,99.56,51.76,Delayed
SHP-03414,2024-08-02,2024-08-04,2024-08-04,West,FastShip,WH-02,Global LLC,547.73,504.42,16.09,Delayed
SHP-04439,2024-07-09,2024-07-11,2024-07-12,Central,ReliableCo,WH-04,Omega LLC,760.85,433.2,6.03,Delivered
SHP-03517,2024-07-21,2024-07-23,2024-07-24,East,GlobalFreight,WH-08,Global Enterprises,237.11,189.92,10.37,Delivered
SHP-01676,2024-09-29,2024-10-03,2024-10-03,North,ReliableCo,WH-08,Sigma Inc,500.02,153.03,7.54,Delivered
SHP-01670,2025-06-18,2025-06-19,2025-06-19,Central,GlobalFreight,WH-08,Alpha Co,249.21,100.71,13.67,Delivered
SHP-01050,2024-03-15,2024-03-19,2024-03-19,Central,ReliableCo,WH-05,Beta Solutions,472.66,70.18,29.96,Delivered
SHP-02835,2024-01-12,2024-01-14,2024-01-14,South,SpeedEx,WH-05,Prime Corp,280.83,546.05,28.82,Delivered
SHP-03096,2024-09-13,2024-09-15,2024-09-18,South,SpeedEx,WH-04,Alpha Partners,233.6,217.08,15.6,Delayed
SHP-00150,2024-12-03,2024-12-04,2024-12-03,West,ReliableCo,WH-04,Global LLC,208.11,137.59,26.16,In Transit
SHP-00427,2024-07-03,2024-07-04,2024-07-04,south,FastShip,WH-08,Global Industries,312.9,297.53,75.94,In Transit
SHP-02058,2025-06-02,2025-06-04,2025-06-05,East,GlobalFreight,WH-08,Global Inc,211.04,127.03,5.51,In Transit
SHP-04010,2024-01-19,2024-01-21,2024-01-22,North,SpeedEx,WH-09,Delta Solutions,325.3,300.68,18.8,Delivered
SHP-00578,2024-02-05,2024-02-07,2024-02-08,East,ReliableCo,WH-03,Acme Partners,337.21,231.28,70.57,Delayed
SHP-02969,2024-10-31,2024-11-02,2024-11-02,Central,FastShip,WH-02,Beta Co,312.65,249.04,6.91,Delivered
SHP-03698,2025-04-07,2025-04-09,2025-04-09,North,GlobalFreight,WH-02,Omega Corp,198.38,133.88,18.12,Delivered
SHP-00013,2024-11-07,2024-11-09,2024-11-08,West,QuickMove,WH-01,Beta Corp,300.72,220.25,,Delivered
SHP-00094,2024-05-07,2024-05-10,2024-05-11,South,GlobalFreight,WH-10,Global Group,584.46,728.21,11.74,Delivered
SHP-03319,2024-03-18,2024-03-22,2024-03-22,West,SpeedEx,WH-10,Alpha Group,547.19,620.42,7.29,Delivered
SHP-01546,2025-06-24,2025-06-27,2025-06-27,Central,QuickMove,WH-07,Acme Ltd,436.37,230.0,78.81,Delivered
SHP-02074,2025-05-27,2025-05-29,2025-05-31,East,GlobalFreight,WH-08,Prime Co,396.61,342.96,41.23,Delivered
SHP-03765,2024-09-09,2024-09-10,2024-09-09,North,SpeedEx,WH-06,Alpha Inc,190.2,300.14,10.42,Delivered
SHP-00423,2024-06-23,2024-06-26,2024-06-26,West,ReliableCo,WH-01,Alpha Industries,290.03,251.55,14.4,Delivered
SHP-02645,2025-01-20,2025-01-21,2025-01-21,North,SpeedEx,WH-01,Delta LLC,218.8,261.93,16.64,Delayed
SHP-01863,2024-09-13,2024-09-17,2024-09-17,North,GlobalFreight,WH-10,Beta Co,514.04,237.79,28.01,In Transit
SHP-01742,2024-12-01,2024-12-03,2024-12-03,North,GlobalFreight,WH-04,Beta Group,275.08,117.31,19.03,Delivered
SHP-04784,2024-05-27,2024-05-30,2024-05-30,North,GlobalFreight,WH-04,Acme Corp,365.96,112.35,5.7,Delivered
SHP-03016,2025-01-22,2025-01-24,2025-01-24,South,FastShip,WH-06,Sigma Enterprises,173.09,131.44,,Delivered
SHP-00970,2024-03-16,2024-03-19,2024-03-20,North,QuickMove,WH-01,Alpha Co,432.68,236.56,17.51,Delivered
SHP-01627,2025-01-20,2025-01-23,2025-01-23,South,GlobalFreight,WH-05,Delta Co,463.69,454.69,28.33,Delivered
SHP-01076,2025-05-15,2025-05-17,2025-05-16,West,GlobalFreight,WH-10,Alpha Group,189.78,58.41,32.86,Delivered
SHP-04716,2024-12-13,2024-12-15,2024-12-16,Central,Reliable Co,WH-10,Delta Group,239.71,128.14,31.96,Delivered
SHP-02012,2024-04-19,2024-04-21,2024-04-22,South,GlobalFreight,WH-05,Acme Inc,433.51,178.27,12.25,Delayed
SHP-00600,2024-03-28,2024-03-30,2024-03-30,West,QuickMove,WH-08,Sigma Inc,140.74,101.43,21.08,Delivered
SHP-04074,2024-05-09,2024-05-11,2024-05-12,Central,SpeedEx,WH-04,Omega LLC,229.26,169.26,55.56,In Transit
SHP-01282,2024-05-30,2024-06-02,2024-06-02,North,GlobalFreight,WH-02,Omega Industries,370.0,191.62,19.89,Delivered
SHP-00752,2025-05-30,2025-06-01,2025-06-01,North,QuickMove,WH-01,Acme Group,341.7,255.8,6.8,Delayed
SHP-04447,2025-05-29,2025-06-01,2025-06-02,East,QuickMove,WH-09,Beta Ltd,194.17,141.46,25.16,Delivered
SHP-02078,2025-05-31,2025-06-02,2025-06-02,West,GlobalFreight,WH-06,Alpha Corp,166.55,54.83,132.8,In Transit
SHP-04097,2025-02-06,2025-02-07,2025-02-06,West,SpeedEx,WH-06,Global Partners,157.33,185.13,22.29,Delivered
SHP-03784,2024-02-21,2024-02-24,2024-02-25,South,ReliableCo,WH-02,Alpha Co,163.97,134.74,69.85,Delayed
SHP-02539,2025-04-11,2025-04-14,2025-04-14,South,FastShip,WH-09,Global Partners,186.01,160.26,42.06,Delivered
SHP-01700,2024-02-11,2024-02-14,2024-02-15,North,GlobalFreight,WH-10,Alpha Enterprises,616.15,317.54,47.54,Delivered
SHP-01533,2024-04-27,2024-04-28,2024-04-28,Central,FastShip,WH-01,Omega Enterprises,149.95,134.25,13.69,Delivered
SHP-00394,2024-09-04,2024-09-06,2024-09-06,South,ReliableCo,WH-03,Delta Corp,291.82,246.09,19.59,Delivered
SHP-04032,2024-04-24,2024-04-26,2024-04-26,East,ReliableCo,WH-01,Prime Ltd,401.07,407.78,44.66,Delivered
SHP-03655,2024-02-21,2024-02-22,2024-02-22,East,QuickMove,WH-04,Beta Corp,168.46,139.8,30.87,Delivered
SHP-03139,2025-06-10,2025-06-12,2025-06-12,East,GlobalFreight,WH-08,Global Co,335.04,157.33,7.05,Delivered
SHP-02016,2025-02-01,2025-02-03,2025-02-04,Central,FastShip,WH-09,Acme Enterprises,260.65,162.79,40.33,Delivered
SHP-00133,2025-05-25,2025-05-28,2025-05-28,South,SpeedEx,WH-09,Acme Corp,285.95,360.2,6.28,Delivered
SHP-01698,2025-03-10,2025-03-11,2025-03-11,East,SpeedEx,WH-08,Acme Ltd,126.55,136.41,14.62,Delayed
SHP-03258,2025-02-01,2025-02-04,2025-02-04,Central,GlobalFreight,WH-01,Global Inc,172.06,129.56,13.45,Delayed
SHP-04998,2024-03-31,2024-04-03,2024-04-03,East,ReliableCo,WH-03,Global Group,830.43,827.59,14.47,Delivered
SHP-00585,2025-06-29,2025-06-30,2025-06-30,East ,GlobalFreight,WH-05,Sigma Corp,330.43,198.96,12.65,Delivered
SHP-04603,2025-06-11,2025-06-13,2025-06-13,North,ReliableCo,WH-01,Global Inc,95.52,92.51,30.56,Delivered
SHP-04911,2025-06-22,2025-06-23,2025-06-22,North,Fast Ship,WH-09,Beta Enterprises,250.11,154.53,25.66,Delayed
SHP-04765,2025-03-19,2025-03-20,2025-03-20,Central,Speed Ex,WH-04,Delta Partners,185.51,313.26,13.33,Delivered
SHP-00288,2024-11-01,2024-11-05,2024-11-05,Central,Speed Ex,WH-01,Global LLC,636.96,542.78,4.45,Delivered
SHP-04445,2024-03-15,2024-03-17,2024-03-17,North,GlobalFreight,WH-05,Alpha Partners,335.26,167.85,17.31,Delivered
SHP-03183,2024-03-27,2024-03-30,2024-03-30,East,QuickMove,WH-09,Prime Industries,252.08,132.15,29.95,Delivered
SHP-01506,2024-05-08,2024-05-10,2024-05-10,East,GlobalFreight,WH-09,Acme Co,284.2,383.0,16.57,In Transit
SHP-01438,2025-02-07,2025-02-10,2025-02-09,Central,GlobalFreight,WH-08,Acme Partners,242.08,141.96,8.47,Delivered
SHP-01938,2024-01-15,2024-01-18,2024-01-19,West,FastShip,WH-04,Prime Partners,379.13,323.51,25.07,Delivered
SHP-04900,2024-08-14,2024-08-15,2024-08-16,South,ReliableCo,WH-04,Delta Solutions,294.22,269.63,29.46,Delayed
SHP-00995,2024-12-25,2024-12-27,2024-12-28,East,QuickMove,WH-10,Sigma Corp,331.54,250.91,9.63,Delivered
SHP-02519,2024-01-06,2024-01-08,2024-01-09,North,QuickMove,WH-08,Beta Partners,442.62,350.46,16.16,Delivered
SHP-02698,2024-04-21,2024-04-23,2024-04-23,East,GlobalFreight,WH-10,Sigma Inc,86.03,44.94,14.18,Delayed
SHP-02975,2024-12-11,2024-12-12,2024-12-12,Central,GlobalFreight,WH-03,Acme Corp,200.59,17.44,41.51,Delivered
SHP-04397,2025-03-10,2025-03-12,2025-03-13,East,QuickMove,WH-04,Sigma Industries,193.74,119.88,23.28,Delivered
SHP-03549,2025-06-21,2025-06-22,2025-06-23,East,SpeedEx,WH-01,Delta Group,201.64,164.84,17.15,In Transit
SHP-02577,2025-04-13,2025-04-14,2025-04-14,South,FastShip,WH-02,Alpha Co,282.38,240.64,26.32,In Transit
SHP-01816,2024-02-22,2024-02-26,2024-02-26,CENTRAL,QuickMove,WH-01,Delta Industries,804.47,594.23,52.01,Delivered
SHP-03981,2024-06-14,2024-06-16,2024-06-16,South,QuickMove,WH-05,Prime Inc,264.97,222.1,46.14,Delivered
SHP-01053,2025-02-17,2025-02-20,2025-02-20,North,GlobalFreight,WH-10,Sigma Enterprises,146.33,76.55,13.78,Delivered
SHP-01243,2024-04-20,2024-04-22,2024-04-23,North,SpeedEx,WH-02,Beta Corp,205.06,303.94,18.98,Delayed
SHP-02846,2025-03-10,2025-03-11,2025-03-11,East,SpeedEx,WH-08,Sigma Ltd,326.13,242.18,7.43,Delivered
SHP-04981,2025-03-10,2025-03-11,2025-03-12,South,ReliableCo,WH-05,Acme Co,76.47,30.05,17.12,Delivered
SHP-04978,2025-01-19,2025-01-21,2025-01-21,South,GlobalFreight,WH-05,Beta Industries,299.91,128.3,5.55,Delivered
SHP-02765,2024-02-11,2024-02-13,2024-02-13,North,SpeedEx,WH-02,Alpha LLC,147.86,141.5,35.54,Delivered
SHP-04442,2025-03-11,2025-03-15,2025-03-16,South,SpeedEx,WH-01,Delta Enterprises,422.14,503.29,20.99,In Transit
SHP-02674,2024-10-30,2024-11-02,2024-11-03,South,GlobalFreight,WH-02,Omega LLC,464.58,374.18,9.45,Delivered
SHP-04303,2025-01-16,2025-01-19,2025-01-19,East,Fast Ship,WH-02,Beta Co,140.63,101.93,19.23,Delivered
SHP-04571,2024-07-29,2024-07-30,2024-07-31,Central,ReliableCo,WH-05,Beta Solutions,60.77,38.28,40.91,Delivered
SHP-03964,2025-05-24,2025-05-26,2025-05-26,South,QuickMove,WH-09,Global Inc,125.72,76.14,25.19,Delivered
SHP-01724,2025-04-16,2025-04-19,2025-04-19,North,FastShip,WH-08,Beta Enterprises,115.97,86.26,13.77,In Transit
SHP-03013,2024-09-20,2024-09-22,2024-09-22,East,QuickMove,WH-04,Omega LLC,450.57,363.85,,Delayed
SHP-02120,2024-05-17,2024-05-20,2024-05-20,South,FastShip,WH-05,Beta Industries,268.14,316.98,7.82,Delivered
SHP-01428,2024-03-20,2024-03-23,2024-03-24,North,FastShip,WH-06,Omega Ltd,153.84,132.77,9.72,In Transit
SHP-01944,2024-12-16,2024-12-19,2024-12-20,East,ReliableCo,WH-05,Beta Corp,205.56,187.71,30.62,Delivered
SHP-04995,2024-06-30,2024-07-02,2024-07-01,Central,FastShip,WH-04,Alpha Partners,156.7,149.97,25.27,In Transit
SHP-03008,2024-03-09,2024-03-11,2024-03-12,North,QuickMove,WH-07,Global Industries,105.41,78.33,8.83,Delayed
SHP-01324,2024-04-29,2024-05-01,2024-05-01,East,GlobalFreight,WH-01,Global Enterprises,99.71,99.4,17.84,Delivered
SHP-01205,2024-01-29,2024-02-02,2024-02-02,West,SpeedEx,WH-01,Delta Corp,540.37,679.19,16.52,Delayed
SHP-01271,2024-06-24,2024-06-27,2024-06-27,North,FastShip,WH-10,Acme Ltd,134.81,,9.5,Delivered
SHP-03779,2025-05-25,2025-05-27,2025-05-25,East,GlobalFreight,WH-01,Global Enterprises,201.93,64.64,12.94,Delivered
SHP-03455,2024-05-05,2024-05-08,2024-05-08,West,QuickMove,WH-07,Acme Solutions,257.34,191.51,22.62,Delivered
SHP-00539,2024-04-25,2024-04-28,2024-04-28,West,FastShip,WH-07,Global Co,247.78,163.77,13.05,Delivered
SHP-01617,2024-12-22,2024-12-25,2024-12-26,west,GlobalFreight,WH-02,Global Group,118.55,40.91,14.32,Delivered
SHP-02154,2024-03-08,2024-03-11,2024-03-11,South,FastShip,WH-07,Prime Industries,279.01,236.65,10.13,In Transit
SHP-04305,2024-09-11,2024-09-12,2024-09-13,South,SpeedEx,WH-10,Sigma Solutions,276.55,290.21,9.12,Delayed
SHP-04773,2024-05-13,2024-05-14,2024-05-13,East,GlobalFreight,WH-08,Prime Partners,86.92,14.67,14.35,Delivered
SHP-01439,2024-05-20,2024-05-24,2024-05-23,Central,FastShip,WH-04,Global Industries,563.73,462.62,9.68,Delivered
SHP-01184,2025-02-14,2025-02-15,2025-02-15,Central,SpeedEx,WH-04,Acme Enterprises,130.62,153.19,39.27,Delivered
SHP-01213,2024-11-24,2024-11-27,2024-11-27,East,ReliableCo,WH-04,Alpha Partners,174.67,39.31,119.62,Delivered
SHP-04322,2024-03-09,2024-03-12,2024-03-13,North,ReliableCo,WH-08,Delta Ltd,401.2,249.92,11.88,Delivered
SHP-04188,2024-04-02,2024-04-05,2024-04-05,Central,GlobalFreight,WH-08,Sigma LLC,226.33,285.94,44.45,Delivered
SHP-03680,2024-07-30,2024-08-01,2024-08-01,EAST,FastShip,WH-08,Sigma LLC,215.38,175.0,29.08,Delivered
SHP-02139,2024-02-02,2024-02-03,2024-02-03,West,ReliableCo,WH-01,Sigma Enterprises,335.69,315.07,22.8,Delayed
SHP-01534,2025-06-02,2025-06-06,2025-06-07,South,QuickMove,WH-07,Global Co,750.82,465.34,9.0,Delivered
SHP-00291,2024-02-05,2024-02-07,2024-02-08,Central,ReliableCo,WH-07,Beta Solutions,54.62,25.78,6.35,Delivered
SHP-03419,2024-10-10,2024-10-13,2024-10-13,Central,SpeedEx,WH-09,Beta Inc,1078.32,1128.32,36.82,Delivered
SHP-00487,2024-02-08,2024-02-11,2024-02-11,South,ReliableCo,,Sigma Industries,355.29,293.27,19.68,Delivered
SHP-00253,2025-02-25,2025-02-28,2025-03-01,South,ReliableCo,WH-09,Delta Corp,459.31,465.5,23.07,Delivered
SHP-03755,2024-07-29,2024-07-31,2024-08-01,South,GlobalFreight,WH-10,Sigma Partners,161.93,49.07,17.33,Delivered
SHP-03868,2024-09-05,2024-09-07,2024-09-07,North,GlobalFreight,WH-07,Sigma Enterprises,171.83,131.51,9.97,Delivered
SHP-00351,2024-11-16,2024-11-18,2024-11-19,West,SpeedEx,WH-01,Omega LLC,130.56,182.32,33.22,Delivered
SHP-00458,2025-05-12,2025-05-15,2025-05-15,West,SpeedEx,WH-07,Global Corp,230.64,294.54,23.65,Delivered
SHP-04278,2024-09-04,2024-09-07,2024-09-06,North,FastShip,WH-01,Prime Industries,467.46,362.35,5.86,Delivered
SHP-02332,2024-11-20,2024-11-21,2024-11-21,West,SpeedEx,WH-10,Acme Ltd,102.79,92.58,42.61,Delivered
SHP-02374,2024-12-31,2025-01-02,2025-01-02,Central,QuickMove,WH-05,Omega Corp,188.75,114.64,8.61,Delayed
SHP-00091,2025-05-19,2025-05-20,2025-05-22,West,FastShip,WH-06,Prime Partners,334.16,278.58,26.61,In Transit
SHP-03198,2025-01-17,2025-01-19,2025-01-20,West,FastShip,WH-07,Sigma LLC,136.2,,68.29,Delivered
SHP-03706,2024-09-02,2024-09-04,2024-09-04,Central,SpeedEx,WH-08,Global Inc,100.05,130.7,28.14,Delivered
SHP-02211,2025-03-22,2025-03-23,2025-03-24,Central,ReliableCo,WH-03,Sigma Co,160.13,117.85,16.43,Delivered
SHP-03107,2024-02-03,2024-02-05,2024-02-05,West,FastShip,WH-04,Acme LLC,201.87,149.91,21.32,Delivered
SHP-00027,2025-06-05,2025-06-08,2025-06-08,Central,QuickMove,WH-05,Delta LLC,222.12,197.38,22.7,Delivered
SHP-00498,2025-03-15,2025-03-18,2025-03-19,South,GlobalFreight,WH-08,Beta Group,166.52,139.9,34.06,Delivered
SHP-02816,2024-04-22,2024-04-24,2024-04-24,North,reliable co,WH-05,Sigma Ltd,175.57,129.99,7.71,Delivered
SHP-00556,2024-08-25,2024-08-28,2024-08-28,Central,QuickMove,WH-05,Omega Enterprises,197.35,152.83,17.69,Delayed
SHP-03858,2024-08-21,2024-08-23,2024-08-24,Central,Quick Move,WH-10,Acme Corp,222.95,141.48,30.28,In Transit
SHP-04258,2024-07-21,2024-07-23,2024-07-24,East,QuickMove,WH-10,Omega Solutions,201.7,142.83,26.47,Delivered
SHP-00811,2024-03-10,2024-03-11,2024-03-13,Central,GlobalFreight,WH-10,Sigma Group,246.53,24.51,42.14,Delivered
SHP-01601,2025-01-25,2025-01-28,2025-01-28,West,GlobalFreight,WH-02,Delta Solutions,298.29,146.25,28.59,In Transit
SHP-00894,2024-05-13,2024-05-14,2024-05-15,South,ReliableCo,WH-10,Alpha LLC,296.63,147.12,24.55,Delivered
SHP-03902,2024-11-01,2024-11-04,2024-11-05,South,GlobalFreight,WH-02,Global Inc,156.79,105.58,36.76,Delivered
SHP-02365,2024-12-17,2024-12-20,2024-12-20,Central,GlobalFreight,WH-04,Acme Partners,391.04,357.27,17.44,In Transit
SHP-01753,2024-09-04,2024-09-08,2024-09-10,South,QuickMove,WH-09,Alpha Group,548.91,400.23,20.54,Delivered
SHP-04430,2024-01-07,2024-01-09,2024-01-09,North,GlobalFreight,WH-01,Alpha Industries,491.06,282.49,32.49,Delivered
SHP-03341,2025-04-24,2025-04-25,2025-04-24,Central,SpeedEx,WH-03,Beta Partners,220.34,196.85,10.95,Delivered
SHP-00255,2024-12-07,2024-12-09,2024-12-09,North,ReliableCo,WH-07,Delta LLC,165.53,113.54,27.03,Delivered
SHP-04471,2025-01-14,2025-01-17,2025-01-18,West,ReliableCo,WH-10,Acme Group,264.6,218.43,27.4,Delivered
SHP-02999,2024-07-23,2024-07-24,2024-07-24,Central,QuickMove,WH-02,Acme Ltd,191.77,142.9,8.79,In Transit
SHP-04921,2024-07-14,2024-07-18,2024-07-18,East,FastShip,WH-08,Omega Corp,445.04,331.42,57.51,Delivered
SHP-04360,2025-02-19,2025-02-23,2025-02-22,South,ReliableCo,WH-07,Beta Corp,1568.72,1028.91,7.47,Delivered
SHP-02560,2024-10-20,2024-10-23,2024-10-23,South,FastShip,WH-02,Sigma Corp,491.22,306.59,36.16,Delivered
SHP-01481,2025-01-07,2025-01-11,2025-01-11,West,FastShip,WH-03,Prime Industries,518.72,491.03,21.27,Returned
SHP-02804,2024-10-19,2024-10-21,2024-10-21,Central,SpeedEx,WH-05,Omega Partners,366.98,450.15,43.74,Delivered
SHP-04688,2024-04-06,2024-04-07,2024-04-08,East,FastShip,WH-09,Omega Inc,371.36,275.7,18.54,In Transit
SHP-02641,2024-11-26,2024-11-27,2024-11-28,Central,GlobalFreight,WH-08,Prime Co,188.09,114.98,18.06,Delayed
SHP-04700,2024-12-15,2024-12-16,2024-12-16,West,GlobalFreight,WH-10,Sigma Enterprises,148.05,14.89,51.42,Delivered
SHP-00316,2025-02-19,2025-02-22,2025-02-23,North,FastShip,WH-10,Prime Co,342.06,318.4,10.54,Delivered
SHP-03304,2024-11-15,2024-11-18,2024-11-18,South,QUICKMOVE,WH-01,Omega Ltd,264.56,170.47,28.85,In Transit
SHP-01273,2024-01-19,2024-01-22,2024-01-22,West,FastShip,WH-08,Delta Industries,257.42,148.5,12.26,In Transit
SHP-02562,2024-07-06,2024-07-10,2024-07-10,North,QuickMove,WH-02,Beta Enterprises,647.5,366.98,31.25,Delivered
SHP-04039,2024-11-27,2024-11-28,2024-11-28,East,QuickMove,WH-03,Sigma Solutions,182.34,149.67,11.68,Delivered
SHP-04705,2025-02-18,2025-02-22,2025-02-23,West,FastShip,WH-02,Acme Ltd,624.91,499.51,11.49,Delivered
SHP-03185,2024-09-27,2024-09-28,2024-09-28,North,FastShip,WH-01,Acme Corp,154.19,183.66,38.79,Delivered
SHP-00070,2025-03-26,2025-03-29,2025-03-29,NORTH,ReliableCo,WH-04,Delta Industries,275.73,210.65,15.34,Delivered
SHP-04824,2024-03-26,2024-03-27,2024-03-27,Central,ReliableCo,WH-05,Alpha Industries,229.22,137.33,7.95,Delivered
SHP-01048,2024-08-14,2024-08-17,2024-08-17,Central,ReliableCo,WH-01,Alpha Enterprises,190.57,158.01,24.15,Delivered
SHP-04223,2024-06-08,2024-06-11,2024-06-11,Central,Quick Move,WH-08,Delta Group,202.48,148.92,30.36,Delivered
SHP-02329,2024-05-29,2024-06-02,2024-06-02,North,ReliableCo,WH-07,Acme Ltd,467.26,338.32,6.85,Delivered
SHP-03012,2025-05-26,2025-05-30,2025-05-30,East,QuickMove,WH-05,Global Corp,666.98,510.58,25.29,Delivered
SHP-03174,2024-05-17,2024-05-20,2024-05-21,west,FastShip,WH-01,Beta Co,197.97,147.98,43.64,Delayed
SHP-00812,2024-03-05,2024-03-07,2024-03-08,West,QuickMove,WH-03,Beta Ltd,220.59,164.15,12.02,Delivered
SHP-04011,2024-07-10,2024-07-11,2024-07-11,East,SpeedEx,WH-04,Beta Inc,274.18,240.89,16.71,Delivered
SHP-00473,2024-09-11,2024-09-12,2024-09-12,North,SpeedEx,WH-05,Alpha Co,184.14,227.7,20.18,Delivered
SHP-02288,2024-04-16,2024-04-18,2024-04-19,Central,FastShip,WH-10,Alpha Inc,179.54,170.35,23.63,Delayed
SHP-03709,2024-06-15,2024-06-16,2024-06-16,North,SpeedEx,WH-05,Beta Solutions,331.12,249.71,18.44,Delivered
SHP-00472,2025-02-04,2025-02-05,2025-02-06,West,FastShip,WH-03,Prime Partners,240.85,175.47,27.03,Delayed
SHP-04505,2024-02-04,2024-02-05,2024-02-05,North,SpeedEx,WH-10,Prime Partners,163.55,179.3,8.17,Delayed
SHP-03050,2024-11-04,2024-11-05,2024-11-05,North,ReliableCo,WH-01,Sigma Corp,164.83,95.65,20.33,Delayed
SHP-03740,2024-06-11,2024-06-12,2024-06-12,South,GlobalFreight,WH-08,Omega Industries,236.54,96.65,24.47,Delivered
SHP-00388,2025-03-20,2025-03-23,2025-03-23,East,FastShip,WH-09,Alpha LLC,387.47,,17.42,Delivered
SHP-04658,2024-06-11,2024-06-14,2024-06-14,West,GlobalFreight,WH-01,Delta Solutions,157.68,92.92,12.8,Delayed
SHP-02504,2024-09-09,2024-09-10,2024-09-10,South,GlobalFreight,WH-04,Alpha LLC,111.11,94.1,20.68,Delayed
SHP-04817,2024-03-22,2024-03-25,2024-03-26,Central,GlobalFreight,WH-03,Delta Co,177.1,89.27,9.08,Delayed
SHP-02196,2024-12-14,2024-12-16,2024-12-17,NORTH,QuickMove,WH-05,Alpha Ltd,157.46,128.86,8.89,Delivered
SHP-04332,2024-09-03,2024-09-06,2024-09-07,South,ReliableCo,WH-02,Acme Co,571.83,363.85,16.43,In Transit
SHP-01198,2024-08-14,2024-08-17,2024-08-18,North,QuickMove,WH-06,Prime Corp,69.81,47.01,15.18,Delivered
SHP-03684,2024-10-18,2024-10-19,2024-10-20,East,QuickMove,WH-06,Omega Ltd,239.19,168.57,6.34,Delivered
SHP-00411,2025-04-21,2025-04-22,2025-04-24,North,SpeedEx,WH-07,Acme Ltd,248.27,268.16,27.57,Delivered
SHP-01426,2025-05-23,2025-05-24,2025-05-24,West,FastShip,WH-05,Delta Partners,240.98,206.94,13.16,Delivered
SHP-00110,2025-01-11,2025-01-14,2025-01-13,West,QuickMove,WH-04,Prime Enterprises,650.13,344.35,19.32,Delivered
SHP-04711,2024-12-11,2024-12-13,2024-12-13,EAST,SpeedEx,WH-01,Acme Co,200.91,294.29,24.25,Delayed
SHP-02458,2025-02-02,2025-02-04,2025-02-04,South,Speed Ex,WH-07,Global Ltd,334.79,283.0,11.36,Delivered
SHP-04336,2024-07-10,2024-07-12,2024-07-14,South,ReliableCo,WH-07,Beta Solutions,174.8,106.97,27.35,Delayed
SHP-01169,2024-07-16,2024-07-19,2024-07-19,West,GLOBALFREIGHT,WH-05,Beta Industries,326.41,276.42,10.24,Delivered
SHP-02649,2024-04-26,2024-04-29,2024-04-30,Central,ReliableCo,WH-07,Omega Inc,233.06,190.46,28.5,Delivered
SHP-01232,2024-03-10,2024-03-13,2024-03-13,West,speedex,WH-03,Beta LLC,320.04,316.15,23.74,Delivered
SHP-02771,2024-11-01,2024-11-04,2024-11-05,Central,SpeedEx,WH-05,Delta Industries,417.13,515.15,14.86,In Transit
SHP-04491,2024-02-29,2024-03-02,2024-03-02,North,ReliableCo,WH-05,Alpha Solutions,511.32,258.97,32.68,Delivered
SHP-00222,2024-10-27,2024-10-29,2024-10-31,West,ReliableCo,WH-06,Alpha Solutions,368.39,319.31,15.62,In Transit
SHP-03155,2024-12-26,2024-12-28,2024-12-29,East,ReliableCo,WH-01,Alpha Group,668.84,555.19,23.8,In Transit
SHP-01371,2024-05-17,2024-05-21,2024-05-22,South,QuickMove,WH-04,Delta Group,793.06,561.71,20.61,Delivered
SHP-01435,2024-05-20,2024-05-22,2024-05-23,East,ReliableCo,WH-02,Omega Industries,346.4,216.29,21.53,Delivered
SHP-03893,2024-12-03,2024-12-06,2024-12-06,South,SpeedEx,WH-05,Delta Corp,83.32,43.75,70.86,Delivered
SHP-01483,2024-04-12,2024-04-14,2024-04-14,West,SpeedEx,,Beta Co,497.0,426.59,11.5,Delayed
SHP-02616,2024-01-01,2024-01-02,2024-01-02,Central,QuickMove,WH-08,Prime Partners,114.44,72.25,11.11,Delivered
SHP-01972,2025-05-07,2025-05-09,2025-05-10,West,ReliableCo,WH-03,Omega Inc,266.39,262.16,6.3,Delivered
SHP-01860,2025-03-29,2025-04-01,2025-04-02,Central,ReliableCo,WH-05,Delta Group,153.93,68.84,31.24,Delivered
SHP-04460,2024-09-28,2024-10-01,2024-10-01,Central,GlobalFreight,WH-06,Beta Enterprises,319.59,261.73,17.72,Delivered
SHP-02534,2024-01-09,2024-01-10,2024-01-10,Central,ReliableCo,WH-01,Acme Group,146.45,79.02,14.4,In Transit
SHP-02908,2024-02-27,2024-03-02,2024-03-03,Central,ReliableCo,WH-09,Omega Industries,1102.11,1155.88,15.94,Delivered
SHP-04904,2024-09-23,2024-09-25,2024-09-26,Central,FastShip,WH-09,Beta Corp,257.19,253.27,50.07,In Transit
SHP-04178,2024-04-20,2024-04-21,2024-04-23,South,GlobalFreight,WH-10,Sigma Co,319.11,88.93,18.18,Delayed
SHP-02747,2024-06-26,2024-06-29,2024-06-30,West,SpeedEx,WH-01,Global Inc,431.18,653.81,17.72,Delivered
SHP-03995,2024-05-23,2024-05-24,2024-05-25,North,GlobalFreight,WH-06,Acme Corp,392.72,34.49,44.37,Delivered
SHP-00178,2024-04-22,2024-04-23,2024-04-24,West,GlobalFreight,WH-01,Alpha Industries,70.16,46.54,18.77,Delivered
SHP-02686,2025-03-09,2025-03-12,2025-03-13,south,QuickMove,WH-09,Sigma Enterprises,438.41,270.66,15.26,Delivered
SHP-03803,2025-02-11,2025-02-15,2025-02-16,East,SpeedEx,WH-07,Prime Solutions,1237.09,1650.39,14.44,Delayed
SHP-03406,2024-05-18,2024-05-22,2024-05-23,West,ReliableCo,WH-09,Sigma Group,579.94,504.38,33.68,Delivered
SHP-01721,2024-06-28,2024-06-29,2024-06-30,East,FastShip,WH-01,Prime Corp,273.74,202.75,17.6,Delivered
SHP-02664,2025-06-24,2025-06-26,2025-06-25,West,QuickMove,WH-06,Acme Solutions,193.92,119.25,55.6,Delayed
SHP-01057,2025-06-23,2025-06-24,2025-06-24,West,FastShip,WH-04,Global Solutions,107.34,121.32,26.94,Delivered
SHP-04272,2025-06-25,2025-06-28,2025-06-29,West,QuickMove,WH-06,Acme Corp,165.23,114.7,5.53,Delivered
SHP-03732,2024-12-10,2024-12-11,2024-12-11,East,ReliableCo,WH-08,Acme Ltd,239.5,204.89,30.66,Delivered
SHP-01236,2025-03-18,2025-03-21,2025-03-21,central,GlobalFreight,WH-10,Acme Solutions,348.05,217.48,12.06,Delivered
SHP-02894,2024-11-21,2024-11-24,2024-11-25,North,GlobalFreight,WH-04,Delta Industries,190.2,80.39,25.28,Delivered
SHP-01306,2025-01-02,2025-01-05,2025-01-06,West,GlobalFreight,WH-08,Sigma Ltd,713.99,380.23,10.48,Delivered
SHP-00734,2024-04-11,2024-04-14,2024-04-15,East,SpeedEx,WH-03,Omega Ltd,143.52,189.3,56.31,Delivered
SHP-03322,2024-10-29,2024-10-31,2024-11-01,North,Global Freight,WH-08,Global Co,192.63,184.02,24.04,Delayed
SHP-02971,2024-09-08,2024-09-11,2024-09-11,Central,GLOBALFREIGHT,WH-09,Delta Enterprises,257.24,128.76,21.25,Delayed
SHP-04849,2024-08-17,2024-08-20,2024-08-22,West,FastShip,WH-06,Beta Co,473.55,343.54,5.47,Delivered
SHP-00788,2025-05-13,2025-05-15,2025-05-15,East,FastShip,WH-01,Omega Ltd,228.97,223.55,15.51,Delivered
SHP-02952,2025-06-19,2025-06-22,2025-06-23,West,ReliableCo,WH-01,Prime Solutions,255.53,118.97,23.35,Delivered
SHP-00678,2025-02-26,2025-03-01,2025-03-03,West,ReliableCo,WH-05,Omega Group,198.18,116.19,58.71,Delivered
SHP-02147,2024-07-10,2024-07-13,2024-07-13,East,QuickMove,WH-03,Omega Solutions,208.61,184.91,4.49,Delivered
SHP-00220,2024-03-21,2024-03-23,2024-03-23,East,QuickMove,WH-01,Delta Enterprises,179.37,125.26,46.15,Returned
SHP-02099,2024-03-04,2024-03-07,2024-03-08,North,ReliableCo,WH-10,Omega Inc,629.22,366.54,37.6,Returned
SHP-02222,2024-04-18,2024-04-21,2024-04-21,North,SpeedEx,WH-07,Acme Ltd,694.22,822.44,18.36,Delivered
SHP-00044,2024-09-02,2024-09-04,2024-09-05,East,GlobalFreight,WH-10,Sigma Solutions,233.63,159.57,35.84,Delivered
SHP-00211,2025-05-06,2025-05-07,2025-05-09,South,QuickMove,WH-02,Sigma Industries,237.54,139.61,26.25,Delivered
SHP-04242,2024-03-14,2024-03-16,2024-03-16,West,ReliableCo,WH-07,Alpha LLC,196.71,133.81,41.38,Delivered
SHP-00355,2024-08-23,2024-08-24,2024-08-24,East,SpeedEx,WH-04,Beta Inc,253.21,375.28,28.66,Delivered
SHP-01021,2024-05-09,2024-05-12,2024-05-12,North,ReliableCo,WH-05,Delta Partners,357.88,388.56,5.27,Delayed
SHP-00545,2024-08-21,2024-08-24,2024-08-24,Central,FastShip,WH-04,Global Enterprises,93.26,107.58,20.18,Delivered
SHP-01437,2025-06-28,2025-06-29,2025-06-29,West,GlobalFreight,WH-03,Delta LLC,84.65,41.04,23.14,Delivered
SHP-00590,2024-07-01,2024-07-02,2024-07-02,East,QuickMove,WH-08,Beta Inc,196.06,102.42,26.74,Delivered
SHP-00368,2025-02-20,2025-02-22,2025-02-22,East,FastShip,WH-09,Alpha Industries,119.4,122.92,13.11,Delivered
SHP-04606,2025-04-19,2025-04-20,2025-04-20,West,GlobalFreight,WH-05,Global Solutions,158.41,160.55,15.54,Delivered
SHP-03795,2024-06-26,2024-06-28,2024-06-28,Central,FastShip,WH-03,Prime LLC,263.9,208.44,49.89,Delivered
SHP-04217,2024-12-07,2024-12-09,2024-12-09,EAST,SpeedEx,WH-02,Alpha Corp,169.5,290.22,15.82,Delivered
SHP-00136,2024-05-03,2024-05-06,2024-05-05,East,FastShip,WH-10,Alpha Corp,404.0,375.51,55.1,Delivered
SHP-01002,2024-12-26,2024-12-27,2024-12-27,East,GlobalFreight,WH-01,Delta Partners,107.76,0.01,12.92,Delayed
SHP-00048,2024-12-06,2024-12-09,2024-12-08,Central,ReliableCo,WH-05,Prime Corp,147.22,97.27,36.58,Delivered
SHP-04802,2025-04-01,2025-04-02,2025-04-02,South,SpeedEx,WH-05,Sigma Partners,271.7,303.15,15.45,Delayed
SHP-00766,2024-04-27,2024-04-28,2024-04-28,West,FastShip,WH-04,Global LLC,296.03,247.48,13.87,Delivered
SHP-03011,2024-03-17,2024-03-20,2024-03-20,North,SpeedEx,WH-10,Omega Co,297.72,320.2,35.41,Delivered
SHP-01486,2025-04-24,2025-04-25,2025-04-27,South,FastShip,WH-07,Alpha LLC,110.77,94.17,6.81,Delivered
SHP-02811,2024-08-20,2024-08-21,2024-08-22,East,GlobalFreight,WH-02,Global LLC,214.97,106.17,23.55,Delivered
SHP-03049,2024-04-10,2024-04-11,2024-04-12,West,QuickMove,WH-06,Prime Partners,286.15,220.56,28.63,Delivered
SHP-00062,2024-03-30,2024-04-01,2024-04-01,Central,GlobalFreight,WH-06,Acme Ltd,119.08,54.48,12.71,Delivered
SHP-03780,2025-05-20,2025-05-21,2025-05-21,West,ReliableCo,WH-05,Global Partners,198.26,122.6,87.29,In Transit
SHP-01667,2025-04-26,2025-04-29,2025-04-29,North,FastShip,WH-05,Prime Partners,158.86,105.16,17.28,Delivered
SHP-00096,2025-06-15,2025-06-18,2025-06-18,East,QuickMove,WH-02,Alpha Partners,147.85,72.09,13.9,In Transit
SHP-00479,2025-06-28,2025-06-30,2025-06-30,North,QuickMove,WH-09,Delta Inc,358.82,186.55,13.74,Delivered
SHP-01766,2025-04-23,2025-04-26,2025-04-27,South,GlobalFreight,WH-07,Acme Group,615.01,237.77,21.8,Delivered
SHP-00849,2024-05-27,2024-05-29,2024-05-29,North,SpeedEx,WH-09,Acme Solutions,234.07,372.9,7.61,Delivered
SHP-04435,2024-04-15,2024-04-17,2024-04-17,Central,SpeedEx,WH-03,Sigma Ltd,632.85,676.73,11.33,Delivered
SHP-00272,2024-11-14,2024-11-17,2024-11-17,Central,SpeedEx,WH-09,Delta Inc,307.71,417.74,23.74,Delivered
SHP-01908,2024-05-03,2024-05-05,2024-05-06,Central,ReliableCo,WH-01,Sigma LLC,93.34,90.03,11.05,Delivered
SHP-04550,2024-07-14,2024-07-17,2024-07-18,North,GlobalFreight,WH-10,Prime Co,406.78,164.14,,Delivered
SHP-00323,2024-05-23,2024-05-24,2024-05-23,East,FastShip,WH-07,Global Inc,126.21,114.64,115.02,Delivered
SHP-03960,2024-12-05,2024-12-07,2024-12-08,West,GlobalFreight,WH-03,Acme Corp,255.32,209.72,12.79,Delivered
SHP-02655,2025-04-15,2025-04-17,2025-04-17,East,ReliableCo,WH-03,Alpha Partners,306.19,308.11,5.35,In Transit
SHP-04681,2024-04-19,2024-04-21,2024-04-21,West,SpeedEx,WH-02,Beta LLC,328.81,311.11,5.27,Delivered
SHP-01780,2025-03-27,2025-03-31,2025-04-01,South,ReliableCo,WH-09,Sigma Industries,700.59,407.67,32.49,Delivered
SHP-04077,2024-02-26,2024-02-27,2024-02-28,North,SpeedEx,WH-02,Global Partners,182.74,170.42,6.86,In Transit
SHP-03246,2024-10-09,2024-10-11,2024-10-11,South,FastShip,WH-09,Acme Solutions,113.43,81.03,34.93,Delivered
SHP-04602,2024-06-28,2024-06-29,2024-06-28,Central,QuickMove,WH-07,Omega Solutions,366.9,305.36,22.02,Delivered
SHP-03918,2025-05-25,2025-05-27,2025-05-29,South,SpeedEx,WH-07,Sigma LLC,500.94,490.66,23.7,Delayed
SHP-02173,2024-12-10,2024-12-14,2024-12-15,East,SpeedEx,WH-08,Delta Enterprises,830.75,1019.85,23.13,Delivered
SHP-00292,2024-02-27,2024-03-01,2024-03-02,East,ReliableCo,WH-09,Alpha Solutions,451.94,464.07,29.81,Delivered
SHP-04648,2024-05-01,2024-05-04,2024-05-04,north,fastship,WH-01,Sigma LLC,120.58,142.43,5.27,Delivered
SHP-04129,2024-04-18,2024-04-21,2024-04-21,East,QuickMove,WH-10,Acme Partners,233.39,163.64,32.24,Delayed
SHP-00534,2024-04-03,2024-04-05,2024-04-05,East,GlobalFreight,WH-10,Global Partners,366.4,180.92,13.44,Delivered
SHP-01733,2025-02-23,2025-02-25,2025-02-25,North,QuickMove,WH-01,Omega Solutions,235.01,146.12,36.5,Delivered
SHP-01840,2024-08-08,2024-08-11,2024-08-11,Central,GlobalFreight,WH-05,Sigma LLC,294.03,71.28,78.29,Delivered
SHP-01118,2024-10-12,2024-10-14,2024-10-15,South,QuickMove,WH-06,Sigma Corp,260.99,191.12,49.34,Delivered
SHP-01706,2025-04-13,2025-04-16,2025-04-19,South,FastShip,WH-01,Global Co,808.53,581.99,29.67,Delivered
SHP-04306,2025-05-16,2025-05-19,2025-05-20,Central,ReliableCo,WH-06,Acme Inc,535.64,375.91,24.33,In Transit
SHP-01671,2024-12-19,2024-12-20,2024-12-21,West,QuickMove,WH-03,Beta Inc,202.52,156.25,19.38,Delayed
SHP-01596,2024-11-17,2024-11-21,2024-11-21,South,FastShip,WH-08,Delta Partners,841.08,649.92,18.38,Delivered
SHP-02079,2024-08-05,2024-08-08,2024-08-08,Central,SpeedEx,WH-01,Global Ltd,282.94,372.35,34.41,Delivered
SHP-00429,2024-09-29,2024-10-02,2024-10-03,South,QuickMove,WH-01,Omega Inc,66.45,42.96,18.85,Delivered
SHP-01042,2024-11-20,2024-11-21,2024-11-22,South,SpeedEx,WH-02,Alpha Solutions,188.73,193.58,16.9,Delivered
SHP-03626,2024-11-13,2024-11-15,2024-11-15,East,SpeedEx,WH-10,Omega Group,494.59,642.56,33.2,Delivered
SHP-03625,2024-04-10,2024-04-11,2024-04-12,North,SpeedEx,WH-10,Omega Co,165.41,206.08,32.24,Delivered
SHP-02805,2024-07-25,2024-07-28,2024-07-28,West,GlobalFreight,WH-07,Acme Ltd,474.7,376.23,15.36,Delivered
SHP-02888,2024-01-03,2024-01-06,2024-01-06,Central,SpeedEx,WH-07,Prime Ltd,584.73,826.38,18.86,In Transit
SHP-04585,2024-09-21,2024-09-24,2024-09-25,East,QuickMove,WH-08,Omega Group,151.11,138.6,15.68,Delivered
SHP-02708,2024-09-09,2024-09-10,2024-09-10,North,QuickMove,WH-10,Acme Group,175.62,148.15,24.51,Delivered
SHP-02693,2024-08-26,2024-08-28,2024-08-29,Central,FastShip,WH-01,Global Co,394.2,408.24,60.63,Delivered
SHP-04156,2025-04-13,2025-04-14,2025-04-15,North,QuickMove,WH-05,Prime Inc,168.84,140.66,15.84,Delivered
SHP-03640,2024-06-30,2024-07-02,2024-07-03,West,FastShip,WH-09,Prime Ltd,89.19,63.03,15.99,In Transit
SHP-01757,2024-01-27,2024-01-30,2024-01-30,East,FastShip,WH-01,Sigma Ltd,484.17,434.09,9.12,Delivered
SHP-03631,2025-04-17,2025-04-18,2025-04-18,East,FastShip,WH-09,Alpha Inc,331.11,297.29,,Delivered
SHP-04576,2025-03-20,2025-03-22,2025-03-22,East,QuickMove,WH-04,Acme LLC,308.03,174.99,17.99,Delivered
SHP-04976,2024-05-08,2024-05-11,2024-05-11,East,QuickMove,WH-08,Sigma Inc,263.16,135.46,23.88,In Transit
SHP-02604,2025-05-12,2025-05-13,2025-05-13,Central,speedex,WH-03,Delta Corp,128.71,141.7,17.53,Delivered
SHP-01376,2024-08-07,2024-08-09,2024-08-11,South,SpeedEx,WH-05,Delta Partners,373.11,425.85,7.63,Delivered
SHP-00747,2024-11-17,2024-11-18,2024-11-18,Central,Global Freight,WH-09,Delta Enterprises,90.66,51.06,21.44,Delivered
SHP-01898,2025-01-04,2025-01-06,2025-01-06,West,FastShip,WH-03,Delta Ltd,310.39,224.42,30.74,Delivered
SHP-03291,2024-09-06,2024-09-08,2024-09-09,North,FastShip,WH-06,Sigma Co,233.0,204.53,31.26,Delivered
SHP-01484,2025-01-23,2025-01-24,2025-01-23,west,QuickMove,WH-03,Beta Group,260.28,225.75,27.36,In Transit
SHP-04553,2025-04-10,2025-04-12,2025-04-12,East,SpeedEx,WH-06,Global Enterprises,208.99,99.99,43.99,Delivered
SHP-03811,2024-02-05,2024-02-06,2024-02-07,East,Reliable Co,WH-10,Delta Partners,313.62,272.35,31.07,Delivered
SHP-04110,2025-06-07,2025-06-10,2025-06-10,North,FastShip,WH-03,Global Enterprises,365.45,299.46,33.15,Delivered
SHP-03551,2025-03-03,2025-03-05,2025-03-05,East,ReliableCo,WH-02,Sigma Industries,105.68,51.18,22.55,Delivered
SHP-01943,2024-03-05,2024-03-06,2024-03-07,Central,SpeedEx,WH-09,Beta Group,371.03,490.82,17.41,Delivered
SHP-03887,2025-03-03,2025-03-06,2025-03-06,Central,QuickMove,WH-05,Omega Ltd,152.89,104.98,19.96,Delivered
SHP-01216,2025-05-02,2025-05-05,2025-05-05,South,QuickMove,WH-10,Omega Inc,183.92,116.11,7.8,Delivered
SHP-01026,2024-09-05,2024-09-06,2024-09-06,North,SpeedEx,WH-03,Delta Partners,99.47,143.02,37.35,Delivered
SHP-01741,2024-07-29,2024-08-02,2024-08-02,Central,GlobalFreight,WH-08,Global Solutions,478.19,358.48,15.81,Delivered
SHP-00953,2024-05-18,2024-05-21,2024-05-22,East,QuickMove,WH-10,Delta Corp,362.49,217.71,26.95,Delivered
SHP-04775,2025-02-27,2025-03-02,2025-03-02,South,SpeedEx,WH-06,Alpha Enterprises,553.45,678.51,21.32,Delivered
SHP-00071,2025-01-02,2025-01-05,2025-01-06,East,SpeedEx,WH-04,Sigma Industries,261.94,391.99,8.44,Delivered
SHP-03327,2024-01-10,2024-01-11,2024-01-11,West,QuickMove,WH-01,Sigma Corp,80.02,52.13,6.39,Delivered
SHP-04570,2025-05-24,2025-05-25,2025-05-25,NORTH,FastShip,WH-03,Prime Corp,175.96,116.32,25.79,Delivered
SHP-02253,2024-11-19,2024-11-22,2024-11-23,East,GlobalFreight,WH-01,Sigma Enterprises,293.86,206.44,8.09,In Transit
SHP-03308,2024-12-18,2024-12-20,2024-12-20,Central,QuickMove,WH-08,Global Industries,172.13,92.87,22.61,Delayed
SHP-03612,2024-06-22,2024-06-24,2024-06-23,East,GlobalFreight,WH-02,Global Co,190.85,111.55,10.9,Delivered
SHP-03318,2024-08-05,2024-08-06,2024-08-06,East,QuickMove,WH-01,Alpha Group,217.73,142.1,17.69,Delivered
SHP-03538,2024-08-19,2024-08-21,2024-08-21,EAST,QuickMove,WH-03,Prime Corp,377.54,257.42,16.89,Delivered
SHP-03771,2025-02-23,2025-02-26,2025-02-27,North,FastShip,WH-06,Acme Solutions,213.88,182.95,22.12,Delivered
SHP-02216,2024-03-03,2024-03-06,2024-03-07,South,FastShip,WH-10,Delta Industries,292.24,229.73,6.3,In Transit
SHP-01225,2024-04-02,2024-04-05,2024-04-05,North,QuickMove,WH-09,Beta Enterprises,88.85,68.15,30.65,Delayed
SHP-01341,2024-11-14,2024-11-16,2024-11-17,South,FastShip,WH-09,Beta LLC,237.99,204.5,10.49,Delivered
SHP-02019,2024-12-29,2025-01-01,2025-01-01,East,GlobalFreight,WH-02,Omega Ltd,168.84,0.01,,Delivered
SHP-04943,2024-10-23,2024-10-26,2024-10-26,North,QuickMove,WH-09,Sigma Co,434.95,253.4,13.37,Delivered
SHP-02322,2024-01-09,2024-01-11,2024-01-10,South,ReliableCo,WH-03,Delta Corp,275.5,230.23,26.42,Delivered
SHP-00643,2024-01-31,2024-02-04,2024-02-05,South,GLOBALFREIGHT,WH-10,Alpha LLC,409.55,250.43,7.29,Delayed
SHP-03829,2025-03-14,2025-03-16,2025-03-16,East,QuickMove,WH-01,Global Enterprises,586.55,374.15,5.25,Delivered
SHP-03340,2025-03-29,2025-03-31,2025-03-30,East,FastShip,WH-03,Acme Inc,178.9,111.61,40.22,Delivered
SHP-03486,2025-03-20,2025-03-21,2025-03-21,East,GlobalFreight,WH-02,Prime Corp,353.29,0.01,13.93,In Transit
SHP-02324,2025-01-08,2025-01-09,2025-01-09,Central,QuickMove,WH-06,Alpha LLC,95.57,85.56,10.01,Delivered
SHP-03231,2024-10-17,2024-10-18,2024-10-19,West,SpeedEx,WH-09,Delta LLC,123.8,120.09,3.3,Delivered
SHP-03502,2024-04-08,2024-04-12,2024-04-12,West,GlobalFreight,WH-04,Global Industries,1083.98,622.75,7.91,In Transit
SHP-04014,2025-04-15,2025-04-17,2025-04-17,East,FastShip,WH-05,Global Co,96.69,87.68,13.83,Delivered
SHP-03177,2024-06-18,2024-06-20,2024-06-21,West,GLOBALFREIGHT,WH-07,Global Solutions,332.42,137.46,7.9,Delivered
SHP-01955,2024-01-18,2024-01-20,2024-01-20,Central,GlobalFreight,WH-10,Delta Inc,172.89,80.46,23.66,Delivered
SHP-03334,2025-01-30,2025-02-01,2025-02-02,East,SpeedEx,WH-10,Acme Industries,328.1,443.2,48.71,Delayed
SHP-04740,2024-02-09,2024-02-12,2024-02-13,South,SpeedEx,WH-10,Omega Co,286.24,395.48,10.16,Delivered
SHP-03245,2024-03-06,2024-03-08,2024-03-08,East,SpeedEx,WH-06,Omega Partners,392.14,482.8,10.86,Delivered
SHP-02813,2024-06-29,2024-07-01,2024-07-01,North,QuickMove,WH-07,Global Ltd,514.1,425.85,18.68,Delivered
SHP-01631,2024-10-24,2024-10-26,2024-10-26,Central,GlobalFreight,WH-02,Omega Enterprises,198.56,97.18,35.34,Delivered
SHP-01505,2025-06-22,2025-06-25,2025-06-26,North,FastShip,WH-10,Acme Enterprises,904.28,748.65,39.44,Delivered
SHP-03065,2025-01-30,2025-02-01,2025-02-02,west,QuickMove,WH-07,Acme Enterprises,399.27,228.69,33.09,Delivered
SHP-03474,2024-11-25,2024-11-28,2024-11-29,South,ReliableCo,WH-03,Global Ltd,230.71,194.46,29.89,Delivered
SHP-03493,2025-04-07,2025-04-08,2025-04-07,West,FastShip,WH-10,Prime LLC,135.66,110.13,33.64,Delivered
SHP-03675,2024-03-12,2024-03-13,2024-03-13,Central,ReliableCo,WH-04,Global Corp,289.01,,7.3,Delivered
SHP-02318,2025-01-03,2025-01-06,2025-01-06,North,Fast Ship,WH-05,Beta Industries,715.04,768.2,49.15,Delivered
SHP-00234,2025-02-13,2025-02-15,2025-02-14,East,ReliableCo,WH-07,Sigma Group,102.64,86.01,14.13,Delayed
SHP-04617,2025-06-15,2025-06-19,2025-06-19,South,QuickMove,WH-05,Prime Co,583.31,412.87,14.9,Delivered
SHP-03948,2024-10-24,2024-10-25,2024-10-25,South,ReliableCo,WH-01,Alpha Ltd,118.71,,8.69,Delivered
SHP-00634,2024-05-17,2024-05-20,2024-05-20,North,QuickMove,WH-05,Delta Enterprises,341.49,224.79,16.34,Delivered
SHP-01789,2024-08-31,2024-09-01,2024-09-02,North,ReliableCo,WH-05,Beta Ltd,144.6,97.3,4.71,Delivered
SHP-00416,2024-03-06,2024-03-10,2024-03-11,West,ReliableCo,WH-10,Omega Industries,539.3,175.61,13.13,Delivered
SHP-04728,2024-06-26,2024-06-28,2024-06-30,South,GlobalFreight,WH-02,Sigma LLC,292.45,251.89,3.79,Delivered
SHP-03660,2024-03-02,2024-03-05,2024-03-05,East,ReliableCo,WH-06,Sigma Co,356.6,,13.35,Delivered
SHP-02283,2024-06-28,2024-07-01,2024-07-02,East,SpeedEx,WH-09,Sigma Inc,344.57,484.17,82.23,In Transit
SHP-04535,2025-01-10,2025-01-11,2025-01-11,East,ReliableCo,WH-05,Prime Corp,160.08,88.01,61.58,Delivered
SHP-02584,2024-03-31,2024-04-04,2024-04-04,East,fastship,WH-09,Global Inc,763.04,671.48,19.17,Delivered
SHP-00808,2024-01-09,2024-01-12,2024-01-13,East,FastShip,WH-04,Omega Enterprises,390.57,307.5,4.86,In Transit
SHP-00018,2024-10-25,2024-10-27,2024-10-27,North,SpeedEx,WH-10,Acme Partners,303.99,361.85,58.95,Delivered
SHP-01245,2024-07-28,2024-07-30,2024-07-30,East,GlobalFreight,WH-07,Global Group,559.52,401.11,4.24,Delivered
SHP-02918,2024-02-21,2024-02-22,2024-02-21,West,ReliableCo,WH-01,Sigma LLC,230.78,98.62,20.19,In Transit
SHP-04352,2024-01-26,2024-01-28,2024-01-28,Central,GlobalFreight,WH-07,Beta Partners,204.04,114.32,21.31,Delivered
SHP-01942,2024-01-26,2024-01-30,2024-01-30,North,SpeedEx,WH-05,Delta LLC,590.35,1032.93,6.01,Delayed
SHP-00597,2024-04-12,2024-04-15,2024-04-15,East,SpeedEx,WH-03,Global Group,249.55,260.14,10.52,Delivered
SHP-01872,2025-04-24,2025-04-27,2025-04-27,West,ReliableCo,WH-07,Prime Enterprises,199.8,198.95,27.74,Delayed
SHP-02198,2024-01-15,2024-01-17,2024-01-17,Central,GlobalFreight,WH-01,Omega Ltd,367.81,0.01,14.93,Delivered
SHP-01747,2024-06-25,2024-06-27,2024-06-27,South,FastShip,WH-10,Acme LLC,115.3,73.75,86.81,Delivered
SHP-03805,2024-01-22,2024-01-25,2024-01-25,west,QuickMove,WH-02,Omega Enterprises,143.95,103.82,37.21,In Transit
SHP-02102,2024-01-17,2024-01-21,2024-01-20,South,FastShip,WH-05,Alpha LLC,550.83,637.75,6.09,Delivered
SHP-02465,2025-02-21,2025-02-23,2025-02-23,West,ReliableCo,WH-04,Alpha Co,146.26,125.95,84.59,Delivered
SHP-00372,2024-11-10,2024-11-12,2024-11-13,Central,FastShip,WH-01,Global LLC,280.01,178.43,5.86,Delivered
SHP-01845,2024-02-15,2024-02-17,2024-02-18,Central,GLOBALFREIGHT,WH-10,Prime Co,323.29,249.49,26.52,Delivered
SHP-01832,2024-01-11,2024-01-12,2024-01-13,South,QUICKMOVE,WH-09,Alpha LLC,325.31,266.05,26.73,In Transit
SHP-02005,2025-01-25,2025-01-27,2025-01-27,East,QuickMove,WH-04,Omega Co,157.63,143.77,39.82,Delayed
SHP-00599,2024-10-05,2024-10-08,2024-10-08,West,QuickMove,WH-10,Beta Partners,99.69,68.95,7.28,Delivered
SHP-00677,2024-03-21,2024-03-24,2024-03-24,CENTRAL,FastShip,WH-01,Beta LLC,284.17,247.72,20.42,Delayed
SHP-00239,2024-01-22,2024-01-24,2024-01-25,East,FastShip,WH-06,Prime Partners,115.48,96.73,43.91,Delayed
SHP-04634,2024-11-14,2024-11-16,2024-11-16,South,GlobalFreight,WH-03,Alpha Industries,529.16,302.58,26.57,Delivered
SHP-01346,2024-05-17,2024-05-19,2024-05-19,North,FastShip,WH-10,Global Inc,172.11,122.83,65.31,Delivered
SHP-00878,2025-05-16,2025-05-17,2025-05-17,Central,SpeedEx,WH-08,Acme Group,330.35,464.21,10.87,Delivered
SHP-02742,2024-08-08,2024-08-09,2024-08-10,West,QuickMove,WH-02,Global LLC,291.08,222.25,9.79,In Transit
SHP-01210,2024-09-16,2024-09-18,2024-09-18,Central,FastShip,WH-01,Sigma Partners,184.73,194.45,12.71,Delivered
SHP-03479,2024-01-26,2024-01-29,2024-01-28,East,FastShip,WH-06,Acme LLC,648.27,560.01,15.18,Delivered
SHP-02597,2025-03-20,2025-03-22,2025-03-23,West,GlobalFreight,WH-07,Omega Co,200.12,46.26,15.05,Delayed
SHP-03870,2024-07-08,2024-07-11,2024-07-12,NORTH,SpeedEx,WH-10,Prime Industries,247.14,371.29,6.17,Delivered
SHP-03451,2024-04-05,2024-04-07,2024-04-06,East,fastship,WH-09,Delta Co,261.55,318.12,14.47,Delivered
SHP-03542,2025-02-12,2025-02-15,2025-02-15,Central,SpeedEx,WH-05,Prime Enterprises,130.89,158.31,28.9,Delayed
SHP-02477,2025-05-18,2025-05-22,2025-05-22,South,ReliableCo,WH-03,Prime Ltd,438.03,384.29,102.09,Delivered
SHP-03879,2024-02-28,2024-02-29,2024-02-29,West,FastShip,WH-10,Acme Industries,200.81,181.47,75.09,In Transit
SHP-00830,2024-08-02,2024-08-03,2024-08-03,South,ReliableCo,WH-04,Sigma Group,236.9,230.83,101.9,Delivered
SHP-01579,2024-05-20,2024-05-23,2024-05-23,East,SpeedEx,WH-02,Global Corp,116.31,159.96,33.16,Delivered
SHP-01188,2024-08-15,2024-08-18,2024-08-19,West,GlobalFreight,WH-08,Global Solutions,145.34,135.33,16.79,Delivered
SHP-04302,2024-02-29,2024-03-03,2024-03-03,East,ReliableCo,WH-01,Beta Ltd,109.85,118.33,35.73,Delivered
SHP-02472,2025-03-24,2025-03-27,2025-03-27,East,GlobalFreight,WH-02,Omega Corp,339.23,189.26,15.88,Delivered
SHP-02500,2025-05-02,2025-05-04,2025-05-04,Central,GlobalFreight,WH-09,Prime Ltd,73.77,55.24,31.53,Returned
SHP-04379,2024-03-22,2024-03-26,2024-03-26,Central,FastShip,WH-01,Delta Ltd,469.62,326.9,17.71,Delivered
SHP-00813,2024-11-05,2024-11-08,2024-11-07,North,SpeedEx,WH-05,Global Corp,280.73,351.14,24.75,Delivered
SHP-02227,2025-06-01,2025-06-02,2025-06-02,East,SpeedEx,WH-03,Sigma Inc,189.75,243.55,6.85,Delivered
SHP-02906,2024-08-05,2024-08-06,2024-08-07,North,GlobalFreight,WH-09,Global Partners,202.62,111.45,10.18,Delivered
SHP-00622,2024-04-17,2024-04-19,2024-04-19,Central,ReliableCo,WH-08,Global Enterprises,175.96,118.35,19.46,Delivered
SHP-02345,2024-04-23,2024-04-25,2024-04-26,Central,SpeedEx,WH-09,Beta Ltd,70.89,70.89,22.42,Delivered
SHP-03708,2024-08-26,2024-08-29,2024-08-29,North,QuickMove,WH-10,Beta LLC,473.77,361.64,12.62,Delivered
SHP-00567,2024-06-21,2024-06-23,2024-06-24,West,QuickMove,WH-06,Global LLC,368.02,192.16,25.12,Delivered
SHP-03076,2024-06-28,2024-06-29,2024-06-29,North,SpeedEx,WH-08,Sigma LLC,280.41,399.24,26.67,In Transit
SHP-04225,2024-08-17,2024-08-21,2024-08-22,North,FastShip,WH-06,Prime Ltd,423.82,386.8,56.64,Delivered
SHP-01085,2024-04-14,2024-04-16,2024-04-17,South,QuickMove,WH-08,Delta Industries,90.32,44.59,16.08,Delivered
SHP-00052,2024-08-02,2024-08-03,2024-08-03,Central,FastShip,WH-02,Delta Group,107.06,99.27,28.78,Delivered
SHP-04465,2024-07-16,2024-07-19,2024-07-20,South,GlobalFreight,WH-08,Global Inc,72.73,62.38,29.37,Returned
SHP-03274,2024-05-04,2024-05-07,2024-05-06,West,QuickMove,WH-07,Sigma Ltd,320.79,264.19,31.37,Returned
SHP-03990,2024-08-17,2024-08-18,2024-08-19,North,QuickMove,WH-02,Sigma Inc,180.45,142.77,12.58,Delivered
SHP-03090,2024-05-24,2024-05-26,2024-05-26,Central,GlobalFreight,WH-07,,181.69,78.7,22.29,Delivered
SHP-00535,2024-02-03,2024-02-05,2024-02-05,Central,QuickMove,WH-04,Global Solutions,260.11,149.85,7.19,Delivered
SHP-03254,2024-05-15,2024-05-18,2024-05-20,North,SpeedEx,WH-09,Sigma Partners,115.45,108.01,8.02,Delivered
SHP-01452,2025-02-16,2025-02-18,2025-02-19,West,FastShip,WH-05,Global Industries,495.87,250.1,15.6,Delivered
SHP-00444,2024-01-08,2024-01-09,2024-01-09,North,QuickMove,WH-09,Delta Solutions,168.41,105.38,7.97,Delivered
SHP-03572,2024-07-09,2024-07-10,2024-07-10,East,speedex,WH-10,Sigma Industries,195.04,243.48,24.13,Delivered
SHP-00196,2024-01-23,2024-01-24,2024-01-24,West,FastShip,WH-10,Alpha Group,272.22,246.91,30.8,Delivered
SHP-04457,2024-07-16,2024-07-18,2024-07-20,South,GlobalFreight,WH-06,Delta LLC,472.5,204.98,33.47,Delivered
SHP-03047,2024-05-27,2024-05-30,2024-06-01,West,SpeedEx,WH-04,Omega Partners,332.99,400.36,14.91,Delivered
SHP-00890,2024-08-30,2024-09-02,2024-09-02,West,ReliableCo,WH-01,Omega Ltd,359.36,261.39,8.09,Delayed
SHP-00916,2024-10-23,2024-10-25,2024-10-25,East,ReliableCo,WH-07,Delta LLC,197.15,162.59,24.99,Delivered
SHP-03905,2025-04-21,2025-04-23,2025-04-24,West,FastShip,WH-05,Sigma Partners,193.99,238.42,15.62,In Transit
SHP-01414,2025-04-04,2025-04-05,2025-04-07,South,FastShip,WH-02,Beta Ltd,226.21,162.56,11.43,Delivered
SHP-03752,2025-02-12,2025-02-15,2025-02-15,Central,QuickMove,WH-04,Delta Enterprises,156.28,128.72,14.53,Delivered
SHP-01860,2025-03-29,2025-04-01,2025-04-02,Central,ReliableCo,WH-05,Delta Group,153.93,68.84,31.24,Delivered
SHP-02986,2025-03-04,2025-03-06,2025-03-06,East,FastShip,WH-01,Prime Inc,441.76,,27.71,Delivered
SHP-00965,2024-02-18,2024-02-21,2024-02-22,Central,QuickMove,WH-08,Beta Co,105.9,66.47,17.52,Delivered
SHP-00645,2024-12-12,2024-12-15,2024-12-15,Central,ReliableCo,WH-09,Sigma Industries,589.05,474.85,68.79,Delivered
SHP-01539,2025-05-09,2025-05-11,2025-05-11,East,SpeedEx,WH-07,Omega Enterprises,153.88,197.14,27.49,Delivered
SHP-03596,2024-10-21,2024-10-24,2024-10-25,West,GlobalFreight,WH-01,Global Ltd,229.68,252.4,29.31,Delayed
SHP-03941,2024-08-07,2024-08-09,2024-08-09,Central,FastShip,WH-03,Beta Solutions,380.79,403.0,15.66,Delivered
SHP-04899,2024-02-13,2024-02-16,2024-02-17,West,GlobalFreight,WH-05,Prime LLC,625.82,230.06,10.02,Delivered
SHP-00121,2024-08-11,2024-08-14,2024-08-14,East,ReliableCo,WH-01,Prime Co,226.61,97.15,23.16,Delivered
SHP-02806,2025-03-11,2025-03-13,2025-03-13,North,Speed Ex,WH-01,,140.63,152.01,6.28,Delivered
SHP-02037,2024-08-01,2024-08-05,2024-08-05,West,SpeedEx,WH-08,Acme Inc,469.05,589.55,64.41,Delivered
SHP-04944,2024-10-30,2024-11-02,2024-11-02,Central,Reliable Co,WH-10,Alpha Group,103.38,96.68,20.03,Delayed
SHP-02499,2024-07-08,2024-07-11,2024-07-11,central,QuickMove,WH-05,Alpha Inc,364.05,298.31,49.94,Delayed
SHP-04970,2024-02-15,2024-02-16,2024-02-17,West,GlobalFreight,WH-06,Prime Solutions,164.86,89.09,9.96,Delivered
SHP-00135,2024-08-11,2024-08-13,2024-08-13,North,ReliableCo,WH-09,Global Solutions,146.02,138.9,13.41,Delayed
SHP-04774,2024-03-05,2024-03-06,2024-03-05,East,GlobalFreight,WH-09,Prime Industries,345.78,372.7,22.63,Delivered
SHP-02032,2024-05-06,2024-05-07,2024-05-08,East,GlobalFreight,WH-09,Global Industries,200.32,173.02,10.35,Delivered
SHP-02331,2025-04-10,2025-04-13,2025-04-13,West,SpeedEx,WH-03,Alpha Corp,186.92,210.13,6.49,Delivered
SHP-00185,2024-04-25,2024-04-26,2024-04-27,North,FastShip,WH-06,Omega Enterprises,285.32,313.8,40.86,Delivered
SHP-04923,2024-09-24,2024-09-25,2024-09-25,East,GlobalFreight,WH-01,Alpha Group,302.51,223.02,22.14,Delivered
SHP-04885,2024-01-14,2024-01-15,2024-01-16,South,ReliableCo,,Delta LLC,151.75,107.09,67.46,Delivered
SHP-00512,2024-01-02,2024-01-05,2024-01-07,South,ReliableCo,WH-03,Prime Inc,149.39,112.05,19.96,Delayed
SHP-02493,2024-02-20,2024-02-23,2024-02-23,East,FastShip,WH-08,Sigma Enterprises,254.18,181.26,32.82,Delivered
SHP-00063,2025-04-08,2025-04-11,2025-04-11,Central,ReliableCo,WH-01,Global Ltd,705.76,351.34,38.19,Delivered
SHP-04180,2025-02-16,2025-02-19,2025-02-19,Central,QuickMove,WH-05,Prime Co,395.83,242.98,31.71,Delivered
SHP-02727,2024-10-04,2024-10-05,2024-10-05,East,QuickMove,WH-06,Sigma Industries,232.87,143.57,25.42,Delivered
SHP-03793,2024-11-22,2024-11-23,2024-11-22,East,GlobalFreight,WH-10,Acme Inc,376.2,209.74,69.37,Delivered
SHP-02125,2024-02-23,2024-02-24,2024-02-25,Central,GlobalFreight,WH-10,Beta Enterprises,337.4,22.28,42.31,Delivered
SHP-03412,2024-02-15,2024-02-17,2024-02-17,West,GlobalFreight,WH-07,Acme Solutions,528.98,320.89,4.8,Delivered
SHP-00252,2024-02-04,2024-02-05,2024-02-05,CENTRAL,FastShip,WH-05,Prime Industries,372.01,366.17,31.33,Delayed
SHP-00626,2025-03-28,2025-03-31,2025-04-01,West,ReliableCo,WH-09,Sigma LLC,344.59,235.61,13.08,Delayed
SHP-03146,2025-01-11,2025-01-13,2025-01-13,Central,FastShip,WH-08,Acme Solutions,301.53,251.93,62.11,Delivered
SHP-02487,2024-03-24,2024-03-26,2024-03-25,West,FastShip,WH-01,Delta Inc,217.94,108.65,13.07,Delivered
SHP-02660,2025-01-19,2025-01-22,2025-01-22,North,GlobalFreight,WH-02,,152.04,70.22,19.7,Delivered
SHP-03571,2024-01-29,2024-01-30,2024-02-01,South,SpeedEx,WH-01,Beta Ltd,94.58,107.79,15.22,Delivered
SHP-00123,2024-06-23,2024-06-27,2024-06-28,CENTRAL,SpeedEx,WH-02,Sigma Co,673.36,739.36,56.6,Delivered
SHP-02993,2024-11-20,2024-11-22,2024-11-21,Central,QuickMove,WH-09,Global LLC,308.29,223.9,7.28,Delayed
SHP-04561,2025-04-03,2025-04-04,2025-04-04,North,QuickMove,WH-01,,275.04,190.54,11.99,Delivered
SHP-01947,2024-03-16,2024-03-18,2024-03-18,East,SpeedEx,WH-10,Global Industries,274.8,309.57,12.85,Delivered
SHP-02506,2024-04-16,2024-04-18,2024-04-18,East,FastShip,,Omega Inc,618.26,651.74,21.02,Delivered
SHP-02946,2025-06-27,2025-06-28,2025-06-28,CENTRAL,FastShip,WH-03,Delta Ltd,233.25,134.02,14.75,Delivered
SHP-00568,2024-07-21,2024-07-24,2024-07-24,Central,SpeedEx,WH-06,Beta Enterprises,180.82,214.62,14.28,Delivered
SHP-02188,2024-12-11,2024-12-12,2024-12-13,South,QuickMove,WH-02,Global Partners,75.74,59.69,29.32,In Transit
SHP-03255,2024-06-01,2024-06-02,2024-06-03,West,SpeedEx,WH-09,Sigma Corp,86.04,87.3,16.82,Delivered
SHP-02174,2024-06-08,2024-06-09,2024-06-10,South,SpeedEx,WH-03,Sigma Enterprises,336.37,367.1,37.86,Delivered
SHP-00829,2024-05-01,2024-05-04,2024-05-04,East,ReliableCo,WH-08,Delta Corp,855.45,579.75,26.88,Delivered
SHP-03874,2024-11-13,2024-11-15,2024-11-14,North,Quick Move,WH-01,Delta LLC,221.73,131.48,35.04,Delivered
SHP-04595,2024-03-26,2024-03-28,2024-03-28,West,SpeedEx,WH-06,Sigma Corp,86.59,101.46,50.79,Delayed
SHP-01039,2025-03-17,2025-03-18,2025-03-18,South,QuickMove,WH-09,Delta Co,257.67,205.88,17.25,Delivered
SHP-02112,2024-11-30,2024-12-03,2024-12-03,South,FastShip,WH-10,Sigma Inc,273.92,260.17,94.32,In Transit
SHP-01019,2025-03-16,2025-03-17,2025-03-17,Central,SpeedEx,,Alpha Partners,97.27,96.15,21.74,Delayed
SHP-00721,2024-03-13,2024-03-15,2024-03-14,West,ReliableCo,WH-04,Alpha Solutions,63.88,40.16,,Delivered
SHP-03367,2024-03-05,2024-03-06,2024-03-06,East,FastShip,WH-04,Delta Enterprises,286.11,267.82,20.91,Delivered
SHP-02081,2025-03-30,2025-04-01,2025-04-01,North,FastShip,WH-08,Alpha LLC,73.25,82.12,63.37,Delivered
SHP-02628,2024-12-18,2024-12-19,2024-12-19,North,QuickMove,WH-04,Prime Industries,328.72,198.48,20.09,Delivered
SHP-04528,2024-11-09,2024-11-11,2024-11-11,East,fastship,WH-09,Delta Partners,207.33,180.0,17.39,Delivered
SHP-03265,2024-03-07,2024-03-10,2024-03-09,West,ReliableCo,WH-03,Global Inc,195.62,140.72,26.9,Delivered
SHP-00603,2025-05-30,2025-06-02,2025-06-02,East,QuickMove,WH-08,Beta Group,398.15,311.31,58.94,Delivered
SHP-04350,2025-06-12,2025-06-13,2025-06-13,Central,ReliableCo,WH-05,Sigma LLC,250.2,136.21,28.09,Delivered
SHP-04102,2024-09-05,2024-09-08,2024-09-09,West,FastShip,WH-04,Alpha Corp,442.8,289.49,22.4,In Transit
SHP-01877,2025-04-16,2025-04-19,2025-04-18,West,GlobalFreight,WH-01,Sigma Corp,163.96,108.48,11.67,Delivered
SHP-03530,2024-12-13,2024-12-14,2024-12-16,South,SpeedEx,WH-03,Alpha Partners,339.07,306.15,10.92,Delivered
SHP-00319,2025-05-13,2025-05-16,2025-05-16,Central,ReliableCo,WH-05,Delta Partners,127.05,126.12,22.18,Delivered
SHP-01420,2025-03-21,2025-03-23,2025-03-25,South,GlobalFreight,WH-02,Alpha Industries,272.54,192.93,14.17,Delivered
SHP-03211,2025-03-19,2025-03-21,2025-03-21,East,GlobalFreight,WH-06,Omega Co,147.55,100.99,17.68,Delivered
SHP-00275,2024-08-24,2024-08-25,2024-08-24,Central,FastShip,WH-09,Global Co,256.51,253.29,25.6,Delivered
SHP-01922,2024-11-25,2024-11-29,2024-11-29,East,ReliableCo,WH-02,Prime Inc,444.35,288.84,29.37,In Transit
SHP-00550,2024-12-26,2024-12-29,2024-12-29,Central,QuickMove,WH-05,Beta Enterprises,315.93,200.89,28.26,Delivered
SHP-04423,2025-04-19,2025-04-21,2025-04-21,West,SpeedEx,WH-05,Global Group,70.23,95.64,19.31,Delivered
SHP-03899,2024-01-21,2024-01-23,2024-01-25,South,SpeedEx,WH-04,,164.17,187.96,73.28,In Transit
SHP-04948,2024-01-14,2024-01-15,2024-01-15,East,QuickMove,WH-04,Prime Corp,59.13,46.68,,Delayed
SHP-02998,2024-02-01,2024-02-04,2024-02-05,North,ReliableCo,WH-07,Omega Enterprises,1127.36,727.71,7.27,Delivered
SHP-00606,2024-06-21,2024-06-25,2024-06-27,South,ReliableCo,WH-01,Sigma Group,458.7,322.98,19.48,Delivered
SHP-04120,2024-05-13,2024-05-18,2024-05-18,West,Quick Move,WH-08,Delta LLC,1048.64,851.12,39.43,Delivered
SHP-00528,2024-10-28,2024-10-29,2024-10-29,Central,ReliableCo,WH-02,Sigma Co,200.9,128.82,17.92,Delivered
SHP-01515,2024-07-17,2024-07-18,2024-07-19,Central,QuickMove,WH-05,Prime Inc,255.88,246.72,30.53,Delivered
SHP-02395,2025-05-04,2025-05-07,2025-05-09,South,FastShip,WH-09,,93.12,64.04,15.85,Delivered
SHP-02460,2024-09-07,2024-09-11,2024-09-12,West,GlobalFreight,WH-08,Beta Co,452.53,135.92,8.54,Delivered
SHP-03894,2025-06-26,2025-06-29,2025-07-01,South,QuickMove,WH-09,Omega Group,298.69,218.07,30.01,Delivered
SHP-04881,2024-01-09,2024-01-10,2024-01-10,West,SpeedEx,WH-09,Sigma Industries,254.29,261.31,66.52,Delivered
SHP-01879,2024-11-21,2024-11-22,2024-11-23,West,QuickMove,WH-03,Global Corp,278.75,162.31,27.88,Delivered
SHP-01565,2024-03-02,2024-03-06,2024-03-05,North,QuickMove,WH-03,Delta Co,563.33,337.8,15.93,Delivered
SHP-00299,2024-08-26,2024-08-29,2024-08-31,South,FastShip,WH-07,Omega Group,170.58,104.23,27.34,Delayed
SHP-03036,2024-04-12,2024-04-15,2024-04-15,South,SpeedEx,WH-08,Delta Enterprises,122.28,-145.74,61.68,Delivered
SHP-02589,2025-05-15,2025-05-16,2025-05-16,North,SpeedEx,WH-07,Omega LLC,225.82,287.6,121.62,Delivered
SHP-01633,2024-11-05,2024-11-06,2024-11-06,East,GlobalFreight,WH-09,Beta Industries,247.59,191.55,27.72,Delivered
SHP-04679,2025-03-25,2025-03-26,2025-03-28,West,FastShip,WH-03,Prime Enterprises,173.43,150.48,8.57,Delivered
SHP-03804,2024-04-27,2024-04-28,2024-04-28,Central,SpeedEx,WH-07,Global Corp,393.23,468.37,64.62,Delivered
SHP-03498,2025-06-14,2025-06-15,2025-06-15,West,ReliableCo,WH-05,Beta Inc,139.46,68.57,8.85,Delivered
SHP-02348,2025-05-02,2025-05-05,2025-05-06,East,ReliableCo,WH-01,Delta Group,453.18,329.04,57.97,Delivered
SHP-02827,2024-02-15,2024-02-18,2024-02-18,North,QUICKMOVE,WH-10,Prime Ltd,134.87,91.07,9.11,In Transit
SHP-00151,2025-06-23,2025-06-25,2025-06-24,West,FastShip,WH-08,Prime LLC,385.37,377.83,51.88,Delayed
SHP-00757,2024-01-01,2024-01-04,2024-01-04,East,QuickMove,WH-05,Acme LLC,79.69,57.3,27.51,In Transit
SHP-01056,2024-05-13,2024-05-16,2024-05-17,East,GlobalFreight,WH-09,Beta Ltd,58.25,34.86,45.83,Delivered
SHP-02523,2024-12-14,2024-12-16,2024-12-17,Central,GlobalFreight,WH-10,Prime Enterprises,388.4,181.9,9.05,Delivered
SHP-03766,2025-02-01,2025-02-05,2025-02-06,Central,ReliableCo,WH-05,Acme Partners,633.76,546.92,14.27,Delivered
SHP-01143,2024-12-29,2024-12-31,2025-01-01,South,GlobalFreight,WH-08,Beta Ltd,584.8,246.25,16.29,Delivered
SHP-04260,2024-01-07,2024-01-09,2024-01-10,South,FastShip,WH-10,Alpha LLC,283.03,189.82,31.1,Delivered
SHP-04154,2024-10-07,2024-10-10,2024-10-11,West,ReliableCo,WH-06,Acme Enterprises,195.05,213.78,6.2,Delivered
SHP-04349,2025-01-20,2025-01-22,2025-01-22,North,QuickMove,WH-10,Prime Ltd,309.44,210.05,12.22,Delayed
SHP-00377,2024-08-20,2024-08-21,2024-08-21,South,QuickMove,WH-07,Acme Co,220.94,170.04,39.2,Delivered
SHP-02926,2025-04-07,2025-04-09,2025-04-10,South,SpeedEx,WH-06,Global Solutions,351.51,240.68,59.43,Delivered
SHP-01871,2024-01-20,2024-01-22,2024-01-22,East,SpeedEx,WH-06,Prime Inc,213.73,205.24,16.14,Delayed
SHP-00882,2025-04-15,2025-04-17,2025-04-17,South,GlobalFreight,WH-03,Omega Ltd,172.59,93.31,85.42,Delivered
SHP-04619,2024-12-20,2024-12-21,2024-12-21,East,GlobalFreight,WH-04,Beta Inc,73.76,61.83,50.74,Delivered
SHP-00379,2024-02-11,2024-02-12,2024-02-12,Central,FastShip,WH-09,Beta Group,159.16,133.31,18.44,Delivered
SHP-03593,2025-06-22,2025-06-26,2025-06-26,West,QuickMove,WH-01,Global Partners,584.18,366.45,11.73,In Transit
SHP-01336,2024-08-11,2024-08-14,2024-08-15,East,GlobalFreight,WH-01,Global LLC,130.02,11.63,13.56,Delayed
SHP-02104,2024-07-22,2024-07-25,2024-07-25,East,SpeedEx,WH-10,Beta Co,129.71,123.93,24.69,In Transit
SHP-02241,2024-04-03,2024-04-05,2024-04-05,Central,QuickMove,WH-10,Omega Enterprises,322.55,234.07,17.12,Delivered
SHP-01880,2025-02-26,2025-03-01,2025-03-01,West,fastship,WH-06,Global Inc,713.19,351.71,32.11,Returned
SHP-04852,2025-01-13,2025-01-16,2025-01-15,South,Fast Ship,WH-08,Sigma Ltd,241.85,200.39,7.84,Delivered
SHP-02779,2025-01-20,2025-01-22,2025-01-23,North,GlobalFreight,WH-05,Omega Solutions,249.56,141.02,28.29,In Transit
SHP-04916,2025-04-23,2025-04-26,2025-04-26,Central,Reliable Co,WH-03,Beta Group,608.88,484.39,12.02,Delivered
SHP-01953,2025-05-22,2025-05-25,2025-05-24,West,FastShip,WH-07,Omega Group,654.29,612.78,17.73,Returned
SHP-01875,2024-01-11,2024-01-14,2024-01-15,North,ReliableCo,WH-05,Sigma Group,179.53,35.05,17.71,Delivered
SHP-02319,2024-05-05,2024-05-06,2024-05-08,South,QuickMove,WH-02,Acme Ltd,134.21,85.2,5.44,Delivered
SHP-01392,2024-05-24,2024-05-25,2024-05-25,Central,SpeedEx,WH-10,Prime Enterprises,249.36,342.1,32.59,Delivered
SHP-00795,2024-03-21,2024-03-22,2024-03-22,West,ReliableCo,WH-08,Delta Group,101.49,95.91,28.82,In Transit
SHP-02556,2024-11-30,2024-12-02,2024-12-02,EAST,QuickMove,WH-06,Sigma Enterprises,538.99,266.19,27.15,Delivered
SHP-00842,2024-05-22,2024-05-24,2024-05-26,North,GlobalFreight,WH-08,Beta Enterprises,159.91,70.72,22.75,Delivered
SHP-04463,2024-05-30,2024-06-01,2024-05-31,Central,GlobalFreight,WH-05,Global Industries,286.27,101.68,11.09,Delivered
SHP-01868,2024-08-30,2024-09-02,2024-09-02,East,SpeedEx,WH-08,Beta Industries,190.03,254.08,16.21,Delivered
SHP-00176,2025-03-14,2025-03-15,2025-03-16,North,ReliableCo,WH-04,Global Solutions,178.82,108.92,7.49,Delivered
SHP-04237,2025-01-05,2025-01-08,2025-01-09,West,GlobalFreight,WH-05,Omega Ltd,466.55,124.4,15.78,Delivered
SHP-02797,2025-01-31,2025-02-02,2025-02-02,East,FastShip,WH-02,Prime Corp,184.98,185.08,29.49,Delivered
SHP-02749,2024-07-20,2024-07-21,2024-07-21,South,QuickMove,WH-04,Acme Ltd,171.26,97.41,23.78,Delayed
SHP-00046,2025-04-27,2025-04-30,2025-04-30,East,FastShip,WH-01,Delta Partners,356.17,245.53,28.16,Returned
SHP-04503,2024-03-13,2024-03-15,2024-03-17,West,FastShip,WH-07,Prime Ltd,189.0,186.2,,Delivered
SHP-01540,2025-03-02,2025-03-04,2025-03-04,Central,QuickMove,WH-07,Delta Ltd,222.49,157.8,6.72,Delivered
SHP-01256,2025-04-10,2025-04-12,2025-04-12,Central,ReliableCo,WH-04,,236.34,168.46,6.56,Delivered
SHP-02891,2024-08-20,2024-08-21,2024-08-21,North,FastShip,,Beta Enterprises,271.16,182.29,61.77,Delivered
SHP-02520,2024-05-02,2024-05-03,2024-05-03,East,SpeedEx,WH-02,Global Corp,164.99,196.3,9.7,Delivered
SHP-04255,2024-02-24,2024-02-27,2024-02-27,Central,FastShip,WH-08,Alpha Group,123.29,107.98,22.37,Delivered
SHP-01222,2024-12-07,2024-12-10,2024-12-10,Central,GlobalFreight,WH-08,Delta Group,357.62,131.77,61.97,Delayed
SHP-04848,2025-02-24,2025-02-27,2025-02-27,East,QuickMove,WH-03,Global Co,111.42,103.02,29.66,Delivered
SHP-01823,2024-11-16,2024-11-20,2024-11-20,North,SpeedEx,WH-08,Omega Solutions,410.78,148.47,12.82,Delivered
SHP-01745,2024-04-17,2024-04-18,2024-04-19,West,SpeedEx,WH-07,Omega Corp,296.66,442.05,5.12,Delivered
SHP-03166,2024-10-19,2024-10-20,2024-10-21,West,QuickMove,WH-01,Delta Industries,192.47,117.37,15.91,Delivered
SHP-03985,2024-08-03,2024-08-04,2024-08-04,East,SpeedEx,WH-01,Prime Corp,114.94,105.53,8.55,Delivered
SHP-00284,2024-10-14,2024-10-18,2024-10-19,West,ReliableCo,WH-07,Global Solutions,644.34,451.79,39.44,Delivered
SHP-01591,2024-12-22,2024-12-24,2024-12-24,Central,ReliableCo,WH-01,Global Co,419.48,271.61,32.4,Delivered
SHP-00912,2024-12-03,2024-12-06,2024-12-06,Central,ReliableCo,WH-10,Alpha Partners,150.42,120.59,23.31,Returned
SHP-01331,2025-02-20,2025-02-22,2025-02-22,East,QuickMove,WH-02,Global Solutions,279.77,226.17,23.27,Delivered
SHP-02933,2024-11-29,2024-12-01,2024-12-02,South,GlobalFreight,WH-07,Acme Group,181.26,52.74,111.28,Delivered
SHP-01372,2025-01-08,2025-01-09,2025-01-11,South,SpeedEx,WH-04,Alpha Group,58.52,66.34,27.11,Delayed
SHP-04840,2024-12-15,2024-12-17,2024-12-18,South,FastShip,WH-05,Omega Co,420.4,312.39,20.18,Delivered
SHP-01011,2025-02-17,2025-02-20,2025-02-20,East,GlobalFreight,WH-02,Sigma Corp,276.68,31.88,24.77,In Transit
SHP-02116,2024-02-19,2024-02-22,2024-02-21,South,FastShip,WH-02,Omega Partners,155.98,143.31,9.27,Delivered
SHP-02187,2025-05-03,2025-05-07,2025-05-07,West,QuickMove,WH-09,Omega Corp,837.77,578.12,16.6,Delivered
SHP-02606,2024-06-20,2024-06-23,2024-06-23,Central,QuickMove,WH-09,Omega Enterprises,461.17,323.44,19.9,Delivered
SHP-03250,2024-07-20,2024-07-22,2024-07-23,West,GlobalFreight,WH-08,Prime Industries,233.49,248.17,8.49,In Transit
SHP-02751,2025-01-19,2025-01-21,2025-01-22,West,SpeedEx,WH-04,Omega LLC,120.67,166.25,34.08,Delivered
SHP-00928,2025-02-02,2025-02-04,2025-02-04,East,FastShip,WH-08,Delta Partners,315.59,200.28,8.0,Delivered
SHP-01433,2024-10-12,2024-10-13,2024-10-13,West,SpeedEx,WH-05,Delta Solutions,265.47,282.41,20.7,Delivered
SHP-02659,2024-12-17,2024-12-19,2024-12-18,West,QuickMove,WH-01,Omega Partners,200.52,146.59,9.2,Delivered
SHP-02944,2025-06-14,2025-06-15,2025-06-15,Central,ReliableCo,WH-05,Global Corp,346.35,350.01,12.61,Returned
SHP-04610,2024-12-27,2024-12-30,2024-12-30,North,SpeedEx,WH-03,Alpha Partners,273.76,317.55,,In Transit
SHP-01878,2024-10-14,2024-10-15,2024-10-15,North,GlobalFreight,WH-02,Acme Group,151.38,170.07,108.14,Delivered
SHP-01544,2024-04-21,2024-04-24,2024-04-24,South,QuickMove,WH-05,Delta Partners,194.63,142.81,16.7,Returned
SHP-02003,2024-06-11,2024-06-14,2024-06-14,central,ReliableCo,WH-01,Prime Industries,202.82,140.43,27.16,Delivered
SHP-00100,2024-12-27,2024-12-29,2024-12-30,West,GlobalFreight,WH-09,Sigma LLC,87.54,49.52,47.77,In Transit
SHP-01096,2024-08-20,2024-08-22,2024-08-23,west,ReliableCo,WH-03,Omega Partners,268.88,165.8,23.07,Delayed
SHP-01362,2024-07-02,2024-07-05,2024-07-06,South,GlobalFreight,WH-02,Alpha Co,385.06,75.11,69.25,Delivered
SHP-01406,2024-05-31,2024-06-03,2024-06-03,Central,SpeedEx,WH-05,Omega Enterprises,201.9,174.64,28.04,Delivered
SHP-01774,2025-06-10,2025-06-12,2025-06-13,North,ReliableCo,WH-05,Acme Inc,101.87,90.16,6.04,Delivered
SHP-00352,2024-09-13,2024-09-17,2024-09-17,North,QuickMove,WH-05,Prime Solutions,444.8,248.12,57.45,Delivered
SHP-02790,2024-03-27,2024-03-28,2024-03-29,Central,GlobalFreight,WH-08,Global Partners,192.15,153.08,71.09,Returned
SHP-03059,2024-05-18,2024-05-21,2024-05-22,West,GlobalFreight,WH-03,Prime Ltd,146.01,80.75,13.65,Delayed
SHP-03683,2024-10-27,2024-10-29,2024-10-31,South,ReliableCo,WH-07,Sigma Inc,303.59,83.0,16.99,Delivered
SHP-02355,2024-01-14,2024-01-16,2024-01-16,Central,QuickMove,WH-09,,692.58,492.27,16.86,Delivered
SHP-00719,2024-02-22,2024-02-24,2024-02-24,Central,speedex,WH-02,Alpha Ltd,69.95,76.4,10.63,Delivered
SHP-02760,2024-04-05,2024-04-06,2024-04-06,North,FastShip,WH-02,Sigma Industries,228.54,199.88,11.94,Delivered
SHP-02781,2025-03-08,2025-03-11,2025-03-11,West,SpeedEx,WH-07,Omega Enterprises,313.57,396.46,,Delivered
SHP-01729,2024-05-23,2024-05-26,2024-05-27,East,GlobalFreight,WH-02,Beta Ltd,162.08,149.21,8.16,Delivered
SHP-00309,2024-04-04,2024-04-07,2024-04-08,East,GlobalFreight,WH-05,Alpha Solutions,232.07,83.29,63.27,Delivered
SHP-04638,2025-01-24,2025-01-26,2025-01-26,North,GlobalFreight,WH-09,Beta Co,155.81,129.55,19.97,Delivered
SHP-00834,2025-02-25,2025-02-27,2025-02-25,South,GlobalFreight,WH-06,Delta Enterprises,635.18,647.8,7.85,Delivered
SHP-00367,2024-01-13,2024-01-14,2024-01-15,West,GlobalFreight,WH-08,Sigma Inc,172.72,190.16,26.48,Delivered
SHP-03649,2024-09-28,2024-09-30,2024-09-30,East,QuickMove,WH-02,Sigma Ltd,509.51,260.89,5.71,Delivered
SHP-04134,2024-04-19,2024-04-22,2024-04-23,East,FastShip,WH-04,Acme Inc,232.13,156.37,18.08,Delivered
SHP-04341,2024-09-01,2024-09-02,2024-09-02,East,GlobalFreight,WH-10,Delta LLC,135.83,,26.15,Delivered
SHP-03842,2024-05-25,2024-05-26,2024-05-26,West,GlobalFreight,WH-10,Beta Co,102.67,117.45,10.4,Delivered
SHP-02593,2024-03-20,2024-03-23,2024-03-25,West,GlobalFreight,WH-02,Acme Solutions,107.59,39.56,17.17,Delivered
SHP-01150,2024-09-28,2024-09-29,2024-09-30,East,FastShip,WH-03,Global Industries,207.16,189.19,50.26,Delivered
SHP-00020,2024-08-15,2024-08-17,2024-08-17,Central,ReliableCo,WH-06,Global Group,257.81,198.09,5.0,Delivered
SHP-04697,2024-09-01,2024-09-03,2024-09-04,North,ReliableCo,WH-07,Alpha Group,207.32,176.57,64.32,Delivered
SHP-03244,2024-03-19,2024-03-21,2024-03-22,West,ReliableCo,WH-03,Beta Corp,213.36,208.94,34.93,Delivered
SHP-02122,2024-03-14,2024-03-19,2024-03-19,Central,FastShip,WH-06,Delta Enterprises,804.5,734.16,10.08,Delivered
SHP-00219,2025-05-21,2025-05-22,2025-05-22,East,FastShip,WH-08,Omega Ltd,106.96,90.38,70.54,Delivered
SHP-01542,2024-10-07,2024-10-09,2024-10-09,East,QuickMove,WH-02,Alpha Corp,631.23,513.56,18.03,Delivered
SHP-00439,2024-05-02,2024-05-04,2024-05-03,West,SpeedEx,WH-01,Global Industries,165.27,202.91,52.54,Delivered
SHP-01384,2025-05-29,2025-05-31,2025-06-01,North,QuickMove,WH-10,Omega Group,538.78,368.5,115.66,Delivered
SHP-01619,2025-01-16,2025-01-17,2025-01-16,Central,QuickMove,WH-07,Global Inc,264.44,136.72,30.91,Delivered
SHP-04458,2024-11-01,2024-11-05,2024-11-06,South,SpeedEx,WH-05,Global Inc,416.79,314.22,17.37,Delivered
SHP-03506,2024-01-12,2024-01-14,2024-01-14,East,ReliableCo,WH-03,Acme Partners,202.06,115.66,41.24,Delivered
SHP-04419,2025-06-16,2025-06-17,2025-06-18,South,SpeedEx,WH-05,Global LLC,307.32,467.77,,Delivered
SHP-04703,2024-12-16,2024-12-18,2024-12-18,East,QuickMove,WH-03,Delta Group,277.85,206.71,23.02,Delivered
SHP-04007,2024-04-07,2024-04-08,2024-04-07,North,SpeedEx,WH-07,Acme Partners,149.99,177.57,14.27,In Transit
SHP-02823,2025-04-23,2025-04-26,2025-04-28,West,Reliable Co,WH-09,Delta Group,152.75,137.04,38.4,Delivered
SHP-00803,2024-05-01,2024-05-03,2024-05-03,North,FastShip,WH-08,Beta Industries,419.99,431.55,8.81,Delivered
SHP-03063,2024-06-26,2024-06-29,2024-06-29,Central,FastShip,WH-08,Beta Corp,321.09,317.53,8.1,Delayed
SHP-02275,2024-07-23,2024-07-25,2024-07-24,West,FastShip,WH-05,Global Partners,114.7,99.34,14.16,Delayed
SHP-03802,2025-03-03,2025-03-04,2025-03-04,Central,SpeedEx,WH-03,Delta LLC,306.68,375.11,27.58,Delivered
SHP-01558,2025-02-24,2025-02-26,2025-02-27,South,QuickMove,WH-05,Prime Corp,402.46,293.44,15.57,Delivered
SHP-00583,2025-02-19,2025-02-22,2025-02-23,West,FastShip,WH-07,Alpha Inc,371.42,299.33,19.1,Delivered
SHP-00204,2024-04-16,2024-04-19,2024-04-20,North,QuickMove,WH-05,Prime Enterprises,583.0,,7.1,Delivered
SHP-04689,2024-10-20,2024-10-23,2024-10-23,Central,GlobalFreight,WH-03,Beta Corp,169.68,137.36,,Delivered
SHP-03489,2024-10-03,2024-10-05,2024-10-06,East,QuickMove,WH-09,Alpha Partners,712.22,457.58,23.98,Delivered
SHP-00945,2024-01-10,2024-01-12,2024-01-12,South,FastShip,WH-01,Acme Partners,81.56,43.93,18.91,Delivered
SHP-02296,2025-01-26,2025-01-27,2025-01-28,West,QuickMove,WH-04,Acme Corp,231.11,156.79,25.38,Delivered
SHP-02226,2024-05-27,2024-05-29,2024-05-29,North,GlobalFreight,WH-05,Prime Co,228.16,70.05,22.47,Delivered
SHP-03480,2024-07-16,2024-07-18,2024-07-17,South,SpeedEx,WH-08,Prime Ltd,50.0,64.69,82.55,Delivered
SHP-04149,2024-10-31,2024-11-03,2024-11-02,East,SpeedEx,WH-04,Delta Industries,433.04,0.0,13.38,Delivered
SHP-04776,2025-04-24,2025-04-26,2025-04-26,North,QuickMove,WH-01,Acme Partners,399.66,298.67,43.45,In Transit
SHP-03151,2024-04-22,2024-04-24,2024-04-24,North,ReliableCo,WH-05,Global Co,518.68,350.97,15.76,Delivered
SHP-04049,2024-02-07,2024-02-08,2024-02-08,East,GlobalFreight,WH-01,Sigma Co,108.34,124.44,11.07,Delayed
SHP-02195,2024-01-19,2024-01-21,2024-01-22,South,GlobalFreight,WH-05,Sigma Solutions,199.14,188.62,17.81,Delivered
SHP-03423,2024-03-23,2024-03-25,2024-03-26,West,SpeedEx,WH-02,Delta Ltd,163.78,260.76,12.4,Delivered
SHP-00518,2024-10-21,2024-10-24,2024-10-24,East,QuickMove,WH-07,Sigma Ltd,574.59,457.68,47.72,Delivered
SHP-04516,2024-06-29,2024-06-30,2024-06-30,South,FastShip,WH-03,Omega Enterprises,266.03,201.51,36.33,In Transit
SHP-01861,2025-02-24,2025-02-28,2025-03-02,West,SpeedEx,WH-05,Omega LLC,705.53,792.16,34.87,Delivered
SHP-03478,2024-03-03,2024-03-05,2024-03-06,North,SpeedEx,WH-01,Prime Enterprises,163.11,144.38,54.15,Delayed
SHP-00669,2025-01-28,2025-01-31,2025-02-01,West,FastShip,WH-02,Acme Inc,286.08,199.89,5.08,Delivered
SHP-02221,2024-12-26,2024-12-28,2024-12-28,East,SpeedEx,WH-06,Delta LLC,67.1,90.26,15.32,Delivered
SHP-02654,2025-04-09,2025-04-13,2025-04-13,West,QuickMove,WH-09,Delta Industries,561.09,402.96,24.68,Delivered
SHP-04967,2025-05-27,2025-05-30,2025-05-30,East,SpeedEx,WH-01,Acme LLC,520.94,557.78,4.87,Delayed
SHP-04933,2024-01-22,2024-01-25,2024-01-26,North,Quick Move,WH-01,Delta Co,261.07,173.07,20.38,Delivered
SHP-03297,2025-02-08,2025-02-09,2025-02-11,North,QuickMove,WH-05,Prime Inc,188.81,116.33,45.86,Delivered
SHP-03103,2024-03-18,2024-03-19,2024-03-18,West,GlobalFreight,WH-10,Alpha Group,148.15,159.55,12.13,Delivered
SHP-04166,2025-02-10,2025-02-12,2025-02-12,North,ReliableCo,WH-02,Acme Solutions,-101.22,80.86,,Delivered
SHP-02169,2025-02-20,2025-02-22,2025-02-23,West,SpeedEx,WH-03,Delta Partners,234.99,238.38,37.77,Delivered
SHP-03415,2024-03-24,2024-03-29,2024-03-30,South,SpeedEx,WH-02,Alpha Corp,839.57,959.14,23.11,Delivered
SHP-03465,2024-11-29,2024-12-01,2024-12-01,North,ReliableCo,WH-10,Delta Enterprises,135.17,104.42,20.75,In Transit
SHP-02406,2025-04-06,2025-04-07,2025-04-07,North,GlobalFreight,WH-09,Alpha Industries,304.13,199.1,37.5,Delivered
SHP-00760,2024-11-15,2024-11-18,2024-11-19,West,GlobalFreight,WH-06,Prime Group,199.23,62.0,17.38,Delivered
SHP-01339,2024-07-31,2024-08-03,2024-08-04,North,FastShip,WH-04,Prime Corp,270.57,208.09,37.58,Delivered
SHP-01892,2024-09-27,2024-09-30,2024-09-30,North,ReliableCo,WH-10,Beta Solutions,304.24,206.37,8.52,Delivered
SHP-02728,2024-01-14,2024-01-16,2024-01-16,East,FastShip,WH-01,Prime Industries,176.65,148.18,25.55,Returned
SHP-04823,2024-08-02,2024-08-05,2024-08-07,South,GlobalFreight,WH-10,Alpha Partners,402.65,0.01,21.97,Delivered
SHP-00978,2024-04-21,2024-04-24,2024-04-24,East,SpeedEx,WH-03,Prime Solutions,347.77,259.5,23.41,Delivered
SHP-03290,2024-10-01,2024-10-02,2024-10-03,East,GlobalFreight,WH-04,Prime Solutions,114.53,15.65,45.0,In Transit
SHP-00215,2024-02-23,2024-02-25,2024-02-26,South,ReliableCo,WH-03,Delta Solutions,148.5,94.97,31.28,Delivered
SHP-03403,2025-05-14,2025-05-15,2025-05-14,North,speedex,WH-05,Alpha Solutions,186.05,207.87,11.33,In Transit
SHP-04996,2024-06-15,2024-06-19,2024-06-20,West,SpeedEx,WH-02,Prime Industries,435.96,397.48,,In Transit
SHP-00694,2025-01-09,2025-01-12,2025-01-12,West,GlobalFreight,WH-02,Global LLC,220.07,99.61,16.45,Delivered
SHP-02182,2024-03-07,2024-03-08,2024-03-08,West,FastShip,WH-02,Acme Partners,225.2,298.09,37.89,Delivered
SHP-01648,2024-07-20,2024-07-21,2024-07-21,Central,GlobalFreight,WH-01,Acme Solutions,144.31,77.25,8.81,Delivered
SHP-03576,2024-09-12,2024-09-13,2024-09-13,East,GlobalFreight,WH-09,Delta Industries,266.66,278.03,7.3,Delivered
SHP-01033,2024-11-04,2024-11-05,2024-11-07,West,GlobalFreight,WH-01,Beta Solutions,157.41,82.97,20.12,Delivered
SHP-04314,2024-01-17,2024-01-18,2024-01-19,East,QuickMove,WH-01,Global Corp,352.86,221.69,,Delayed
SHP-03413,2024-12-12,2024-12-15,2024-12-16,Central,QuickMove,WH-02,Omega Solutions,110.96,81.86,68.54,In Transit
SHP-02168,2024-07-13,2024-07-15,2024-07-15,Central,QuickMove,WH-08,Omega Partners,308.27,250.35,60.26,Returned
SHP-03332,2024-12-24,2024-12-25,2024-12-26,Central,GlobalFreight,WH-01,Acme Ltd,343.49,0.01,49.17,Delivered
SHP-00197,2024-05-20,2024-05-21,2024-05-22,West,ReliableCo,WH-06,Acme Corp,342.36,313.87,27.7,Delivered
SHP-01785,2024-09-01,2024-09-04,2024-09-04,south,ReliableCo,WH-04,Delta Partners,165.42,106.6,51.79,Returned
SHP-02214,2025-02-16,2025-02-17,2025-02-16,South,ReliableCo,WH-06,Alpha Corp,90.1,64.86,12.63,Delivered
SHP-04586,2024-09-07,2024-09-08,2024-09-08,Central,ReliableCo,WH-09,Beta Enterprises,258.54,251.17,50.1,Delivered
SHP-00880,2025-02-20,2025-02-21,2025-02-21,East,GlobalFreight,WH-06,Omega LLC,151.82,149.36,4.26,Delivered
SHP-01262,2024-10-08,2024-10-10,2024-10-12,West,QUICKMOVE,WH-04,Sigma Ltd,402.15,198.08,19.78,Delivered
SHP-02073,2025-05-09,2025-05-10,2025-05-09,North,ReliableCo,WH-06,Acme LLC,167.31,122.53,94.39,Delivered
SHP-04411,2025-02-12,2025-02-14,2025-02-14,West,GlobalFreight,WH-03,Prime Corp,456.62,337.85,54.36,Delivered
SHP-01752,2024-08-23,2024-08-25,2024-08-26,West,ReliableCo,WH-04,Delta Solutions,374.08,400.86,51.8,In Transit
SHP-00888,2025-02-09,2025-02-10,2025-02-11,South,FastShip,WH-08,Beta Co,125.59,96.74,6.7,Delivered
SHP-01393,2024-12-08,2024-12-11,2024-12-11,North,QuickMove,WH-05,Delta Inc,288.26,201.7,13.83,Delayed
SHP-00069,2024-08-21,2024-08-24,2024-08-25,South,QuickMove,WH-10,Omega Inc,491.71,,27.76,Delivered
SHP-03833,2024-10-28,2024-10-29,2024-10-31,South,SpeedEx,WH-08,Alpha Inc,250.62,237.25,11.41,Delivered
SHP-03393,2025-06-02,2025-06-03,2025-06-03,Central,FastShip,WH-03,Delta Partners,170.24,137.19,9.38,Delivered
SHP-00569,2025-03-26,2025-03-29,2025-03-29,Central,SpeedEx,WH-01,Omega Group,163.13,135.11,9.39,Delivered
SHP-01814,2024-04-27,2024-04-30,2024-05-02,South,QuickMove,WH-05,Sigma Corp,461.29,356.08,71.8,In Transit
SHP-00097,2025-02-17,2025-02-19,2025-02-20,West,GlobalFreight,WH-01,Beta Group,155.17,109.01,74.69,Delivered
SHP-01045,2025-02-02,2025-02-05,2025-02-05,West,SpeedEx,WH-02,Beta Enterprises,243.33,377.98,15.8,Delivered
SHP-02136,2024-12-13,2024-12-14,2024-12-14,West,ReliableCo,WH-06,Global Enterprises,201.85,123.78,19.96,Delivered
SHP-00140,2024-09-20,2024-09-23,2024-09-23,Central,FastShip,WH-05,Delta Ltd,182.63,166.04,14.96,Delivered
SHP-03801,2025-03-27,2025-03-30,2025-03-31,South,GlobalFreight,WH-01,Omega LLC,435.16,92.67,31.95,Delivered
SHP-02657,2024-03-12,2024-03-15,2024-03-15,East,SpeedEx,WH-01,Delta Solutions,502.17,715.57,12.18,Delayed
SHP-01946,2025-01-16,2025-01-17,2025-01-17,Central,FastShip,WH-05,Omega LLC,194.09,168.12,124.56,Delivered
SHP-03134,2024-12-18,2024-12-21,2024-12-22,North,GlobalFreight,WH-01,Global LLC,287.74,111.95,6.87,Delivered
SHP-01613,2025-04-25,2025-04-28,2025-04-28,North,GlobalFreight,WH-03,Acme Ltd,63.33,32.81,39.61,Delivered
SHP-03033,2025-01-27,2025-01-30,2025-01-31,South,ReliableCo,WH-03,Delta Industries,494.62,564.82,25.01,Delivered
SHP-01630,2024-11-25,2024-11-29,2024-11-30,South,SpeedEx,WH-07,Delta Enterprises,675.47,286.51,25.47,Delivered
SHP-04418,2025-01-25,2025-01-28,2025-01-29,West,ReliableCo,WH-10,Prime Corp,263.71,134.83,40.33,Delivered
SHP-04327,2025-06-15,2025-06-18,2025-06-18,Central,ReliableCo,WH-10,Alpha Group,476.89,,49.19,Delivered
SHP-04949,2024-04-08,2024-04-11,2024-04-11,Central,GlobalFreight,WH-07,Alpha Enterprises,451.69,248.92,34.1,Delayed
SHP-00464,2024-05-09,2024-05-11,2024-05-12,Central,GlobalFreight,WH-09,Alpha Ltd,119.56,107.62,12.56,Delivered
SHP-02378,2024-02-14,2024-02-16,2024-02-16,East,FastShip,WH-09,Sigma Group,192.05,94.36,9.84,Delivered
SHP-01398,2024-09-18,2024-09-22,2024-09-23,Central,ReliableCo,WH-08,Sigma Corp,498.54,318.75,16.81,Delivered
SHP-02054,2024-09-07,2024-09-08,2024-09-08,West,QuickMove,WH-03,Delta Corp,152.59,99.08,23.76,Delivered
SHP-00595,2024-03-13,2024-03-15,2024-03-15,South,SpeedEx,WH-10,Alpha Group,197.18,196.52,24.1,In Transit
SHP-02219,2025-01-14,2025-01-16,2025-01-16,Central,ReliableCo,WH-08,Alpha Partners,84.7,71.37,15.91,Delivered
SHP-00451,2025-04-11,2025-04-15,2025-04-15,West,QuickMove,WH-09,Omega Solutions,765.64,481.71,6.96,Delivered
SHP-01555,2025-06-21,2025-06-23,2025-06-23,Central,GlobalFreight,WH-10,Acme Co,246.49,128.26,52.41,Delivered
SHP-03788,2025-03-02,2025-03-05,2025-03-05,south,SpeedEx,WH-01,Beta Solutions,604.63,754.32,18.7,Delivered
SHP-03730,2025-01-17,2025-01-20,2025-01-22,West,SpeedEx,WH-03,Global Solutions,444.89,482.68,9.9,Delivered
SHP-03849,2024-04-03,2024-04-06,2024-04-07,South,ReliableCo,WH-05,Delta LLC,405.98,305.92,12.76,Delivered
SHP-02340,2025-04-09,2025-04-11,2025-04-12,South,SpeedEx,WH-05,Alpha Ltd,363.66,364.11,,Delivered
SHP-01469,2024-02-28,2024-03-01,2024-03-01,West,GlobalFreight,WH-04,Prime Inc,303.75,298.08,10.11,In Transit
SHP-04031,2024-04-11,2024-04-15,2024-04-15,South,ReliableCo,WH-03,Acme Co,432.46,382.89,9.42,Delivered
SHP-02989,2024-06-01,2024-06-04,2024-06-03,East,ReliableCo,WH-10,Omega Enterprises,192.21,112.2,14.24,Delivered
SHP-03600,2024-12-18,2024-12-20,2024-12-20,West,FastShip,WH-09,Acme Partners,584.34,0.0,23.86,Delivered
SHP-02060,2024-08-17,2024-08-19,2024-08-19,Central,FastShip,WH-02,Omega Corp,423.45,462.57,10.22,Delayed
SHP-04734,2024-04-07,2024-04-10,2024-04-11,west,Quick Move,WH-06,Beta LLC,158.84,105.15,22.59,In Transit
SHP-01000,2024-10-05,2024-10-07,2024-10-07,North,SpeedEx,WH-04,Global Solutions,70.34,106.27,25.85,Delivered
SHP-01478,2024-03-25,2024-03-28,2024-03-28,East,QuickMove,WH-09,Alpha Group,667.01,500.64,18.9,Delivered
SHP-02440,2024-02-04,2024-02-06,2024-02-06,East,Reliable Co,WH-09,Delta Partners,389.22,282.05,13.66,Delivered
SHP-00193,2024-09-30,2024-10-01,2024-10-02,West,ReliableCo,WH-10,Alpha Co,167.98,149.76,13.55,Delivered
SHP-03822,2024-12-12,2024-12-15,2024-12-15,North,SpeedEx,WH-08,Omega Co,115.23,126.75,70.4,Delivered
SHP-04239,2024-09-17,2024-09-19,2024-09-21,North,ReliableCo,WH-09,Delta Inc,232.09,214.74,30.02,Delivered
SHP-04962,2025-02-21,2025-02-22,2025-02-22,North,SpeedEx,WH-08,Omega LLC,164.38,146.26,67.99,Delivered
SHP-04279,2024-01-28,2024-01-31,2024-01-31,South,GlobalFreight,WH-10,Prime Inc,206.22,128.66,13.15,Delayed
SHP-04474,2024-11-08,2024-11-11,2024-11-11,West,GlobalFreight,WH-07,Delta Solutions,213.57,0.01,19.69,Delivered
SHP-04889,2024-02-15,2024-02-17,2024-02-17,West,FastShip,WH-08,Alpha Solutions,263.95,169.81,6.79,Delivered
SHP-02895,2025-03-14,2025-03-17,2025-03-17,East,SpeedEx,WH-09,Omega Inc,177.25,248.86,12.14,Delivered
SHP-04678,2024-11-16,2024-11-18,2024-11-19,Central,FastShip,WH-06,Acme Partners,127.63,118.31,34.6,Delivered
SHP-01740,2024-11-19,2024-11-22,2024-11-23,West,FastShip,WH-06,Acme Co,258.97,323.72,21.5,Delivered
SHP-03543,2024-12-25,2024-12-26,2024-12-28,North,GlobalFreight,WH-06,Prime Co,186.7,39.49,55.77,Delivered
SHP-04241,2025-01-17,2025-01-18,2025-01-18,Central,FastShip,WH-07,Acme Co,94.14,55.82,14.49,Delivered
SHP-01910,2024-09-04,2024-09-05,2024-09-05,West,FastShip,WH-07,Global Solutions,126.65,134.93,5.59,Delivered
SHP-02820,2025-02-24,2025-02-28,2025-02-28,East,GlobalFreight,WH-01,Sigma Co,760.19,553.3,10.11,Delivered
SHP-03035,2024-09-22,2024-09-25,2024-09-25,North,FastShip,WH-09,Delta Inc,238.48,170.1,40.17,In Transit
SHP-02466,2025-06-24,2025-06-26,2025-06-26,Central,FastShip,WH-05,Global Enterprises,351.86,327.1,9.48,In Transit
SHP-01663,2025-05-18,2025-05-21,2025-05-22,East,ReliableCo,WH-02,Acme Solutions,475.2,380.85,15.78,Delivered
SHP-02851,2025-03-06,2025-03-08,2025-03-08,West,GlobalFreight,WH-01,Delta Co,222.41,90.81,9.43,Returned
SHP-04972,2024-10-18,2024-10-19,2024-10-20,South,GlobalFreight,WH-08,Global LLC,205.03,103.41,8.78,Delivered
SHP-00192,2025-05-31,2025-06-03,2025-06-03,East,FastShip,WH-07,Beta Industries,487.63,411.93,69.38,Delayed
SHP-01727,2024-05-29,2024-05-30,2024-05-31,South,QuickMove,WH-07,Sigma Enterprises,196.31,114.56,15.63,Delivered
SHP-01748,2024-01-12,2024-01-15,2024-01-15,Central,GlobalFreight,WH-10,Acme Industries,241.42,187.44,39.4,Delivered
SHP-01363,2024-10-17,2024-10-19,2024-10-19,South,FastShip,WH-01,Global Enterprises,296.48,232.36,21.71,Delivered
SHP-04363,2025-03-06,2025-03-08,2025-03-08,East,ReliableCo,WH-02,Prime LLC,221.84,,34.39,Delivered
SHP-01655,2025-01-13,2025-01-15,2025-01-17,west,SpeedEx,WH-07,Prime Group,470.47,348.29,17.16,Delivered
SHP-04083,2024-08-11,2024-08-13,2024-08-14,West,GlobalFreight,WH-04,Prime Group,206.74,181.9,21.13,Delivered
SHP-03092,2024-12-27,2024-12-30,2024-12-30,South,FastShip,WH-06,Omega Industries,383.74,311.65,30.22,Delivered
SHP-04426,2025-05-21,2025-05-24,2025-05-24,North,ReliableCo,WH-10,Sigma Corp,219.34,220.14,38.7,Delivered
SHP-03723,2024-02-20,2024-02-23,2024-02-23,North,FastShip,WH-05,Acme Corp,534.15,398.72,5.71,Delivered
SHP-04311,2024-10-19,2024-10-21,2024-10-21,Central,SpeedEx,WH-07,Prime Inc,292.28,441.79499999999996,61.17,Delivered
SHP-03471,2024-11-26,2024-11-29,2024-11-29,North,SpeedEx,WH-06,Sigma Inc,122.39,158.01,79.9,Delivered
SHP-04059,2024-03-28,2024-03-30,2024-03-30,Central,SpeedEx,WH-09,Delta Group,445.69,355.64,7.08,Delivered
SHP-04027,2025-03-25,2025-03-27,2025-03-29,West,ReliableCo,WH-01,Delta Inc,478.83,365.47,34.79,Returned
SHP-00167,2025-06-08,2025-06-09,2025-06-10,South,SpeedEx,WH-06,Global Ltd,159.54,165.32,57.56,Delivered
SHP-02581,2024-09-19,2024-09-21,2024-09-21,North,SpeedEx,WH-05,Beta Inc,284.63,386.89,16.56,Delivered
SHP-02030,2024-10-22,2024-10-23,2024-10-23,Central,FastShip,WH-08,Prime Solutions,133.15,108.54,20.23,Delivered
SHP-01025,2025-02-18,2025-02-20,2025-02-20,North,SpeedEx,WH-09,Prime Corp,349.78,373.2,21.13,Delivered
SHP-03083,2024-09-28,2024-09-30,2024-09-30,North,FastShip,WH-06,Acme Ltd,196.47,140.95,22.2,In Transit
SHP-02293,2025-06-15,2025-06-18,2025-06-18,North,GlobalFreight,WH-03,Prime Co,288.18,77.92,20.72,In Transit
SHP-01293,2024-02-27,2024-02-29,2024-02-29,East,FastShip,WH-06,Acme LLC,154.52,138.53,8.24,Delivered
SHP-01895,2024-06-12,2024-06-14,2024-06-14,East,ReliableCo,WH-02,Sigma Industries,67.24,42.87,7.39,Delivered
SHP-02418,2025-06-01,2025-06-04,2025-06-04,North,ReliableCo,WH-06,Beta Industries,140.48,110.61,26.36,Delivered
SHP-03339,2024-09-22,2024-09-24,2024-09-25,North,SpeedEx,WH-01,Global Partners,422.24,544.37,18.29,Delivered
SHP-03025,2024-12-18,2024-12-21,2024-12-20,East,FastShip,WH-04,Acme LLC,548.44,524.51,22.5,Delivered
SHP-00153,2024-05-15,2024-05-16,2024-05-17,East,GlobalFreight,WH-03,Prime LLC,84.16,67.02,19.32,Delivered
SHP-02587,2024-05-16,2024-05-17,2024-05-17,East,ReliableCo,WH-04,Global Inc,354.41,328.74,53.46,Delivered
SHP-04741,2024-04-09,2024-04-10,2024-04-09,Central,GlobalFreight,WH-07,Sigma LLC,218.73,108.47,6.2,Delivered
SHP-03289,2025-06-20,2025-06-22,2025-06-23,North,SpeedEx,WH-02,Prime Enterprises,142.06,95.95,34.78,Delivered
SHP-02529,2025-04-16,2025-04-19,2025-04-19,West,QuickMove,WH-01,Sigma Industries,163.57,109.9,21.9,Delayed
SHP-03989,2024-05-22,2024-05-25,2024-05-26,Central,GlobalFreight,WH-07,Delta Corp,146.45,110.6,31.2,Delivered
SHP-04752,2024-05-15,2024-05-18,2024-05-19,Central,SpeedEx,WH-08,Global Ltd,773.06,957.68,50.79,Delayed
SHP-04997,2025-02-28,2025-03-02,2025-03-02,West,QuickMove,WH-08,Delta Group,263.77,155.5,12.47,Delivered
SHP-01322,2025-01-23,2025-01-27,2025-01-27,NORTH,QuickMove,WH-05,Acme LLC,646.31,373.77,52.16,In Transit
SHP-04877,2024-04-30,2024-05-02,2024-05-02,West,QuickMove,WH-09,Alpha Co,123.2,98.06,41.3,Delivered
SHP-01790,2025-05-06,2025-05-08,2025-05-08,East,QuickMove,WH-10,Sigma Ltd,493.07,303.01,15.15,Delayed
SHP-01715,2024-08-03,2024-08-04,2024-08-04,South,Quick Move,WH-08,Delta Partners,267.96,171.01,37.67,Returned
SHP-00032,2024-03-16,2024-03-19,2024-03-21,West,SpeedEx,WH-04,Global Inc,347.97,296.6,13.51,Delivered
SHP-00938,2024-11-05,2024-11-08,2024-11-08,Central,FastShip,WH-03,Delta Co,576.7,439.51,25.29,Delivered
SHP-02722,2024-04-17,2024-04-21,2024-04-22,West,QuickMove,WH-08,Beta LLC,411.33,253.47,11.12,Delayed
SHP-04103,2024-01-10,2024-01-11,2024-01-12,Central,SpeedEx,WH-10,Prime Industries,285.42,410.56,18.79,Delayed
SHP-01171,2024-12-19,2024-12-22,2024-12-22,East,ReliableCo,WH-06,Omega Industries,212.98,222.4,12.31,Delivered
SHP-00310,2024-08-13,2024-08-15,2024-08-16,South,SpeedEx,WH-06,Global Partners,669.56,831.76,62.8,Delivered
SHP-04604,2024-05-21,2024-05-24,2024-05-21,South,FastShip,WH-08,Prime Ltd,473.16,372.81,10.51,Delivered
SHP-01504,2025-04-10,2025-04-12,2025-04-12,Central,GlobalFreight,WH-01,Prime LLC,275.82,205.13,10.99,Delivered
SHP-03182,2025-04-21,2025-04-23,2025-04-24,West,GlobalFreight,WH-10,Omega Solutions,369.69,312.17,,Delivered
SHP-02670,2024-03-21,2024-03-24,2024-03-25,South,QuickMove,WH-09,Omega Ltd,474.19,306.81,35.28,Delivered
SHP-00496,2024-03-09,2024-03-11,2024-03-10,East,GlobalFreight,WH-08,Acme Enterprises,136.59,56.27,36.73,Delivered
SHP-00206,2024-11-04,2024-11-07,2024-11-09,South,GlobalFreight,WH-06,Acme Co,179.4,231.37,15.58,Delivered
SHP-04167,2024-08-15,2024-08-17,2024-08-17,East,GlobalFreight,WH-06,Beta Group,260.85,154.3,19.64,Delayed
SHP-03430,2025-03-30,2025-04-01,2025-04-01,Central,QuickMove,WH-02,Delta Corp,431.79,302.49,6.89,In Transit
SHP-03910,2024-12-23,2024-12-26,2024-12-26,EAST,QuickMove,WH-10,,817.74,502.39,8.87,Delivered
SHP-00306,2024-10-02,2024-10-05,2024-10-05,East,GlobalFreight,WH-06,Sigma Co,119.99,94.81,26.83,In Transit
SHP-03872,2024-09-17,2024-09-20,2024-09-20,North,QuickMove,WH-09,Delta Industries,316.29,172.55,150.18,Delivered
SHP-02101,2024-06-24,2024-06-26,2024-06-27,North,QuickMove,WH-04,,281.55,214.69,17.84,Delivered
SHP-01062,2024-03-11,2024-03-12,2024-03-12,Central,QuickMove,WH-06,Acme Ltd,248.42,177.98,93.44,In Transit
SHP-00844,2024-02-21,2024-02-23,2024-02-24,Central,QuickMove,WH-04,Prime Solutions,584.38,310.74,9.81,Delayed
SHP-02772,2024-07-05,2024-07-07,2024-07-08,North,GlobalFreight,WH-02,Sigma Enterprises,541.32,,19.49,Delivered
SHP-03835,2024-11-25,2024-11-26,2024-11-27,West,ReliableCo,WH-10,,97.1,65.82,17.22,Delivered
SHP-00212,2024-07-02,2024-07-03,2024-07-04,North,ReliableCo,WH-06,Global Partners,270.39,218.43,112.02,Delivered
SHP-01109,2024-07-19,2024-07-21,2024-07-22,South,ReliableCo,,Acme Ltd,280.34,179.25,32.69,Delivered
SHP-03794,2024-04-02,2024-04-04,2024-04-04,East,QuickMove,WH-04,Sigma Corp,123.92,114.05,31.27,Delivered
SHP-00680,2024-09-24,2024-09-26,2024-09-27,Central,GlobalFreight,WH-07,Beta Industries,356.13,150.39,21.9,In Transit
SHP-00566,2024-07-19,2024-07-22,2024-07-23,North,FastShip,WH-08,Global Solutions,318.0,329.24,9.49,In Transit
SHP-02585,2024-02-13,2024-02-16,2024-02-17,West,FastShip,WH-01,Prime Group,149.45,115.21,9.12,Delayed
SHP-03657,2025-01-10,2025-01-13,2025-01-14,Central,GlobalFreight,WH-06,Global LLC,79.95,37.43,44.46,Delivered
SHP-00681,2024-12-07,2024-12-09,2024-12-09,Central,FastShip,WH-09,Global Enterprises,790.36,546.27,56.67,Delivered
SHP-00181,2024-12-14,2024-12-16,2024-12-15,East,FastShip,WH-02,Sigma Corp,294.32,,33.79,Delivered
SHP-03079,2025-05-05,2025-05-08,2025-05-07,East,ReliableCo,WH-04,Prime Solutions,147.95,99.5,34.03,Delivered
SHP-01261,2024-05-28,2024-05-29,2024-05-29,South,FastShip,WH-05,Beta Industries,330.12,272.17,11.37,In Transit
SHP-04727,2024-12-08,2024-12-09,2024-12-09,West,SpeedEx,WH-10,Beta Co,154.52,115.84,6.6,Delivered
SHP-04323,2024-04-06,2024-04-08,2024-04-07,West,FastShip,WH-08,Prime Partners,200.25,221.95,56.84,Delivered
SHP-00279,2024-02-01,2024-02-03,2024-02-04,west,GlobalFreight,WH-06,Omega Inc,412.42,266.06,25.93,Delivered
SHP-04682,2024-08-23,2024-08-24,2024-08-26,South,GlobalFreight,WH-05,Alpha Partners,350.34,113.93,6.81,Delivered
SHP-02146,2024-06-26,2024-06-28,2024-06-28,West,ReliableCo,WH-03,Beta Co,271.61,115.75,31.21,Delayed
SHP-00433,2025-05-06,2025-05-08,2025-05-09,West,SpeedEx,WH-03,Omega Ltd,305.02,318.48,15.73,Delivered
SHP-00290,2024-01-07,2024-01-08,2024-01-09,Central,SpeedEx,WH-05,Sigma Partners,161.92,217.86,16.0,Delivered
SHP-01028,2024-12-09,2024-12-11,2024-12-11,West,GlobalFreight,WH-03,Omega Inc,216.98,,11.66,Delivered
SHP-00536,2024-07-19,2024-07-21,2024-07-21,West,QuickMove,WH-03,Omega Solutions,270.12,193.76,23.83,Delayed
SHP-04141,2024-07-04,2024-07-07,2024-07-08,South,GlobalFreight,WH-08,Beta Solutions,408.89,145.49,13.11,Delayed
SHP-00189,2024-08-30,2024-09-01,2024-09-02,Central,SpeedEx,WH-07,Global Inc,136.25,117.53,126.81,Delivered
SHP-04274,2025-03-23,2025-03-25,2025-03-25,South,ReliableCo,WH-01,Omega Partners,335.71,261.71,3.41,Delivered
SHP-03998,2025-03-27,2025-03-30,2025-03-31,North,FastShip,WH-01,Prime Ltd,288.5,191.41,31.37,Delivered
SHP-01221,2025-03-10,2025-03-14,2025-03-15,North,GlobalFreight,WH-07,,444.2,152.93,28.02,In Transit
SHP-00271,2024-03-07,2024-03-08,2024-03-09,East,GlobalFreight,WH-03,Omega Partners,198.5,99.95,85.95,Delivered
SHP-01718,2024-02-22,2024-02-25,2024-02-25,West,ReliableCo,WH-05,Delta Corp,178.41,148.4,32.03,Delivered
SHP-04131,2024-01-31,2024-02-01,2024-02-03,West,ReliableCo,WH-09,Delta Group,256.83,210.71,17.3,Delayed
SHP-02673,2025-04-17,2025-04-21,2025-04-21,East,QuickMove,WH-06,Sigma Enterprises,506.16,328.46,36.97,Delivered
SHP-03774,2024-07-30,2024-08-02,2024-08-03,Central,GlobalFreight,WH-08,Global Enterprises,499.91,351.6,45.92,Returned
SHP-00112,2024-04-08,2024-04-10,2024-04-11,South,ReliableCo,WH-01,Sigma Partners,111.87,92.1,10.4,Delivered
SHP-03427,2024-08-10,2024-08-13,2024-08-14,East,FastShip,WH-01,Prime Ltd,334.61,210.47,25.7,Delivered
SHP-00221,2024-12-06,2024-12-10,2024-12-10,North,QuickMove,WH-01,Alpha LLC,1114.5,725.6,41.72,Delivered
SHP-03704,2024-10-10,2024-10-11,2024-10-11,South,FastShip,WH-06,Sigma Group,157.44,175.57,39.35,Delivered
SHP-00628,2024-07-26,2024-07-27,2024-07-27,East,Fast Ship,WH-01,Prime Industries,108.78,100.33,29.46,Returned
SHP-01974,2025-03-29,2025-03-31,2025-03-30,East,QuickMove,WH-01,Prime Enterprises,119.52,60.53,13.68,Delivered
SHP-03429,2024-04-14,2024-04-15,2024-04-15,North,ReliableCo,WH-05,Prime Group,395.36,271.54,4.25,Delayed
SHP-03911,2024-06-16,2024-06-18,2024-06-18,East,GlobalFreight,WH-05,Acme LLC,275.57,120.23,34.64,In Transit
SHP-00791,2025-04-24,2025-04-26,2025-04-26,East,SpeedEx,WH-06,Acme Enterprises,170.05,167.54,12.35,Delivered
SHP-02053,2024-06-02,2024-06-03,2024-06-04,West,FastShip,WH-07,Acme Solutions,128.17,120.92,31.47,Delivered
SHP-00462,2024-08-28,2024-08-31,2024-08-31,North,GlobalFreight,WH-10,Acme Enterprises,269.32,263.86,10.95,Delivered
SHP-04452,2024-11-10,2024-11-13,2024-11-13,East,GlobalFreight,WH-01,Sigma Inc,164.87,93.3,9.9,Delivered
SHP-00552,2024-09-28,2024-09-30,2024-09-30,Central,SpeedEx,WH-10,Omega Corp,137.85,202.78,25.76,Delivered
SHP-01182,2025-04-07,2025-04-10,2025-04-09,East,SpeedEx,WH-08,Omega Group,233.1,268.68,14.27,Delivered
SHP-04999,2024-03-05,2024-03-07,2024-03-08,North,FastShip,WH-04,Sigma Group,417.09,414.12,26.35,Delivered
SHP-00199,2024-09-08,2024-09-11,2024-09-11,East,QuickMove,,Alpha Co,288.0,170.46,41.98,Delivered
SHP-02644,2024-11-08,2024-11-11,2024-11-12,West,GlobalFreight,WH-09,Delta Group,118.5,31.53,27.2,Delayed
SHP-01730,2024-06-10,2024-06-13,2024-06-14,Central,GlobalFreight,WH-08,Prime Group,127.35,143.31,19.65,In Transit
SHP-00403,2024-01-09,2024-01-10,2024-01-10,Central,reliable co,WH-07,Global Ltd,297.03,205.44,6.72,Delivered
SHP-03122,2024-09-04,2024-09-05,2024-09-05,North,FastShip,WH-05,Prime Solutions,129.37,115.65,51.8,Delivered
SHP-04399,2024-06-09,2024-06-11,2024-06-11,Central,GlobalFreight,WH-04,Acme Co,291.31,0.01,6.6,Delivered
SHP-04818,2024-06-13,2024-06-16,2024-06-16,South,SpeedEx,WH-01,Prime Partners,185.44,142.03,62.69,Delivered
SHP-02615,2025-05-01,2025-05-02,2025-05-05,South,reliable co,WH-09,Alpha Group,177.83,118.08,65.0,Delayed
SHP-04856,2024-01-14,2024-01-15,2024-01-15,Central,QuickMove,WH-07,Omega Inc,114.59,79.91,22.6,Delayed
SHP-04513,2025-04-09,2025-04-10,2025-04-10,North,ReliableCo,WH-04,Acme Partners,221.5,174.05,19.13,Delivered
SHP-00651,2024-12-16,2024-12-19,2024-12-19,Central,ReliableCo,WH-07,Beta Co,79.37,49.44,8.73,Delivered
SHP-00709,2024-12-06,2024-12-08,2024-12-08,Central,FastShip,WH-03,Sigma Ltd,624.99,508.42,16.28,Delivered
SHP-01535,2025-01-22,2025-01-26,2025-01-26,Central,ReliableCo,WH-02,Alpha Group,470.57,357.05,39.22,Delivered
SHP-04464,2024-08-21,2024-08-22,2024-08-22,south,ReliableCo,WH-08,Acme Corp,214.25,229.3,70.66,Delivered
SHP-01492,2025-01-31,2025-02-03,2025-02-03,South,SpeedEx,WH-08,Acme Enterprises,556.04,729.96,47.31,Delivered
SHP-01903,2024-01-23,2024-01-24,2024-01-24,West,GlobalFreight,WH-07,Omega Industries,195.34,131.0,1.52,Delivered
SHP-01838,2024-12-22,2024-12-23,2024-12-24,East,FastShip,WH-05,Alpha Industries,142.56,101.6,21.94,Delivered
SHP-00315,2024-08-11,2024-08-14,2024-08-14,North,SpeedEx,WH-08,Prime Industries,667.5,616.6,19.32,Delivered
SHP-02524,2024-07-21,2024-07-24,2024-07-23,Central,SpeedEx,WH-05,Beta Corp,55.99,59.99,61.52,Delivered
SHP-04525,2024-04-10,2024-04-12,2024-04-12,Central,GlobalFreight,WH-05,Acme Co,345.03,144.87,26.07,Delayed
SHP-00114,2024-02-09,2024-02-11,2024-02-12,East,Speed Ex,WH-06,Prime Ltd,135.44,131.03,11.53,Delayed
SHP-00961,2025-02-19,2025-02-21,2025-02-21,South,FastShip,WH-02,Beta Solutions,169.25,168.72,7.69,Delivered
SHP-03712,2024-06-15,2024-06-17,2024-06-17,West,ReliableCo,WH-07,Omega Group,276.03,244.06,25.31,Delivered
SHP-02304,2024-01-31,2024-02-03,2024-02-03,Central,SpeedEx,WH-01,,506.69,479.17,46.6,In Transit
SHP-02789,2025-03-19,2025-03-22,2025-03-21,West,QuickMove,WH-06,Omega Partners,117.42,70.0,43.77,Delivered
SHP-03394,2024-10-27,2024-10-29,2024-10-29,Central,GlobalFreight,WH-07,Delta Ltd,256.6,162.01,18.15,Delayed
SHP-04012,2025-03-30,2025-03-31,2025-04-01,West,FastShip,WH-09,Beta Industries,251.36,269.1,7.99,Delivered
SHP-03834,2024-08-08,2024-08-12,2024-08-11,South,GlobalFreight,WH-06,Sigma Co,607.63,0.01,8.96,Delivered
SHP-03264,2025-02-16,2025-02-17,2025-02-20,south,QuickMove,WH-10,Acme Inc,282.35,172.29,19.81,In Transit
SHP-03470,2025-01-09,2025-01-10,2025-01-10,North,QuickMove,WH-03,Global Partners,61.05,44.58,14.03,Delivered
SHP-04498,2024-12-10,2024-12-11,2024-12-11,North,FastShip,WH-02,Prime Ltd,159.22,157.84,41.14,Delivered
SHP-04579,2024-02-28,2024-03-02,2024-03-03,North,QuickMove,WH-07,Sigma Inc,559.67,424.95,11.86,Delivered
SHP-02719,2024-12-13,2024-12-16,2024-12-16,West,GlobalFreight,WH-02,Prime Ltd,369.9,379.41,5.13,In Transit
SHP-01996,2024-08-26,2024-08-29,2024-08-29,North,FastShip,WH-04,Prime Enterprises,140.14,117.59,75.38,Delivered
SHP-04057,2025-02-13,2025-02-16,2025-02-13,Central,FastShip,WH-07,Omega Enterprises,365.38,410.33,19.79,Delivered
SHP-00327,2024-10-12,2024-10-15,2024-10-15,East,ReliableCo,WH-02,Alpha Enterprises,337.61,255.11,19.96,Delivered
SHP-00605,2024-02-28,2024-03-01,2024-03-01,East,SpeedEx,,Prime LLC,340.66,408.0,7.94,Delivered
SHP-04238,2024-05-05,2024-05-06,2024-05-06,East,GlobalFreight,WH-01,Beta Corp,175.75,175.6,18.1,Delivered
SHP-03163,2024-04-27,2024-04-30,2024-05-01,Central,SpeedEx,WH-04,Acme Industries,83.34,120.0,7.72,Delivered
SHP-02634,2024-07-24,2024-07-27,2024-07-28,North,GlobalFreight,WH-05,Alpha Co,188.5,21.32,8.59,Delivered
SHP-02371,2024-04-25,2024-04-27,2024-04-28,South,GlobalFreight,WH-05,Delta Enterprises,347.34,61.59,24.35,Delivered
SHP-01618,2024-03-01,2024-03-03,2024-03-03,North,ReliableCo,WH-03,Global LLC,336.44,254.86,16.11,In Transit
SHP-02925,2024-11-16,2024-11-19,2024-11-19,West,GlobalFreight,WH-09,Delta Co,167.71,122.2,7.25,Delivered
SHP-01413,2024-06-30,2024-07-02,2024-07-03,South,SpeedEx,WH-09,Delta Industries,583.29,615.93,21.29,Delivered
SHP-03397,2025-03-25,2025-03-26,2025-03-27,South,SpeedEx,WH-02,Prime Corp,376.96,357.42,27.1,Delivered
SHP-02375,2024-02-22,2024-02-24,2024-02-25,South,QuickMove,WH-10,Acme Co,515.79,364.45,64.43,Delivered
SHP-01778,2024-12-31,2025-01-02,2025-01-03,West,ReliableCo,WH-07,Beta Enterprises,59.12,32.76,22.52,Delivered
SHP-03742,2025-04-10,2025-04-13,2025-04-13,Central,GlobalFreight,WH-02,Alpha Inc,259.59,157.16,132.77,Delivered
SHP-00790,2024-12-29,2025-01-01,2025-01-01,North,QuickMove,WH-08,Global Corp,116.46,96.99,25.01,Delivered
SHP-02312,2025-01-12,2025-01-13,2025-01-13,Central,fastship,WH-04,Sigma LLC,204.42,185.52,10.04,Delivered
SHP-03296,2024-11-23,2024-11-26,2024-11-26,East,QuickMove,WH-09,Omega Solutions,283.49,190.34,22.49,Delivered
SHP-03881,2024-10-21,2024-10-22,2024-10-22,West,ReliableCo,WH-03,Sigma Solutions,245.71,72.16,9.22,In Transit
SHP-00872,2025-04-18,2025-04-19,2025-04-19,west,SpeedEx,WH-08,Prime Ltd,133.44,197.83,31.99,Delivered
SHP-02095,2024-03-27,2024-03-28,2024-03-28,West,QuickMove,WH-06,Acme Inc,107.91,84.28,23.61,Delivered
SHP-01375,2024-04-28,2024-05-01,2024-05-01,West,ReliableCo,,Sigma Partners,226.53,70.48,61.54,Delivered
SHP-03443,2024-11-22,2024-11-24,2024-11-25,South,FastShip,WH-05,Sigma Ltd,140.64,125.88,5.03,In Transit
SHP-00074,2025-05-04,2025-05-07,2025-05-08,west,FastShip,WH-08,Delta Ltd,171.81,155.24,12.37,Delivered
SHP-03672,2025-01-13,2025-01-14,2025-01-15,East,GlobalFreight,WH-01,Delta Industries,156.28,71.92,13.14,Delivered
SHP-01624,2024-04-28,2024-04-30,2024-04-30,North,FastShip,WH-09,Sigma Industries,434.76,302.63,26.23,Delayed
SHP-03361,2024-03-12,2024-03-15,2024-03-16,North,FastShip,WH-01,Omega Group,525.18,451.32,25.47,Delivered
SHP-03075,2025-03-15,2025-03-18,2025-03-18,East,SpeedEx,WH-07,Acme Group,198.98,180.15,31.53,Delivered
SHP-02017,2025-02-22,2025-02-24,2025-02-24,East,FastShip,WH-09,Beta LLC,144.19,147.75,38.4,Delivered
SHP-04626,2024-09-08,2024-09-11,2024-09-11,East ,FastShip,WH-06,Beta Industries,236.84,145.89,73.57,Delayed
SHP-03888,2024-11-10,2024-11-11,2024-11-11,North,SpeedEx,WH-04,Beta Industries,143.97,95.11,24.97,Delivered
SHP-02291,2025-06-22,2025-06-24,2025-06-24,North,GlobalFreight,WH-03,Prime Solutions,176.82,141.68,42.42,Delivered
SHP-04391,2024-11-06,2024-11-08,2024-11-09,Central,FastShip,WH-03,Sigma Solutions,661.03,566.54,109.53,In Transit
SHP-02639,2025-02-20,2025-02-21,2025-02-21,Central,FastShip,WH-08,Omega Industries,112.32,112.48,6.96,Delivered
SHP-00495,2025-04-24,2025-04-26,2025-04-26,Central,Fast Ship,WH-10,Omega Co,480.33,352.59,26.71,Delivered
SHP-03280,2024-06-20,2024-06-23,2024-06-23,East,SpeedEx,WH-10,Prime Solutions,696.94,478.36,28.16,Delivered
SHP-04646,2024-09-29,2024-10-02,2024-10-03,South,SpeedEx,WH-10,Acme Industries,337.79,318.51,17.49,Delivered
SHP-01607,2024-05-12,2024-05-15,2024-05-15,EAST,GlobalFreight,WH-06,Beta Inc,175.85,62.55,57.43,Returned
SHP-01165,2024-03-06,2024-03-08,2024-03-08,West,SpeedEx,WH-09,Sigma Enterprises,202.52,235.23,11.45,Delivered
SHP-01269,2025-02-05,2025-02-06,2025-02-06,West,SpeedEx,WH-08,Beta Solutions,352.73,405.72,21.55,Delayed
SHP-03214,2024-10-22,2024-10-24,2024-10-24,west,GlobalFreight,,Global Ltd,153.04,38.15,5.65,In Transit
SHP-03524,2025-05-09,2025-05-12,2025-05-12,East,FastShip,WH-09,Beta Inc,100.01,83.51,12.94,In Transit
SHP-02225,2024-06-02,2024-06-03,2024-06-03,East,QuickMove,WH-05,Beta Ltd,336.37,199.89,31.07,Delivered
SHP-02629,2024-06-06,2024-06-08,2024-06-08,NORTH,ReliableCo,WH-06,Prime LLC,231.12,180.99,39.5,Delayed
SHP-00619,2024-05-17,2024-05-20,2024-05-20,Central,GlobalFreight,WH-08,Sigma Industries,152.69,105.53,33.28,Delivered
SHP-02868,2024-06-17,2024-06-19,2024-06-20,West,SpeedEx,WH-10,Omega Co,211.53,300.74,18.41,Delivered
SHP-02303,2024-11-24,2024-11-27,2024-11-28,West,SpeedEx,WH-09,Global Inc,283.83,209.23,10.52,Delivered
SHP-04375,2024-11-11,2024-11-14,2024-11-15,West,ReliableCo,WH-06,Delta Partners,172.86,137.1,27.25,In Transit
SHP-03619,2024-09-30,2024-10-03,2024-10-03,Central,GlobalFreight,WH-03,Global Industries,101.0,34.63,28.34,Delivered
SHP-02118,2024-03-14,2024-03-16,2024-03-16,Central,FastShip,WH-06,Global LLC,118.47,99.36,58.93,Delivered
SHP-03483,2024-02-17,2024-02-19,2024-02-19,North,SpeedEx,WH-06,Alpha Ltd,540.84,619.7,5.73,Delayed
SHP-00870,2025-04-17,2025-04-20,2025-04-20,East ,GlobalFreight,WH-05,Delta Group,439.96,416.24,53.01,Delivered
SHP-02777,2024-09-01,2024-09-02,2024-09-01,West,ReliableCo,WH-10,Acme Corp,367.65,314.12,13.73,Delivered
SHP-01043,2024-08-03,2024-08-06,2024-08-06,West,QuickMove,WH-01,Global Industries,442.23,241.33,17.95,Returned
SHP-03106,2025-01-02,2025-01-05,2025-01-04,South,SpeedEx,WH-06,Beta Ltd,137.98,109.65,36.78,Delivered
SHP-00357,2024-08-07,2024-08-09,2024-08-09,East,QuickMove,WH-09,Beta LLC,130.73,118.39,9.28,Delivered
SHP-01163,2024-05-24,2024-05-26,2024-05-26,East,SpeedEx,WH-06,Omega Partners,92.76,96.27,31.14,Delivered
SHP-04266,2025-01-06,2025-01-10,2025-01-11,East,SpeedEx,WH-03,Global Industries,415.31,403.43,9.68,Delivered
SHP-02706,2024-05-17,2024-05-18,2024-05-18,East,GlobalFreight,WH-02,Delta Partners,135.04,-17.27,26.06,Delayed
SHP-02544,2025-03-13,2025-03-14,2025-03-15,South,QuickMove,WH-07,Beta Partners,359.25,227.72,17.45,Delivered
SHP-03400,2024-11-21,2024-11-24,2024-11-25,Central,ReliableCo,WH-01,Alpha Co,270.48,276.8,25.01,In Transit
SHP-01833,2024-11-05,2024-11-07,2024-11-07,West,GlobalFreight,WH-02,Sigma Group,107.19,158.96,33.35,Delivered
SHP-03622,2024-11-12,2024-11-14,2024-11-14,Central,GlobalFreight,WH-10,Sigma Enterprises,294.56,177.19,58.5,Delivered
SHP-03718,2024-06-12,2024-06-16,2024-06-17,West,SpeedEx,WH-04,Global Enterprises,408.69,482.96,36.81,Returned
SHP-02930,2025-06-15,2025-06-16,2025-06-16,West,GlobalFreight,WH-07,Prime Partners,305.71,105.8,68.09,Delivered
SHP-04857,2024-10-17,2024-10-19,2024-10-20,North,FastShip,WH-10,Delta Solutions,297.85,280.34,21.5,Delivered
SHP-00333,2024-02-13,2024-02-15,2024-02-15,East ,FastShip,WH-09,Delta Enterprises,118.41,127.84,47.14,Delivered
SHP-02575,2025-04-07,2025-04-08,2025-04-10,South,SpeedEx,WH-05,Alpha Solutions,59.54,81.66,27.44,Delayed
SHP-03434,2024-10-28,2024-10-30,2024-10-30,North,SpeedEx,WH-05,Global Partners,605.93,821.26,35.72,Delivered
SHP-03853,2025-05-07,2025-05-09,2025-05-09,East,ReliableCo,WH-07,Omega Partners,223.86,167.54,,Delivered
SHP-01259,2024-10-19,2024-10-22,2024-10-22,East,SpeedEx,WH-02,Beta Industries,379.4,485.23,107.35,Delivered
SHP-03746,2025-05-20,2025-05-21,2025-05-21,North,Global Freight,WH-10,Sigma Partners,119.52,20.38,145.03,Delivered
SHP-01695,2024-03-07,2024-03-10,2024-03-10,East,QuickMove,WH-05,Alpha Co,412.94,323.09,17.91,Delivered
SHP-01117,2025-01-03,2025-01-06,2025-01-06,Central,ReliableCo,WH-09,Delta Group,172.78,158.96,26.91,Delivered
SHP-02474,2024-04-16,2024-04-17,2024-04-17,East,ReliableCo,WH-05,Acme Solutions,196.78,142.22,11.65,Delivered
SHP-03908,2024-09-08,2024-09-11,2024-09-12,South,SpeedEx,WH-07,Prime Ltd,76.86,106.49,13.88,Delivered
SHP-02570,2024-02-29,2024-03-01,2024-03-01,Central,FastShip,WH-07,Acme Group,262.7,228.71,46.19,Delayed
SHP-02518,2025-06-17,2025-06-19,2025-06-19,Central,QuickMove,WH-06,Alpha Partners,278.5,182.67,9.19,Delivered
SHP-04081,2024-12-03,2024-12-06,2024-12-06,East,SpeedEx,WH-06,Omega Partners,427.22,474.0,22.22,In Transit
SHP-01425,2024-03-16,2024-03-17,2024-03-17,South,QuickMove,WH-09,Delta Corp,192.49,132.72,,Delivered
SHP-00446,2024-10-12,2024-10-14,2024-10-14,west,FastShip,WH-02,Beta Corp,105.24,65.7,34.19,Delivered
SHP-02292,2024-02-02,2024-02-06,2024-02-06,East,FastShip,WH-09,Sigma Co,429.83,284.5,9.98,Delivered
SHP-00453,2025-01-19,2025-01-21,2025-01-22,West,ReliableCo,WH-01,Alpha Corp,94.75,61.91,22.26,Delivered
SHP-01612,2024-03-13,2024-03-14,2024-03-14,Central,QuickMove,WH-06,Prime Solutions,391.7,244.18,14.54,Delivered
SHP-04484,2024-07-03,2024-07-07,2024-07-07,East,ReliableCo,WH-03,Delta Ltd,421.88,357.38,10.91,Delivered
SHP-03769,2024-07-09,2024-07-12,2024-07-13,Central,FastShip,WH-08,Acme Inc,468.45,419.63,11.75,Delivered
SHP-00015,2024-04-18,2024-04-19,2024-04-19,Central,SpeedEx,WH-03,Alpha Ltd,147.89,174.93,39.76,Delivered
SHP-04615,2025-04-25,2025-04-29,2025-04-30,South,QuickMove,WH-02,Delta LLC,862.25,609.51,42.01,Delivered
SHP-00946,2024-08-08,2024-08-10,2024-08-10,North,SpeedEx,WH-06,Prime Partners,223.59,187.67,8.84,Delivered
SHP-00248,2024-10-16,2024-10-18,2024-10-19,East,SpeedEx,WH-01,Beta Co,214.31,246.91,4.81,Delivered
SHP-04356,2025-01-08,2025-01-11,2025-01-11,North,QuickMove,WH-04,Sigma Group,296.18,205.52,22.95,Delivered
SHP-00361,2024-06-01,2024-06-03,2024-06-04,East,SpeedEx,WH-05,Global Co,364.21,417.11,8.1,Delivered
SHP-04709,2025-01-30,2025-02-01,2025-02-01,West,GlobalFreight,,Alpha Group,210.56,124.17,18.96,Delivered
SHP-03907,2024-11-05,2024-11-06,2024-11-08,South,QuickMove,WH-02,Alpha Solutions,217.85,145.81,30.29,Delivered
SHP-04412,2024-04-29,2024-04-30,2024-04-30,Central,FastShip,WH-09,Prime Enterprises,279.2,245.44,20.99,Delivered
SHP-04526,2024-10-31,2024-11-02,2024-11-02,West,FastShip,WH-06,Global LLC,142.04,149.39,13.07,Delivered
SHP-04140,2025-05-20,2025-05-24,2025-05-24,North,ReliableCo,WH-03,Beta Co,594.02,547.65,9.32,Delivered
SHP-03321,2024-08-03,2024-08-06,2024-08-06,West,FastShip,WH-03,Global Partners,189.14,164.22,10.29,Delayed
SHP-04783,2024-04-10,2024-04-11,2024-04-12,South,FastShip,WH-08,Global Enterprises,168.2,104.29,5.94,Delivered
SHP-03662,2025-05-17,2025-05-19,2025-05-21,South,FastShip,WH-07,Acme Solutions,259.33,260.45,10.54,In Transit
SHP-04431,2024-06-19,2024-06-21,2024-06-23,South,FastShip,WH-02,Beta Inc,124.52,89.42,5.24,Delivered
SHP-04940,2025-04-28,2025-05-01,2025-05-02,East,ReliableCo,WH-05,Beta Group,181.76,183.3,7.56,Delivered
SHP-02916,2025-06-19,2025-06-21,2025-06-20,Central,GlobalFreight,WH-03,Prime Corp,144.16,153.44,12.94,Delivered
SHP-00491,2024-07-20,2024-07-21,2024-07-21,Central,FastShip,WH-10,Omega Industries,236.76,,31.55,Delivered
SHP-00863,2024-08-19,2024-08-21,2024-08-21,North,FastShip,WH-10,,193.91,150.93,8.34,Delayed
SHP-01808,2024-04-03,2024-04-05,2024-04-05,East,SpeedEx,WH-05,Global Group,269.45,226.4,65.45,Delayed
SHP-04629,2024-04-12,2024-04-14,2024-04-14,West,ReliableCo,WH-06,Global LLC,311.51,223.84,38.7,Delivered
SHP-02590,2024-03-30,2024-03-31,2024-03-31,Central,Reliable Co,WH-05,Acme Industries,330.26,223.84,21.88,Delivered
SHP-02624,2024-11-09,2024-11-11,2024-11-11,East,FastShip,WH-08,Global Enterprises,127.39,94.8,16.74,Delivered
SHP-01685,2025-01-22,2025-01-25,2025-01-26,West,ReliableCo,WH-02,Acme LLC,398.23,532.46,9.78,Delivered
SHP-00507,2024-05-17,2024-05-19,2024-05-20,Central,QuickMove,WH-03,Beta Ltd,50.0,44.0,47.81,Delivered
SHP-02903,2024-02-26,2024-02-28,2024-02-28,Central,GlobalFreight,WH-06,Global Enterprises,113.42,90.62,124.18,Delivered
SHP-00026,2025-04-16,2025-04-18,2025-04-18,Central,QuickMove,WH-05,Sigma Enterprises,104.67,69.68,11.45,Delayed
SHP-02672,2025-03-22,2025-03-23,2025-03-23,East,ReliableCo,WH-07,,94.98,40.11,16.75,Delivered
SHP-01223,2025-01-27,2025-01-28,2025-01-29,East,SpeedEx,WH-03,Global Partners,280.48,250.88,8.55,Delivered
SHP-01114,2024-10-29,2024-11-02,2024-11-03,North,ReliableCo,WH-06,Omega Group,487.75,489.47,24.58,Delivered
SHP-03699,2024-09-13,2024-09-15,2024-09-15,South,QuickMove,WH-05,Alpha Solutions,247.53,189.79,22.8,Returned
SHP-04099,2025-02-28,2025-03-03,2025-03-03,North,FastShip,WH-03,,608.75,556.21,16.04,Delivered
SHP-01737,2025-05-22,2025-05-23,2025-05-23,Central,GlobalFreight,WH-08,Alpha Ltd,83.39,4.04,37.66,Delivered
SHP-04725,2025-01-07,2025-01-11,2025-01-11,Central,QuickMove,WH-10,Global Co,539.28,380.08,16.49,In Transit
SHP-00434,2025-02-04,2025-02-07,2025-02-08,South,FastShip,WH-02,Delta LLC,241.86,,6.48,Delivered
SHP-02111,2024-02-20,2024-02-23,2024-02-25,South,QuickMove,WH-02,Beta Industries,151.81,102.67,8.02,Delivered
SHP-04719,2024-07-08,2024-07-09,2024-07-09,North,QuickMove,WH-04,Beta Solutions,215.79,168.82,48.55,Delayed
SHP-02898,2024-01-24,2024-01-26,2024-01-26,East,GLOBALFREIGHT,WH-02,Beta Solutions,203.46,156.53,8.91,In Transit
SHP-04236,2024-09-16,2024-09-19,2024-09-20,East,SpeedEx,WH-01,Sigma LLC,218.05,197.26,22.2,Delivered
SHP-02688,2024-12-15,2024-12-18,2024-12-18,CENTRAL,GlobalFreight,WH-09,Delta Ltd,78.51,54.77,43.37,Delivered
SHP-03232,2024-09-08,2024-09-10,2024-09-10,North,QuickMove,WH-03,Global Group,319.55,266.72,26.08,Delivered
SHP-02479,2024-01-05,2024-01-08,2024-01-08,Central,GlobalFreight,WH-04,Delta Inc,159.06,126.66,24.6,Delivered
SHP-01457,2024-10-29,2024-10-30,2024-10-30,North,FastShip,WH-03,Beta Corp,171.03,142.58,20.57,Delivered
SHP-03215,2024-01-08,2024-01-11,2024-01-11,East,ReliableCo,WH-05,Beta Corp,376.55,283.2,7.54,Delivered
SHP-01103,2025-04-22,2025-04-24,2025-04-25,West,SpeedEx,WH-05,Sigma Partners,338.51,315.8,19.24,Delayed
SHP-01500,2024-12-12,2024-12-14,2024-12-13,North,GlobalFreight,WH-04,Prime Group,488.62,361.77,8.85,Delivered
SHP-02679,2024-06-12,2024-06-14,2024-06-13,South,FastShip,WH-02,Beta Solutions,103.68,84.31,6.94,Delivered
SHP-02481,2024-08-15,2024-08-17,2024-08-17,West,SpeedEx,WH-04,Sigma Enterprises,131.92,88.43,41.8,Delivered
SHP-03922,2024-02-06,2024-02-09,2024-02-10,south,GlobalFreight,WH-02,Acme Ltd,480.78,199.0,24.67,Delivered
SHP-00157,2025-01-10,2025-01-12,2025-01-12,East,ReliableCo,WH-04,Beta Co,636.45,351.37,18.39,Delivered
SHP-03044,2024-05-16,2024-05-19,2024-05-20,South,QuickMove,WH-09,Delta Corp,72.13,36.55,15.94,Delivered
SHP-04801,2025-02-22,2025-02-23,2025-02-23,North,SpeedEx,WH-09,Omega Corp,184.47,185.4,21.78,Delivered
SHP-00616,2024-05-28,2024-05-31,2024-05-31,Central,SpeedEx,WH-04,Delta Partners,256.1,312.59,8.45,Delivered
SHP-00644,2025-02-23,2025-02-26,2025-02-26,East,FastShip,WH-07,Alpha Inc,204.42,254.12,9.22,Delivered
SHP-02743,2024-01-07,2024-01-10,2024-01-11,West,GLOBALFREIGHT,WH-03,Beta Ltd,352.88,251.7,17.68,Delivered
SHP-03936,2024-08-10,2024-08-11,2024-08-11,West,SpeedEx,WH-02,Omega Ltd,105.98,132.9,24.6,Delivered
SHP-01069,2024-02-01,2024-02-02,2024-02-02,East,ReliableCo,WH-05,Omega LLC,108.29,37.43,18.71,Delivered
SHP-04789,2024-01-15,2024-01-17,2024-01-19,South,ReliableCo,WH-05,Acme Partners,177.13,128.41,85.61,Delivered
SHP-02701,2024-06-11,2024-06-12,2024-06-12,Central,QuickMove,WH-06,Alpha Solutions,174.05,126.88,20.71,Delivered
SHP-04288,2024-08-08,2024-08-09,2024-08-10,East,ReliableCo,WH-05,Prime Inc,257.95,156.82,64.62,Delivered
SHP-03426,2024-02-01,2024-02-03,2024-02-02,East ,SpeedEx,WH-06,Prime Co,162.17,140.74,11.87,Delayed
SHP-00331,2025-01-27,2025-01-28,2025-01-28,Central,FastShip,WH-01,Omega Corp,253.15,212.5,28.23,Delivered
SHP-02663,2024-01-01,2024-01-03,2024-01-02,West,Global Freight,WH-06,Sigma Enterprises,196.82,105.14,23.68,Delivered
SHP-04727,2024-12-08,2024-12-09,2024-12-09,West,SpeedEx,WH-10,Beta Co,154.52,115.84,6.6,Delivered
SHP-04917,2025-02-28,2025-03-02,2025-03-02,North,ReliableCo,WH-06,Alpha Enterprises,445.15,474.08,10.11,In Transit
SHP-00623,2024-08-31,2024-09-03,2024-09-03,Central,GlobalFreight,,Omega Corp,248.45,148.04,12.39,Delivered
SHP-01659,2024-04-24,2024-04-26,2024-04-26,East,Reliable Co,WH-10,Global Ltd,193.25,115.55,15.25,Delayed
SHP-02373,2025-03-20,2025-03-23,2025-03-24,South,FastShip,WH-10,Acme Solutions,183.44,161.68,19.46,In Transit
SHP-03492,2024-02-04,2024-02-07,2024-02-08,South,SpeedEx,WH-01,Prime LLC,272.39,367.45,33.63,Delivered
SHP-02965,2025-06-29,2025-06-30,2025-07-01,North,FastShip,WH-03,Omega Ltd,212.22,167.91,20.49,Delivered
SHP-03569,2024-01-09,2024-01-12,2024-01-12,Central,QuickMove,WH-10,Global Group,106.72,90.8,28.73,Delivered
SHP-02089,2024-07-12,2024-07-14,2024-07-14,Central,ReliableCo,WH-06,Beta Industries,316.48,376.2,39.21,Delivered
SHP-02768,2025-06-09,2025-06-12,2025-06-12,East,ReliableCo,WH-09,Sigma Enterprises,592.7,361.84,6.47,Delivered
SHP-00756,2024-03-10,2024-03-13,2024-03-13,Central,SpeedEx,WH-09,Prime Co,502.78,501.35,45.05,Delivered
SHP-00519,2024-05-06,2024-05-08,2024-05-08,North,SpeedEx,WH-10,Prime Partners,258.06,244.02,16.1,Delivered
SHP-03882,2024-11-15,2024-11-18,2024-11-19,NORTH,GlobalFreight,WH-05,Beta Inc,193.6,110.17,13.97,Delivered
SHP-00033,2024-02-17,2024-02-19,2024-02-19,East,SpeedEx,WH-01,Global Inc,259.77,185.04,21.07,Delivered
SHP-03001,2025-01-13,2025-01-15,2025-01-14,East,QuickMove,WH-02,Delta Ltd,495.16,330.38,19.51,Delivered
SHP-01158,2024-07-05,2024-07-08,2024-07-08,East,SpeedEx,WH-05,Prime Inc,472.31,337.12,13.77,Delivered
SHP-00745,2024-09-23,2024-09-25,2024-09-25,Central,FastShip,WH-02,Prime Corp,522.29,486.53,23.1,Delivered
SHP-01809,2025-06-03,2025-06-04,2025-06-04,East,FastShip,WH-03,Alpha Industries,283.46,214.23,49.43,Delayed
SHP-02451,2025-06-21,2025-06-25,2025-06-25,North,ReliableCo,WH-05,Sigma Co,428.5,518.97,9.87,Delivered
SHP-01882,2024-01-12,2024-01-15,2024-01-14,North,GlobalFreight,WH-06,Sigma Solutions,234.19,211.89,15.14,Delivered
SHP-03762,2024-05-13,2024-05-15,2024-05-16,South,SpeedEx,WH-06,Global Inc,274.87,267.91,23.13,Delivered
SHP-00784,2024-10-09,2024-10-12,2024-10-13,East,QuickMove,WH-01,Omega Co,86.6,60.98,27.39,Delivered
SHP-01841,2024-10-16,2024-10-19,2024-10-20,South,FastShip,WH-08,Delta Corp,155.12,156.51,13.62,Delivered
SHP-03876,2024-06-08,2024-06-11,2024-06-12,Central,SpeedEx,WH-07,Alpha LLC,232.31,352.11,49.94,Delivered
SHP-00230,2025-04-08,2025-04-10,2025-04-11,North,ReliableCo,WH-10,Global Solutions,352.39,232.83,23.01,Delivered
SHP-00858,2024-06-06,2024-06-07,2024-06-08,East,QuickMove,WH-02,Global Solutions,319.42,238.5,51.54,Delivered
SHP-01551,2025-01-25,2025-01-26,2025-01-26,Central,FastShip,,Prime Inc,175.68,209.72,74.23,Delivered
SHP-02410,2024-11-06,2024-11-08,2024-11-09,West,GlobalFreight,WH-06,Delta Inc,233.75,97.4,16.97,Delivered
SHP-00409,2024-07-08,2024-07-11,2024-07-12,North,ReliableCo,WH-02,Prime LLC,166.31,113.6,15.14,Delivered
SHP-00171,2024-04-30,2024-05-02,2024-05-01,East,GlobalFreight,WH-07,Omega Industries,377.29,167.0,28.29,Delivered
SHP-00541,2025-05-23,2025-05-25,2025-05-25,Central,SpeedEx,WH-05,Beta Co,125.6,153.81,44.62,Delivered
SHP-02459,2024-06-25,2024-06-28,2024-06-28,North,SpeedEx,WH-10,Acme Partners,186.2,305.62,42.02,Delayed
SHP-02352,2024-08-08,2024-08-10,2024-08-11,North,ReliableCo,WH-10,Alpha Industries,355.71,181.56,14.9,Delivered
SHP-02620,2025-05-04,2025-05-07,2025-05-08,West,ReliableCo,WH-02,Alpha Enterprises,134.78,152.32,26.45,Delivered
SHP-00614,2025-01-17,2025-01-18,2025-01-18,South,FastShip,WH-01,Prime LLC,235.03,223.82,56.89,In Transit
SHP-04247,2025-05-14,2025-05-15,2025-05-15,Central,FastShip,WH-02,Prime Solutions,147.36,129.36,31.35,Delivered
SHP-02300,2024-08-21,2024-08-24,2024-08-26,South,SpeedEx,WH-01,Omega Solutions,615.5,294.29,14.57,Delivered
SHP-04882,2025-01-01,2025-01-04,2025-01-05,Central,SpeedEx,WH-07,Alpha Co,315.96,447.79,66.17,In Transit
SHP-01162,2025-01-05,2025-01-07,2025-01-07,East,SpeedEx,WH-08,Beta Co,358.67,269.65,19.61,Delivered
SHP-02105,2024-10-10,2024-10-11,2024-10-12,South,ReliableCo,WH-07,Beta Enterprises,235.36,150.64,14.05,Delivered
SHP-03717,2024-05-27,2024-05-29,2024-05-30,South,SpeedEx,WH-04,Prime Enterprises,425.52,576.97,58.94,Delivered
SHP-03457,2024-11-19,2024-11-23,2024-11-24,East,ReliableCo,WH-01,Delta Enterprises,837.91,821.68,16.2,Delivered
SHP-04275,2025-04-26,2025-04-29,2025-04-29,East,QuickMove,WH-10,Sigma Co,373.97,260.07,20.38,Delivered
SHP-02856,2024-12-13,2024-12-15,2024-12-16,North,QuickMove,,Global Co,273.29,184.97,15.81,In Transit
SHP-02245,2024-08-31,2024-09-01,2024-09-02,East,QuickMove,WH-10,Delta Solutions,294.19,224.34,17.18,Delayed
SHP-00565,2024-05-12,2024-05-16,2024-05-16,West,ReliableCo,WH-09,Alpha Partners,416.6,95.47,23.09,Delayed
SHP-03648,2024-01-10,2024-01-11,2024-01-12,West,ReliableCo,WH-07,Global Inc,138.81,67.03,12.65,Delivered
SHP-04297,2024-11-29,2024-12-02,2024-12-02,West,SpeedEx,WH-09,Delta Industries,719.85,800.25,12.31,Delivered
SHP-04199,2024-05-12,2024-05-15,2024-05-17,South,reliable co,WH-06,Acme Enterprises,292.0,272.32,20.47,Delivered
SHP-03968,2025-05-28,2025-05-31,2025-05-31,North,QuickMove,WH-02,Prime Partners,254.12,147.07,26.79,Delivered
SHP-04220,2024-06-10,2024-06-12,2024-06-11,Central,ReliableCo,WH-06,Sigma Ltd,120.68,123.73,23.12,Delivered
SHP-01449,2024-02-24,2024-02-27,2024-02-27,Central,QuickMove,WH-09,Prime Solutions,292.5,196.42,18.65,Delivered
SHP-04984,2024-03-12,2024-03-14,2024-03-15,North,FastShip,WH-10,Prime Ltd,178.58,184.71,8.43,In Transit
SHP-03839,2024-04-09,2024-04-12,2024-04-12,East,SpeedEx,WH-05,Acme Ltd,179.46,229.71,15.1,In Transit
SHP-01593,2024-01-29,2024-01-30,2024-01-30,Central,SpeedEx,WH-10,Global Inc,149.53,154.8,17.61,Delivered
SHP-02441,2024-12-26,2024-12-29,2024-12-28,East ,FastShip,WH-08,Delta Ltd,104.41,91.85,25.22,Delivered
SHP-02535,2024-05-08,2024-05-11,2024-05-10,West,FastShip,WH-02,Beta LLC,119.58,119.9,8.11,In Transit
SHP-01434,2024-01-18,2024-01-22,2024-01-23,North,SpeedEx,WH-09,Prime Partners,452.01,432.34,16.5,Delivered
SHP-01173,2024-01-14,2024-01-15,2024-01-16,West,FastShip,WH-07,Sigma Partners,102.91,86.2,23.81,Delivered
SHP-02940,2024-03-20,2024-03-21,2024-03-22,West,ReliableCo,WH-01,Omega Solutions,259.05,215.72,23.8,Delivered
SHP-00326,2024-08-26,2024-08-27,2024-08-28,West,FastShip,WH-02,Delta Co,163.88,135.0,11.83,Delivered
SHP-01052,2024-04-30,2024-05-03,2024-05-02,East,QuickMove,WH-02,Prime Enterprises,261.47,195.95,,Delivered
SHP-04746,2024-02-19,2024-02-22,2024-02-22,Central,FastShip,WH-08,Beta Co,334.4,234.41,12.1,Delivered
SHP-03365,2024-07-19,2024-07-21,2024-07-21,Central,GlobalFreight,WH-07,Sigma LLC,146.14,120.58,19.35,Delivered
SHP-02949,2024-04-10,2024-04-13,2024-04-13,Central,fastship,WH-08,Prime Group,629.82,660.33,13.65,Delivered
SHP-03022,2025-03-20,2025-03-22,2025-03-24,south,fastship,WH-09,Acme LLC,150.98,146.23,28.91,Delayed
SHP-01554,2024-02-13,2024-02-14,2024-02-14,North,QuickMove,WH-07,Omega Co,183.84,112.26,6.37,Delivered
SHP-01197,2025-01-29,2025-02-02,2025-02-02,West,FastShip,WH-09,Acme Industries,1278.1,1226.52,12.74,Delivered
SHP-00621,2025-06-21,2025-06-22,2025-06-25,south,SpeedEx,WH-07,Omega Enterprises,170.12,271.87,11.74,Delivered
SHP-01422,2025-01-13,2025-01-16,2025-01-16,South,QuickMove,WH-01,Prime Inc,174.42,143.99,14.18,Delivered
SHP-02943,2024-11-11,2024-11-14,2024-11-14,West,QuickMove,WH-03,Acme Ltd,245.77,124.72,33.41,Delivered
SHP-01190,2024-06-03,2024-06-04,2024-06-06,West,SpeedEx,WH-03,Prime Inc,99.65,93.04,33.29,Delivered
SHP-00329,2024-07-11,2024-07-15,2024-07-15,East,SpeedEx,WH-09,Prime Enterprises,563.48,621.28,8.02,In Transit
SHP-00649,2024-01-19,2024-01-21,2024-01-21,Central,SpeedEx,WH-02,Global Co,238.48,312.92,4.17,Delivered
SHP-00898,2025-03-17,2025-03-19,2025-03-19,North,Global Freight,WH-02,Delta Co,514.79,473.87,30.66,Delivered
SHP-03540,2025-01-12,2025-01-16,2025-01-17,North,GlobalFreight,WH-03,Delta Co,783.75,763.11,13.34,Delivered
SHP-01124,2025-01-28,2025-01-29,2025-01-29,Central,FastShip,WH-03,Alpha Ltd,171.81,168.12,64.99,Delivered
SHP-01967,2025-05-24,2025-05-26,2025-05-26,North,QuickMove,WH-06,Delta Inc,185.8,146.04,,Delivered
SHP-04696,2024-06-14,2024-06-15,2024-06-15,South,GlobalFreight,WH-08,Sigma Enterprises,212.15,191.52,15.51,Delivered
SHP-03310,2024-08-24,2024-08-25,2024-08-26,Central,ReliableCo,WH-01,Prime Industries,66.85,59.57,24.03,Delivered
SHP-03529,2024-01-07,2024-01-08,2024-01-08,East,QuickMove,WH-03,Beta Group,212.39,94.51,26.32,Delivered
SHP-03309,2024-04-03,2024-04-04,2024-04-05,North,SpeedEx,WH-09,Omega LLC,307.42,438.85,36.79,In Transit
SHP-02313,2024-08-22,2024-08-24,2024-08-24,West,QUICKMOVE,WH-07,Acme Industries,543.42,336.56,64.98,Delivered
SHP-03383,2024-01-19,2024-01-21,2024-01-22,South,ReliableCo,WH-07,Delta Inc,712.54,625.31,36.93,Delivered
SHP-04226,2024-11-18,2024-11-20,2024-11-21,West,GlobalFreight,WH-07,Prime Solutions,306.92,183.54,19.75,Delivered
SHP-04259,2024-06-30,2024-07-01,2024-07-01,Central,GlobalFreight,WH-05,Beta Corp,242.13,147.56,21.0,Delivered
SHP-02385,2025-04-10,2025-04-12,2025-04-13,north,FastShip,WH-04,Acme Co,151.57,99.52,16.26,In Transit
SHP-01024,2025-05-31,2025-06-02,2025-06-03,South,QuickMove,WH-09,Acme Group,228.59,188.23,9.75,Returned
SHP-04480,2024-08-31,2024-09-04,2024-09-05,West,SpeedEx,WH-07,Prime Partners,802.69,899.88,36.4,Delivered
SHP-02439,2024-01-31,2024-02-02,2024-02-03,West,GlobalFreight,WH-04,Delta Industries,128.33,59.38,41.79,Delayed
SHP-01666,2024-01-28,2024-02-01,2024-02-01,Central,QuickMove,WH-02,Acme Solutions,403.39,317.23,3.02,Delivered
SHP-03950,2024-07-21,2024-07-22,2024-07-22,Central,GlobalFreight,WH-07,Prime Ltd,202.61,75.81,56.45,In Transit
SHP-03974,2024-11-22,2024-11-24,2024-11-24,North,FastShip,WH-07,Beta Inc,359.7,263.66,13.15,Delivered
SHP-00810,2025-06-07,2025-06-11,2025-06-11,South,QuickMove,WH-03,Acme Solutions,447.85,321.77,38.73,Returned
SHP-03871,2024-11-09,2024-11-10,2024-11-11,Central,QuickMove,WH-04,Acme LLC,202.17,113.2,14.3,Delivered
SHP-00979,2025-06-21,2025-06-23,2025-06-23,East,QuickMove,WH-03,Omega Partners,448.4,246.66,18.83,Delivered
SHP-02143,2024-05-24,2024-05-25,2024-05-24,West,QuickMove,WH-02,Delta Partners,319.74,200.78,26.79,Delivered
SHP-04009,2024-04-12,2024-04-13,2024-04-14,North,GlobalFreight,WH-01,Global Co,163.48,70.47,44.06,Delivered
SHP-04164,2024-11-07,2024-11-09,2024-11-09,South,FastShip,WH-05,Prime LLC,274.74,306.87,29.64,Delivered
SHP-04106,2025-05-14,2025-05-15,2025-05-16,East ,FastShip,WH-03,Sigma Enterprises,249.85,155.87,37.94,Delivered
SHP-01455,2024-08-26,2024-08-29,2024-08-29,North,FastShip,WH-03,Sigma Enterprises,150.08,99.43,16.68,In Transit
SHP-02452,2024-07-05,2024-07-07,2024-07-06,North,QuickMove,WH-02,Acme Corp,400.83,286.89,39.79,In Transit
SHP-03659,2024-02-26,2024-02-29,2024-03-01,north,ReliableCo,WH-01,Omega Enterprises,215.92,187.69,19.38,In Transit
SHP-01874,2024-01-05,2024-01-08,2024-01-08,north,ReliableCo,WH-09,Prime Group,170.45,91.73,14.15,Delivered
SHP-01836,2025-02-24,2025-02-27,2025-02-28,East,SpeedEx,WH-01,Acme LLC,170.75,224.18,10.63,Delayed
SHP-00175,2025-05-13,2025-05-16,2025-05-16,Central,SpeedEx,WH-02,Prime Enterprises,297.58,396.08,17.65,Delivered
SHP-01615,2024-08-18,2024-08-19,2024-08-20,West,QuickMove,WH-04,Prime Partners,120.4,75.87,21.91,Delivered
SHP-04263,2025-04-15,2025-04-16,2025-04-16,Central,FastShip,WH-09,Omega Partners,269.99,205.72,8.65,Delivered
SHP-01537,2025-03-24,2025-03-26,2025-03-26,East,SpeedEx,WH-02,Global Group,348.78,389.21,15.48,Delayed
SHP-04512,2024-01-09,2024-01-11,2024-01-10,East,GlobalFreight,WH-07,Delta Co,213.96,83.52,10.52,Delivered
SHP-00218,2025-01-28,2025-01-30,2025-01-31,central,FastShip,WH-10,Omega Solutions,363.26,299.13,11.49,Delivered
SHP-03997,2025-04-14,2025-04-16,2025-04-17,South,GlobalFreight,WH-04,Sigma Inc,161.38,55.62,8.54,Delivered
SHP-03949,2024-03-27,2024-03-28,2024-03-29,West,FastShip,WH-05,Alpha Industries,60.95,49.03,17.25,Delivered
SHP-01445,2024-05-26,2024-05-27,2024-05-27,North,FastShip,WH-04,Acme Group,320.94,274.2,,Delivered
SHP-00691,2024-02-23,2024-02-24,2024-02-24,south,SpeedEx,WH-10,Omega Industries,356.99,472.6,12.91,Delivered
SHP-03320,2024-02-16,2024-02-19,2024-02-19,South,QuickMove,WH-09,Acme Co,203.25,125.42,20.39,Delivered
SHP-03670,2024-09-23,2024-09-26,2024-09-25,West,QuickMove,WH-04,Alpha Corp,191.84,156.74,9.62,Delivered
SHP-02285,2025-02-24,2025-02-25,2025-02-25,East,ReliableCo,WH-06,Omega Corp,217.92,136.81,35.07,Delivered
SHP-01107,2024-01-22,2024-01-23,2024-01-23,East,FastShip,WH-03,Prime Group,142.54,128.65,11.12,In Transit
SHP-04371,2024-09-15,2024-09-19,2024-09-18,East,QuickMove,WH-04,Global Corp,407.37,291.42,13.94,Delivered
SHP-01973,2024-04-23,2024-04-26,2024-04-26,East,ReliableCo,WH-03,Global Solutions,347.48,272.19,42.18,Delivered
SHP-03934,2024-05-25,2024-05-28,2024-05-29,South,SpeedEx,WH-05,Delta Group,356.09,531.74,59.24,Delivered
SHP-00612,2024-12-17,2024-12-18,2024-12-19,West,GlobalFreight,WH-08,Beta Solutions,180.95,124.54,17.05,Delivered
SHP-03312,2024-06-30,2024-07-01,2024-07-01,West,ReliableCo,WH-09,Prime Partners,244.26,311.45,17.85,Delivered
SHP-03790,2024-10-25,2024-10-27,2024-10-28,South,SpeedEx,WH-04,Acme Corp,199.36,166.55,26.41,Delivered
SHP-00577,2024-08-30,2024-09-02,2024-09-04,North,QuickMove,WH-04,Beta Group,810.3,616.37,17.67,Delivered
SHP-02108,2024-12-27,2024-12-29,2024-12-29,West,ReliableCo,WH-09,Prime Partners,84.13,50.2,19.01,Delivered
SHP-04486,2025-06-06,2025-06-08,2025-06-07,Central,FastShip,WH-02,Global Solutions,401.39,311.59,51.55,Delayed
SHP-01181,2024-03-20,2024-03-24,2024-03-25,Central,fastship,WH-06,Acme LLC,447.78,382.37,16.24,In Transit
SHP-00889,2024-12-28,2024-12-29,2024-12-30,Central,GlobalFreight,WH-02,Beta Inc,301.28,14.45,19.64,Delivered
SHP-03197,2024-09-09,2024-09-12,2024-09-13,West,FastShip,WH-09,Sigma LLC,196.12,172.53,4.84,Delayed
SHP-04729,2024-09-20,2024-09-21,2024-09-21,North,FastShip,WH-07,Global Enterprises,211.23,184.1,14.99,Delivered
SHP-03337,2024-12-19,2024-12-21,2024-12-21,East,Fast Ship,WH-08,Acme Corp,264.82,224.5,13.37,Delivered
SHP-00818,2025-04-29,2025-04-30,2025-05-01,South,ReliableCo,WH-10,Delta Solutions,281.14,,10.9,Delivered
SHP-03348,2024-06-15,2024-06-18,2024-06-18,East,GlobalFreight,WH-07,Global Solutions,426.92,303.9,22.59,Delivered
SHP-01935,2024-08-03,2024-08-09,2024-08-09,East,SpeedEx,WH-05,Prime Ltd,1244.14,1433.87,30.9,Delivered
SHP-00209,2024-12-05,2024-12-06,2024-12-06,Central,SpeedEx,WH-06,Global LLC,133.96,146.19,23.66,Delivered
SHP-00294,2024-04-22,2024-04-23,2024-04-23,East,ReliableCo,WH-09,Beta Solutions,260.48,156.08,16.5,Delivered
SHP-01120,2025-02-19,2025-02-20,2025-02-21,East,ReliableCo,WH-06,Global Industries,185.55,87.41,42.0,Delayed
SHP-02260,2025-06-29,2025-06-30,2025-07-01,South,SpeedEx,WH-01,Beta Group,249.59,322.84,19.98,Delivered
SHP-01673,2025-01-03,2025-01-06,2025-01-06,North,Fast Ship,WH-10,Beta Industries,85.35,78.6,12.28,Delivered
SHP-01265,2024-02-20,2024-02-23,2024-02-24,West,GlobalFreight,WH-10,Prime Inc,374.51,209.14,14.93,Delivered
SHP-00991,2024-09-17,2024-09-18,2024-09-20,North,ReliableCo,WH-05,Prime Industries,157.75,119.87,34.4,Delivered
SHP-04143,2025-05-30,2025-06-02,2025-06-03,West,ReliableCo,WH-05,Delta Corp,359.26,443.64,28.92,Delivered
SHP-04245,2024-03-09,2024-03-13,2024-03-14,South,GlobalFreight,WH-09,Acme Co,480.03,222.16,22.4,In Transit
SHP-01567,2024-04-11,2024-04-13,2024-04-14,West,GlobalFreight,WH-06,Delta Enterprises,170.68,106.16,39.57,Delivered
SHP-00354,2024-05-26,2024-05-29,2024-05-30,West,GlobalFreight,WH-01,Acme Co,321.67,130.9,38.45,Delivered
SHP-01927,2024-08-19,2024-08-22,2024-08-22,South,FastShip,WH-08,Beta LLC,154.93,168.31,19.42,Delivered
SHP-04557,2024-10-08,2024-10-10,2024-10-09,West,FastShip,WH-05,Prime LLC,314.05,231.56,37.59,Delayed
SHP-04838,2024-04-17,2024-04-20,2024-04-21,West,QuickMove,WH-04,Global LLC,201.29,138.28,16.9,In Transit
SHP-01490,2025-04-23,2025-04-24,2025-04-25,Central,QuickMove,WH-07,,227.27,148.96,84.58,Delivered
SHP-02608,2024-11-12,2024-11-16,2024-11-16,West,ReliableCo,WH-01,Beta Group,475.27,316.29,41.24,Delivered
SHP-04267,2024-04-12,2024-04-15,2024-04-17,South,FastShip,WH-03,Alpha Co,110.75,96.14,23.35,Delivered
SHP-03115,2024-05-27,2024-05-30,2024-05-31,North,QuickMove,WH-05,Prime Ltd,413.58,215.34,19.42,Delivered
SHP-01229,2025-03-01,2025-03-04,2025-03-04,Central,SpeedEx,,Global Industries,401.93,314.31,23.29,Delivered
SHP-00260,2024-10-09,2024-10-12,2024-10-11,South,FastShip,WH-02,Delta LLC,117.28,103.63,41.8,In Transit
SHP-03347,2024-11-17,2024-11-19,2024-11-19,East,ReliableCo,WH-10,Sigma Partners,94.86,67.68,65.0,Delivered
SHP-03955,2025-02-20,2025-02-23,2025-02-22,North,QuickMove,WH-05,Acme LLC,793.67,621.12,33.79,Delivered
SHP-04794,2025-04-22,2025-04-25,2025-04-26,North,FastShip,WH-10,Delta Inc,122.36,85.71,13.15,Returned
SHP-02145,2024-08-13,2024-08-14,2024-08-14,North,SpeedEx,WH-04,Global Group,247.11,132.46,27.16,Delayed
SHP-02595,2025-03-21,2025-03-23,2025-03-24,East,FastShip,WH-05,Alpha Solutions,435.44,358.91,18.13,Delayed
SHP-00053,2025-03-04,2025-03-07,2025-03-10,West,ReliableCo,WH-03,Delta Solutions,333.3,288.03,44.47,Delivered
SHP-02243,2024-06-07,2024-06-08,2024-06-09,East,FastShip,,Alpha Ltd,337.05,266.72,56.58,Delivered
SHP-03149,2024-05-14,2024-05-15,2024-05-16,Central,FastShip,WH-08,Global Ltd,149.35,159.82,11.5,Delivered
SHP-02621,2024-05-17,2024-05-21,2024-05-21,West,FastShip,WH-08,Delta Inc,475.27,308.61,30.83,Delivered
SHP-02457,2025-01-06,2025-01-09,2025-01-09,South,GlobalFreight,WH-09,Prime Group,220.15,20.6,13.19,Delivered
SHP-04668,2024-06-19,2024-06-23,2024-06-23,North,ReliableCo,WH-04,Sigma Enterprises,528.09,473.51,31.36,Delivered
SHP-00110,2025-01-11,2025-01-14,2025-01-13,West,QuickMove,WH-04,Prime Enterprises,650.13,344.35,19.32,Delivered
SHP-01480,2024-02-01,2024-02-02,2024-02-01,West,FastShip,WH-04,Alpha Solutions,394.93,373.95,9.31,Delivered
SHP-01508,2025-02-02,2025-02-04,2025-02-04,North,QuickMove,WH-10,Acme LLC,75.24,40.37,14.92,Delivered
SHP-01034,2024-08-09,2024-08-12,2024-08-12,East,SpeedEx,WH-06,Acme LLC,465.08,498.71,15.31,Delivered
SHP-01098,2024-03-12,2024-03-15,2024-03-15,Central,SpeedEx,WH-04,Omega Co,267.07,328.15,35.66,In Transit
SHP-01470,2024-10-21,2024-10-22,2024-10-22,East,FastShip,WH-07,Sigma Ltd,92.7,67.43,25.15,Delivered
SHP-00544,2024-09-19,2024-09-21,2024-09-21,East,ReliableCo,WH-06,Acme Inc,201.96,117.74,86.72,Delivered
SHP-01047,2024-07-30,2024-08-01,2024-08-02,West,ReliableCo,WH-03,Acme Solutions,183.6,223.95,12.17,Delivered
SHP-03937,2024-02-29,2024-03-03,2024-03-03,North,ReliableCo,WH-05,Acme Solutions,143.24,149.9,38.73,Delivered
SHP-01635,2024-01-08,2024-01-10,2024-01-11,South,QuickMove,WH-06,Global Industries,138.3,89.67,9.81,Delivered
SHP-00031,2025-03-19,2025-03-22,2025-03-22,west,QuickMove,WH-09,Global Solutions,393.32,330.5,7.53,Delivered
SHP-00726,2024-10-15,2024-10-18,2024-10-18,North,GlobalFreight,WH-01,Sigma LLC,238.1,102.16,25.3,Delivered
SHP-04109,2024-05-12,2024-05-15,2024-05-15,East,QuickMove,WH-07,Delta Corp,174.34,95.48,22.79,Delayed
SHP-04669,2024-08-31,2024-09-02,2024-09-02,North,FastShip,WH-05,Prime Partners,508.35,294.96,21.1,Delivered
SHP-03986,2025-04-27,2025-04-29,2025-04-29,NORTH,QuickMove,WH-04,Global Partners,189.21,125.4,60.09,Delivered
SHP-01427,2024-06-11,2024-06-12,2024-06-12,East,SpeedEx,WH-05,Global Partners,199.15,267.55,24.76,In Transit
SHP-02548,2024-01-14,2024-01-17,2024-01-18,West,SpeedEx,WH-10,Beta Industries,281.51,250.81,16.68,In Transit
SHP-00437,2024-09-07,2024-09-09,2024-09-09,Central,QuickMove,WH-08,Alpha Group,140.27,111.87,28.52,Delivered
SHP-02521,2024-07-25,2024-07-29,2024-07-29,East ,SpeedEx,WH-04,Prime LLC,741.89,866.83,60.15,Delivered
SHP-00913,2025-04-19,2025-04-22,2025-04-23,South,FastShip,WH-10,Acme LLC,391.4,356.64,29.53,Delivered
SHP-04270,2025-05-18,2025-05-20,2025-05-21,Central,FastShip,WH-09,Global Inc,379.71,305.94,30.88,Delivered
SHP-04211,2025-06-26,2025-06-29,2025-06-30,North,QuickMove,WH-02,Alpha Inc,67.47,37.09,21.65,Delivered
SHP-04563,2024-06-11,2024-06-14,2024-06-14,Central,GlobalFreight,WH-07,Delta Ltd,107.37,106.67,11.11,In Transit
SHP-03660,2024-03-02,2024-03-05,2024-03-05,East,ReliableCo,WH-06,Sigma Co,356.6,,13.35,Delivered
SHP-04227,2025-02-22,2025-02-25,2025-02-26,Central,SpeedEx,WH-06,Beta Partners,179.18,210.37,21.46,Delivered
SHP-04820,2024-11-04,2024-11-08,2024-11-07,Central,GlobalFreight,WH-10,Sigma Industries,614.74,224.59,22.41,Delivered
SHP-01239,2024-12-05,2024-12-06,2024-12-07,East,SpeedEx,WH-01,Beta Ltd,393.06,464.48,7.6,Delivered
SHP-00904,2024-12-24,2024-12-26,2024-12-27,South,FastShip,WH-05,Sigma Partners,219.76,209.64,33.59,Delivered
SHP-03127,2024-01-08,2024-01-09,2024-01-10,East,FastShip,WH-04,Prime Solutions,225.18,191.23,14.73,Delivered
SHP-03733,2024-09-17,2024-09-20,2024-09-21,South,QuickMove,WH-07,Acme Group,90.38,85.29,7.89,Delivered
SHP-03436,2025-06-29,2025-07-02,2025-07-02,South,QuickMove,WH-05,Prime Enterprises,234.31,146.87,8.42,Delivered
SHP-00508,2024-10-10,2024-10-11,2024-10-11,North,QuickMove,WH-02,Sigma Enterprises,277.49,216.64,10.16,Delivered
SHP-03292,2024-03-07,2024-03-10,2024-03-10,West,ReliableCo,WH-08,Alpha LLC,142.22,125.14,6.08,Delivered
SHP-00184,2025-01-15,2025-01-18,2025-01-18,EAST,SpeedEx,WH-07,Global Ltd,312.61,424.3,,Delayed
SHP-04717,2024-11-12,2024-11-15,2024-11-16,South,GlobalFreight,WH-05,Omega Inc,247.46,219.62,8.18,Delayed
SHP-01498,2024-10-15,2024-10-16,2024-10-16,West,GlobalFreight,WH-09,Omega Enterprises,317.65,241.84,24.89,Delivered
SHP-02368,2024-05-10,2024-05-11,2024-05-12,south,ReliableCo,WH-08,Prime Corp,162.25,135.06,60.54,Delayed
SHP-00322,2025-05-11,2025-05-13,2025-05-12,South,QuickMove,WH-03,Omega Partners,152.69,78.85,28.66,In Transit
SHP-01984,2024-08-03,2024-08-04,2024-08-05,North,GlobalFreight,WH-05,,220.35,119.67,36.41,Delivered
SHP-04777,2024-07-15,2024-07-18,2024-07-19,East,QuickMove,WH-09,Sigma Corp,165.55,84.63,32.84,Delivered
SHP-02643,2024-12-15,2024-12-18,2024-12-19,East,reliable co,WH-04,Omega Ltd,183.51,69.8,13.94,Delivered
SHP-04639,2024-08-25,2024-08-26,2024-08-27,East,SpeedEx,WH-08,Acme Co,204.66,321.91,24.79,Delivered
SHP-01850,2024-05-09,2024-05-11,2024-05-11,West,QuickMove,WH-09,Global Industries,562.95,415.54,52.24,Delivered
SHP-02858,2025-05-16,2025-05-19,2025-05-19,East,QuickMove,WH-04,Alpha Enterprises,232.96,156.81,25.62,Delivered
SHP-02464,2024-04-03,2024-04-06,2024-04-05,East,GlobalFreight,WH-09,Beta Ltd,369.47,158.57,30.39,In Transit
SHP-01552,2025-03-20,2025-03-23,2025-03-23,Central,speedex,WH-09,Alpha Ltd,121.85,121.86,21.99,Delivered
SHP-04488,2025-03-30,2025-04-01,2025-04-02,Central,SpeedEx,WH-02,Global Ltd,161.06,223.11,27.55,In Transit
SHP-01147,2024-02-11,2024-02-12,2024-02-12,central,QuickMove,WH-09,Delta Solutions,218.56,175.32,38.22,Delivered
SHP-03861,2025-02-12,2025-02-15,2025-02-15,North,ReliableCo,WH-10,Delta Partners,279.27,295.44,27.27,Delivered
SHP-00045,2024-04-11,2024-04-14,2024-04-15,West,QuickMove,WH-05,Delta Corp,246.61,166.1,134.84,Delivered
SHP-03977,2024-10-04,2024-10-05,2024-10-06,South,GlobalFreight,WH-01,Global Enterprises,106.89,107.91,17.42,Delivered
SHP-01584,2024-01-18,2024-01-21,2024-01-21,Central,QuickMove,WH-01,Prime Enterprises,187.55,129.14,21.3,Delivered
SHP-04273,2024-11-26,2024-11-30,2024-11-29,East,FastShip,WH-02,Sigma Industries,481.62,266.04,29.05,Delivered
SHP-01379,2024-08-27,2024-08-30,2024-08-30,Central,ReliableCo,WH-07,Sigma Inc,358.73,354.82,6.94,Returned
SHP-01834,2024-01-27,2024-01-31,2024-02-02,South,FastShip,WH-04,Alpha LLC,1013.91,898.6,24.8,Delivered
SHP-03078,2025-02-19,2025-02-22,2025-02-23,North,ReliableCo,WH-10,Sigma Enterprises,340.7,366.94,27.35,Delivered
SHP-00414,2025-04-08,2025-04-10,2025-04-10,North,SpeedEx,WH-09,Beta Corp,274.96,325.72,16.33,Delivered
SHP-03135,2024-10-16,2024-10-17,2024-10-18,North,Quick Move,WH-05,Acme Solutions,373.13,219.39,12.02,Delivered
SHP-01408,2024-12-12,2024-12-13,2024-12-14,South,GlobalFreight,WH-08,Prime LLC,150.42,56.84,36.8,Delivered
SHP-02821,2024-07-29,2024-08-01,2024-08-01,East,GlobalFreight,WH-03,Global Inc,881.12,447.2,15.76,Delivered
SHP-00802,2025-03-08,2025-03-11,2025-03-11,Central,ReliableCo,WH-09,Sigma Industries,138.19,82.29,35.91,Delayed
SHP-01289,2025-03-25,2025-03-28,2025-03-28,West,SpeedEx,WH-10,Beta Inc,333.91,294.73,19.93,Delayed
SHP-01559,2024-06-05,2024-06-08,2024-06-07,East,ReliableCo,WH-04,Omega Corp,219.11,154.61,39.59,Delayed
SHP-02228,2024-08-12,2024-08-13,2024-08-14,North,ReliableCo,WH-08,Omega Enterprises,343.39,197.13,11.31,Delivered
SHP-04054,2025-05-11,2025-05-13,2025-05-14,East,QuickMove,WH-01,Omega Co,530.93,311.52,49.06,Delivered
SHP-01610,2024-12-05,2024-12-06,2024-12-06,North,ReliableCo,WH-09,Prime Corp,109.16,92.9,29.06,Delivered
SHP-03188,2025-06-19,2025-06-20,2025-06-20,East,FastShip,WH-06,Omega Corp,267.1,169.62,93.14,Delayed
SHP-00257,2024-08-16,2024-08-19,2024-08-19,North,GLOBALFREIGHT,WH-03,Sigma Co,689.89,421.8,21.85,Delivered
SHP-01865,2024-04-23,2024-04-24,2024-04-26,South,QuickMove,WH-02,Omega Partners,141.77,90.49,7.82,Delivered
SHP-01756,2025-06-26,2025-06-30,2025-06-29,West,QuickMove,WH-01,Alpha Corp,836.5,538.97,20.55,Delivered
SHP-01152,2024-05-20,2024-05-22,2024-05-22,East,FastShip,WH-09,Omega Ltd,127.07,101.43,28.29,Delayed
SHP-02349,2024-04-18,2024-04-19,2024-04-19,East,SpeedEx,WH-06,Global Industries,214.69,-245.28,32.83,Delivered
SHP-00648,2024-06-08,2024-06-11,2024-06-12,West,QuickMove,WH-07,Global Ltd,151.41,124.72,14.58,In Transit
SHP-03251,2025-01-14,2025-01-17,2025-01-18,West,FastShip,WH-06,Prime Co,246.42,149.91,10.55,Delivered
SHP-01616,2024-08-01,2024-08-02,2024-08-02,South,SpeedEx,WH-05,Acme Solutions,194.72,205.99,30.55,Delayed
SHP-01770,2024-08-31,2024-09-01,2024-09-02,Central,ReliableCo,WH-10,Omega Corp,395.61,340.91,18.0,Delivered
SHP-02362,2024-10-16,2024-10-18,2024-10-18,West,SpeedEx,WH-10,Prime Solutions,578.54,520.65,13.64,Delivered
SHP-03695,2024-07-19,2024-07-22,2024-07-22,East,SpeedEx,WH-05,Beta LLC,506.23,541.24,14.25,Returned
SHP-03847,2025-03-06,2025-03-08,2025-03-08,North,QuickMove,WH-08,Delta Group,416.92,227.28,35.04,Delayed
SHP-01316,2024-04-17,2024-04-21,2024-04-21,West,ReliableCo,WH-04,Omega Enterprises,518.8,417.37,26.9,Delivered
SHP-01089,2025-03-29,2025-03-30,2025-03-30,East,QuickMove,WH-06,Beta Group,210.73,156.03,33.15,In Transit
SHP-02046,2025-04-13,2025-04-16,2025-04-16,East ,GlobalFreight,WH-08,Global Enterprises,50.0,29.97,22.15,Delivered
SHP-02516,2024-06-02,2024-06-03,2024-06-03,North,QuickMove,WH-04,Prime Solutions,266.11,209.84,69.91,Delivered
SHP-01768,2024-01-14,2024-01-17,2024-01-16,Central,QuickMove,WH-08,Delta Co,641.22,526.17,10.43,Delivered
SHP-01351,2024-01-12,2024-01-14,2024-01-14,North,FastShip,WH-07,Acme Ltd,119.98,111.6,21.41,In Transit
SHP-02551,2025-05-15,2025-05-16,2025-05-16,Central,FastShip,WH-05,Alpha Ltd,291.5,269.16,20.88,Delivered
SHP-00113,2024-03-20,2024-03-21,2024-03-21,North,ReliableCo,WH-03,Sigma Inc,179.77,132.57,39.2,Delivered
SHP-04514,2024-11-07,2024-11-09,2024-11-10,East,QuickMove,WH-06,Prime LLC,553.27,412.61,45.4,Delivered
SHP-00264,2024-03-29,2024-03-30,2024-03-31,South,ReliableCo,WH-05,Alpha LLC,329.12,210.62,,Delivered
SHP-01394,2024-03-07,2024-03-09,2024-03-09,North,QuickMove,,Alpha Enterprises,199.05,119.83,5.1,Delivered
SHP-02407,2025-01-30,2025-02-01,2025-02-01,North,SpeedEx,WH-05,Beta Inc,117.19,134.33,107.89,Delivered
SHP-01187,2025-01-29,2025-01-31,2025-01-31,North,ReliableCo,WH-08,Prime Co,640.73,498.31,9.39,Delivered
SHP-02400,2024-02-04,2024-02-06,2024-02-06,East,SpeedEx,WH-04,Acme Industries,136.5,169.59,16.01,Delivered
SHP-00057,2024-11-16,2024-11-17,2024-11-18,West,QuickMove,WH-03,Prime Inc,184.35,130.23,9.45,Delivered
SHP-01310,2024-12-27,2024-12-30,2024-12-31,East,QuickMove,WH-10,Acme Industries,105.78,75.95,36.11,Delivered
SHP-00696,2024-10-23,2024-10-26,2024-10-26,West,SpeedEx,WH-04,Sigma LLC,413.52,330.49,9.68,Delivered
SHP-04251,2025-06-06,2025-06-07,2025-06-07,West,FastShip,WH-04,Sigma Corp,199.56,210.33,19.47,Delivered
SHP-02043,2024-04-22,2024-04-24,2024-04-24,North,FastShip,WH-08,Acme Group,155.72,119.67,48.65,Delivered
SHP-01906,2024-05-13,2024-05-15,2024-05-15,North,Fast Ship,WH-03,Prime Industries,151.21,110.31,12.03,Delivered
SHP-01873,2024-05-19,2024-05-22,2024-05-22,Central,QuickMove,WH-07,Beta Enterprises,284.4,191.56,11.68,Returned
SHP-04197,2024-04-11,2024-04-14,2024-04-15,South,FastShip,WH-03,Acme Corp,168.9,125.14,47.1,Delivered
SHP-00320,2024-07-30,2024-08-02,2024-08-03,Central,QuickMove,WH-09,Delta Co,983.97,707.68,16.18,In Transit
SHP-02334,2025-04-15,2025-04-17,2025-04-18,West,ReliableCo,WH-05,Sigma Partners,173.35,147.68,17.62,Delayed
SHP-01590,2025-04-23,2025-04-26,2025-04-26,Central,QuickMove,WH-02,Omega Group,886.69,444.94,7.03,Delivered
SHP-00683,2024-09-13,2024-09-16,2024-09-16,West,FastShip,WH-04,Delta Ltd,156.73,162.16,65.33,Delivered
SHP-04324,2024-05-14,2024-05-17,2024-05-17,Central,SpeedEx,WH-08,Delta Group,320.86,337.14,34.15,Delivered
SHP-04340,2024-03-02,2024-03-05,2024-03-05,West,ReliableCo,WH-07,Acme Co,64.69,57.71,9.59,Delivered
SHP-00480,2024-04-13,2024-04-16,2024-04-16,West,GlobalFreight,WH-02,Sigma Group,152.53,,14.43,In Transit
SHP-04897,2024-11-23,2024-11-28,2024-11-30,West,ReliableCo,WH-04,Omega Solutions,1301.86,671.64,11.74,Delivered
SHP-02917,2024-10-29,2024-11-01,2024-11-01,South,QuickMove,WH-07,Acme Co,260.04,203.95,13.78,Delayed
SHP-00287,2025-01-22,2025-01-25,2025-01-25,Central,ReliableCo,WH-04,Prime Corp,220.56,117.06,7.33,Delivered
SHP-03017,2024-10-30,2024-11-02,2024-11-02,Central,ReliableCo,WH-06,Delta Co,366.52,300.31,,Delivered
SHP-02526,2025-06-23,2025-06-25,2025-06-25,East,FastShip,WH-10,Global Group,568.72,304.04,12.53,Delayed
SHP-02463,2025-03-12,2025-03-13,2025-03-13,North,FastShip,WH-10,Sigma Solutions,148.87,112.27,18.0,Delivered
SHP-01787,2024-06-27,2024-06-29,2024-06-30,North,ReliableCo,WH-08,Omega Enterprises,294.66,255.75,3.14,In Transit
SHP-01783,2025-04-16,2025-04-18,2025-04-16,East,FastShip,WH-09,Acme Solutions,274.81,230.52,17.65,Delivered
SHP-03574,2024-05-22,2024-05-25,2024-05-25,Central,FastShip,WH-09,Global Enterprises,146.94,126.38,27.14,Delivered
SHP-01599,2024-03-18,2024-03-19,2024-03-18,Central,SpeedEx,WH-05,Omega Co,94.25,82.4,35.39,In Transit
SHP-03040,2024-02-21,2024-02-23,2024-02-23,Central,SpeedEx,WH-03,Global Solutions,260.77,243.85,22.63,Delivered
SHP-02128,2024-12-11,2024-12-12,2024-12-13,Central,QuickMove,WH-09,Global Co,170.68,119.53,30.24,Delivered
SHP-00737,2025-01-12,2025-01-14,2025-01-14,Central,GlobalFreight,WH-09,Beta Corp,297.21,185.92,2.47,Delivered
SHP-02555,2024-05-03,2024-05-05,2024-05-03,West,ReliableCo,WH-07,Alpha Partners,419.01,413.77,28.93,Delivered
SHP-00337,2024-10-24,2024-10-27,2024-10-26,East,QuickMove,WH-07,Beta Enterprises,432.56,192.32,38.63,Delayed
SHP-02433,2024-01-06,2024-01-07,2024-01-08,East,ReliableCo,WH-10,Prime Ltd,185.39,91.68,45.13,Delayed
SHP-02996,2024-04-12,2024-04-13,2024-04-13,East,GlobalFreight,WH-09,Prime Partners,110.21,0.01,16.27,Delivered
SHP-02697,2024-08-08,2024-08-12,2024-08-13,West,FastShip,WH-05,Alpha Partners,631.57,637.01,18.98,Delivered
SHP-04454,2024-09-15,2024-09-18,2024-09-18,central,FastShip,WH-02,Global Industries,191.82,177.22,25.27,Delivered
SHP-01072,2024-01-10,2024-01-13,2024-01-14,Central,Speed Ex,WH-06,Prime Inc,153.32,151.11,22.87,Delivered
SHP-02338,2025-02-02,2025-02-03,2025-02-04,West,ReliableCo,WH-05,Omega Solutions,352.67,287.41,28.11,Delivered
SHP-01739,2024-02-26,2024-02-29,2024-02-29,West,FastShip,WH-04,Sigma Ltd,101.6,71.15,5.88,Delayed
SHP-04666,2024-11-07,2024-11-10,2024-11-10,Central,QuickMove,WH-10,Sigma Ltd,375.74,236.46,17.83,Delivered
SHP-04841,2024-07-09,2024-07-12,2024-07-13,West,QuickMove,WH-03,Global Solutions,408.51,318.71,9.93,Delivered
SHP-04160,2024-01-18,2024-01-23,2024-01-23,West,FastShip,WH-05,Beta Ltd,804.29,577.19,29.51,Delivered
SHP-04562,2024-03-13,2024-03-16,2024-03-17,South,FastShip,WH-08,Acme Group,160.67,114.84,11.73,Delayed
SHP-03439,2024-06-26,2024-06-27,2024-06-28,West,FastShip,WH-01,Beta Corp,190.07,160.51,11.15,Delivered
SHP-01489,2024-04-12,2024-04-14,2024-04-15,Central,QuickMove,WH-04,Global Industries,159.18,119.88,36.62,Delivered
SHP-00499,2024-06-19,2024-06-21,2024-06-22,South,FastShip,WH-06,Omega Solutions,499.37,450.79,42.48,Delayed
SHP-04394,2024-01-19,2024-01-21,2024-01-20,West,ReliableCo,WH-01,Omega Group,218.89,205.68,11.62,Delayed
SHP-04927,2025-06-21,2025-06-22,2025-06-22,North,GlobalFreight,WH-03,Omega Group,262.65,163.4,40.52,Delivered
SHP-02610,2024-10-05,2024-10-08,2024-10-08,Central,QuickMove,WH-07,Omega Industries,98.49,84.87,12.66,Delivered
SHP-02388,2024-07-08,2024-07-09,2024-07-09,East,QuickMove,WH-05,Delta Corp,167.92,123.6,21.13,Delivered
SHP-02985,2024-04-17,2024-04-18,2024-04-18,Central,FastShip,WH-02,Sigma Industries,393.49,296.62,64.15,Delivered
SHP-03104,2024-02-17,2024-02-20,2024-02-20,Central,GlobalFreight,WH-08,Global Solutions,282.77,297.93,18.03,Delivered
SHP-02175,2024-12-25,2024-12-30,2024-12-30,North,QuickMove,WH-10,Beta Solutions,999.62,689.36,8.79,Delayed
SHP-01611,2024-10-31,2024-11-03,2024-11-03,Central,GlobalFreight,WH-02,Omega Ltd,78.27,14.48,37.76,Delayed
SHP-02202,2024-03-29,2024-03-30,2024-03-29,Central,FastShip,WH-06,Sigma Industries,311.1,,19.67,In Transit
SHP-02496,2024-06-19,2024-06-22,2024-06-22,North,QuickMove,WH-08,Beta Co,187.26,140.93,23.82,Delivered
SHP-02437,2024-04-24,2024-04-26,2024-04-27,West,GlobalFreight,WH-04,Prime Enterprises,344.98,194.78,8.94,Delivered
SHP-01023,2025-03-22,2025-03-24,2025-03-24,North,FastShip,WH-01,Beta Corp,484.8,332.19,54.29,Delivered
SHP-02330,2024-04-08,2024-04-10,2024-04-10,South,SpeedEx,WH-10,Prime Partners,206.26,202.97,9.31,Delivered
SHP-04942,2025-06-12,2025-06-15,2025-06-16,North,FastShip,WH-03,Omega Corp,238.28,227.52,96.68,Delivered
SHP-03454,2024-08-22,2024-08-25,2024-08-25,North,SpeedEx,WH-05,Acme Co,290.83,299.04,9.69,In Transit
SHP-03131,2024-06-12,2024-06-13,2024-06-13,West,Quick Move,WH-05,Beta Enterprises,245.16,148.32,13.64,Delivered
SHP-03928,2025-02-26,2025-02-28,2025-02-27,Central,GlobalFreight,WH-02,Prime Solutions,117.39,126.47,29.37,Delivered
SHP-00666,2024-10-06,2024-10-07,2024-10-07,South,QuickMove,WH-07,Alpha Industries,120.86,91.82,10.34,Delivered
SHP-04749,2024-11-17,2024-11-19,2024-11-19,Central,GlobalFreight,WH-10,Acme Partners,312.96,156.97,19.43,Delivered
SHP-04926,2024-08-17,2024-08-18,2024-08-19,South,GlobalFreight,WH-05,Delta Enterprises,249.92,112.58,23.05,Delivered
SHP-04325,2025-02-22,2025-02-25,2025-02-25,NORTH,QuickMove,WH-07,Delta Solutions,702.54,413.26,59.34,Delivered
SHP-04315,2025-04-11,2025-04-13,2025-04-14,North,GlobalFreight,WH-10,Beta Partners,143.79,114.4,27.77,Delivered
SHP-02233,2025-03-07,2025-03-09,2025-03-09,West,ReliableCo,WH-08,Alpha Industries,133.94,90.64,22.73,Delivered
SHP-01018,2025-04-05,2025-04-08,2025-04-09,East,ReliableCo,WH-06,Sigma Inc,119.88,103.62,12.26,Delivered
SHP-00558,2025-03-29,2025-03-30,2025-04-01,South,GlobalFreight,WH-10,Delta Corp,79.84,31.51,34.93,Delivered
SHP-02979,2024-03-23,2024-03-24,2024-03-24,West,GlobalFreight,WH-02,Delta Industries,225.65,60.67,24.09,Delivered
SHP-01208,2024-12-12,2024-12-16,2024-12-16,Central,GlobalFreight,WH-03,Delta LLC,425.86,366.51,8.75,Delivered
SHP-02068,2024-02-28,2024-03-01,2024-03-01,East,QuickMove,WH-05,Acme Corp,155.96,86.14,42.12,Delivered
SHP-02911,2024-04-08,2024-04-10,2024-04-10,East,FastShip,WH-10,Global Partners,305.0,328.31,2.52,Delivered
SHP-04282,2024-02-20,2024-02-23,2024-02-24,East,GlobalFreight,WH-05,Global LLC,66.28,45.92,20.98,In Transit
SHP-01511,2024-02-10,2024-02-14,2024-02-14,North,ReliableCo,WH-03,Alpha Group,433.74,516.33,15.65,Returned
SHP-01804,2025-04-15,2025-04-16,2025-04-16,East,QuickMove,WH-05,Alpha Ltd,112.78,79.1,29.8,Delayed
SHP-00246,2025-05-31,2025-06-03,2025-06-04,South,GlobalFreight,WH-07,Prime Ltd,392.09,121.51,,Delivered
SHP-01164,2025-06-09,2025-06-10,2025-06-11,North,GlobalFreight,WH-06,Delta Co,251.47,203.95,90.78,Delivered
SHP-02651,2025-04-03,2025-04-07,2025-04-07,Central,GlobalFreight,WH-01,Omega LLC,499.34,171.41,8.76,In Transit
SHP-00267,2025-06-13,2025-06-15,2025-06-15,North,QuickMove,WH-08,Global LLC,196.87,112.32,45.27,Delivered
SHP-02414,2024-11-10,2024-11-12,2024-11-13,Central,SpeedEx,WH-10,Prime Enterprises,274.71,331.04,50.07,In Transit
SHP-01115,2024-05-16,2024-05-17,2024-05-16,Central,QuickMove,WH-03,Global Ltd,122.21,66.59,31.93,Delayed
SHP-00064,2024-03-30,2024-04-03,2024-04-04,West,SpeedEx,WH-10,Sigma Industries,874.19,629.55,14.31,Delayed
SHP-04867,2024-12-11,2024-12-12,2024-12-13,East,SpeedEx,WH-09,Sigma Partners,144.48,192.39,39.13,Delayed
SHP-02647,2025-05-03,2025-05-05,2025-05-05,North,QuickMove,WH-03,Prime Partners,147.63,115.54,25.16,Delivered
SHP-04534,2025-02-24,2025-02-28,2025-03-01,Central,SpeedEx,WH-04,Global Group,1330.35,1845.91,7.23,Returned
SHP-04653,2025-03-02,2025-03-04,2025-03-04,West,ReliableCo,WH-05,Omega Enterprises,529.17,333.06,7.97,Delivered
SHP-03077,2025-05-21,2025-05-23,2025-05-23,Central,QuickMove,WH-03,Delta Solutions,147.94,113.65,41.65,Delivered
SHP-03144,2024-02-02,2024-02-03,2024-02-03,North,GlobalFreight,WH-08,Sigma Industries,296.28,245.23,9.22,Delivered
SHP-02370,2025-04-23,2025-04-26,2025-04-27,West,FastShip,WH-03,Global LLC,288.01,250.02,41.71,Delivered
SHP-02877,2024-01-24,2024-01-27,2024-01-27,North,FastShip,WH-09,Sigma Ltd,748.24,759.4,15.7,Delayed
SHP-02306,2024-09-19,2024-09-20,2024-09-20,West,FastShip,WH-08,Beta Partners,290.57,287.91,6.88,Delivered
SHP-02252,2024-11-16,2024-11-18,2024-11-18,West,ReliableCo,WH-06,Global Corp,222.91,158.15,39.89,In Transit
SHP-01966,2024-07-22,2024-07-27,2024-07-28,East,FastShip,WH-02,Global Partners,839.26,535.08,12.81,In Transit
SHP-02909,2024-04-12,2024-04-15,2024-04-16,West,ReliableCo,WH-06,Alpha Group,1049.12,991.89,22.78,In Transit
SHP-01238,2025-02-18,2025-02-21,2025-02-22,South,GlobalFreight,WH-08,Global Corp,194.14,130.48,48.29,Delivered
SHP-00104,2025-02-05,2025-02-06,2025-02-07,West,Reliable Co,WH-09,Acme LLC,97.47,79.58,11.89,Delivered
SHP-02699,2025-05-10,2025-05-12,2025-05-12,West,QuickMove,WH-07,Delta Enterprises,252.86,198.57,16.53,Delivered
SHP-00273,2025-06-12,2025-06-15,2025-06-15,Central,fastship,WH-08,Delta Co,209.47,175.8,19.57,Delivered
SHP-00509,2024-09-18,2024-09-20,2024-09-20,Central,SpeedEx,WH-10,Global Inc,325.65,444.53,138.62,Delivered
SHP-04253,2025-03-01,2025-03-02,2025-03-03,East,QuickMove,WH-10,Omega Industries,166.08,109.25,18.28,Delivered
SHP-04989,2025-03-28,2025-03-29,2025-03-29,CENTRAL,ReliableCo,WH-01,Prime Inc,195.49,147.89,10.25,Returned
SHP-02592,2024-11-12,2024-11-13,2024-11-13,Central,GlobalFreight,WH-09,Global Enterprises,138.8,40.99,29.28,Delivered
SHP-00866,2024-09-07,2024-09-10,2024-09-12,South,FastShip,WH-02,Alpha Partners,676.84,591.22,41.12,Delayed
SHP-02482,2024-07-28,2024-07-29,2024-07-29,Central,SpeedEx,WH-10,Alpha Solutions,251.64,224.31,17.04,Delivered
SHP-00909,2025-01-18,2025-01-21,2025-01-22,North,GlobalFreight,WH-07,Beta LLC,212.39,154.29,,Delivered
SHP-04334,2024-01-27,2024-01-29,2024-01-29,West,FastShip,WH-10,Alpha Industries,262.49,174.16,21.24,Delivered
SHP-03253,2025-04-11,2025-04-12,2025-04-12,North,QuickMove,WH-04,Sigma Solutions,361.31,291.89,9.99,Delivered
SHP-03979,2024-08-22,2024-08-24,2024-08-24,West,SpeedEx,WH-05,Alpha Group,136.89,157.45,28.74,In Transit
SHP-01628,2024-06-02,2024-06-05,2024-06-06,East,QuickMove,WH-05,Prime Inc,117.46,,37.25,In Transit
SHP-04826,2024-10-02,2024-10-06,2024-10-08,South,QuickMove,WH-05,Delta Enterprises,572.23,417.55,17.3,Delivered
SHP-01523,2024-10-25,2024-10-26,2024-10-26,Central,GlobalFreight,WH-02,Beta Partners,286.73,236.16,21.44,Delivered
SHP-00836,2025-05-24,2025-05-27,2025-05-27,East,Quick Move,WH-07,Global Partners,373.77,223.28,47.51,Delayed
SHP-00359,2024-10-14,2024-10-17,2024-10-17,Central,SpeedEx,WH-06,Prime Solutions,410.05,433.93,24.48,Delivered
SHP-00139,2024-05-28,2024-06-01,2024-06-02,South,GlobalFreight,WH-03,Beta Co,493.08,345.79,15.05,Delivered
SHP-00300,2025-05-24,2025-05-27,2025-05-27,West,GlobalFreight,WH-08,Alpha Ltd,241.83,161.34,52.19,Delivered
SHP-01557,2024-10-08,2024-10-11,2024-10-11,North,FastShip,WH-02,Acme Co,334.44,212.74,26.46,In Transit
SHP-01004,2024-11-26,2024-11-28,2024-11-29,West,GlobalFreight,WH-01,Alpha Enterprises,135.5,78.09,13.39,Delivered
SHP-00383,2024-04-29,2024-05-01,2024-05-01,South,FastShip,WH-02,Alpha Group,182.49,158.97,5.82,Delivered
SHP-00942,2024-07-28,2024-07-30,2024-07-31,Central,GlobalFreight,WH-05,Beta Inc,280.19,86.13,50.02,In Transit
SHP-04125,2024-09-22,2024-09-25,2024-09-25,East,FastShip,WH-03,Beta LLC,345.96,321.9,,Delivered
SHP-03827,2024-10-11,2024-10-13,2024-10-13,Central,ReliableCo,WH-10,Sigma Ltd,342.97,262.19,35.03,Delivered
SHP-00762,2025-05-18,2025-05-21,2025-05-20,South,GlobalFreight,,Alpha Solutions,375.69,356.05,15.87,Delivered
SHP-03568,2024-02-16,2024-02-17,2024-02-17,Central,GlobalFreight,WH-10,Acme Group,307.28,167.65,39.0,Delivered
SHP-04047,2025-03-14,2025-03-15,2025-03-15,north,GlobalFreight,WH-06,Global LLC,304.81,165.6,22.48,Delivered
SHP-02603,2024-11-12,2024-11-16,2024-11-17,East,GlobalFreight,WH-09,Acme Enterprises,489.31,294.02,22.75,Delivered
SHP-02700,2024-04-10,2024-04-12,2024-04-13,South,SpeedEx,WH-03,Acme Corp,78.08,86.74,47.27,In Transit
SHP-02320,2025-03-08,2025-03-10,2025-03-11,West,SpeedEx,WH-09,Beta Enterprises,189.66,186.69,16.2,Delivered
SHP-00899,2024-08-29,2024-09-03,2024-09-02,Central,SpeedEx,WH-02,Delta Partners,974.75,1379.09,44.81,Delivered
SHP-04085,2025-04-29,2025-04-30,2025-05-01,South,ReliableCo,WH-04,Delta Partners,284.61,200.89,10.64,Delayed
SHP-02064,2024-06-27,2024-06-30,2024-06-30,East,GlobalFreight,WH-06,Sigma Co,79.19,50.24,54.55,Delayed
SHP-01403,2025-05-10,2025-05-13,2025-05-13,East,SpeedEx,WH-04,Acme Corp,419.56,530.69,69.17,Delivered
SHP-02096,2025-02-22,2025-02-23,2025-02-23,Central,GlobalFreight,WH-05,Omega LLC,260.1,163.29,47.94,Delivered
SHP-04751,2024-04-18,2024-04-21,2024-04-21,East,QuickMove,WH-03,Beta Ltd,286.88,191.11,13.42,Delivered
SHP-04436,2025-03-21,2025-03-24,2025-03-25,West,SpeedEx,WH-05,Omega Co,823.31,711.42,8.85,Delivered
SHP-04037,2025-06-26,2025-06-30,2025-06-30,West,QuickMove,WH-01,,547.67,480.36,54.72,Delivered
SHP-01513,2025-03-02,2025-03-04,2025-03-04,West,ReliableCo,WH-06,Global Corp,109.18,111.96,41.02,Delivered
SHP-01189,2025-04-27,2025-04-28,2025-04-28,Central,reliable co,WH-08,Prime Corp,212.4,136.58,24.69,Delivered
SHP-04396,2024-09-12,2024-09-16,2024-09-17,South,FastShip,WH-02,Beta Co,567.55,493.53,23.35,In Transit
SHP-02092,2024-09-02,2024-09-05,2024-09-06,South,GlobalFreight,WH-09,Prime Co,414.27,319.24,26.26,Delivered
SHP-03958,2024-03-30,2024-04-01,2024-04-01,Central,QuickMove,WH-06,Global Ltd,776.63,541.16,54.73,Delivered
SHP-03510,2024-04-27,2024-05-01,2024-05-01,CENTRAL,ReliableCo,WH-08,Beta Corp,510.19,468.91,29.23,Delayed
SHP-00109,2024-04-02,2024-04-05,2024-04-07,South,FastShip,WH-04,Beta Corp,208.17,223.86,21.15,Delivered
SHP-02793,2025-02-09,2025-02-12,2025-02-12,North,FastShip,WH-08,Beta Industries,229.34,225.71,25.38,Delivered
SHP-03160,2024-01-14,2024-01-17,2024-01-18,North,reliable co,WH-10,Global Co,455.57,391.46,15.63,Delivered
SHP-04372,2024-06-22,2024-06-24,2024-06-24,North,FastShip,WH-02,Beta LLC,508.6,405.46,38.94,Delivered
SHP-00059,2024-12-23,2024-12-25,2024-12-25,Central,SpeedEx,WH-04,Prime Industries,251.47,411.41,31.3,Delivered
SHP-00077,2024-04-13,2024-04-15,2024-04-15,North,QuickMove,WH-02,Delta Partners,241.64,200.02,13.28,Delivered
SHP-00797,2024-10-15,2024-10-17,2024-10-19,south,ReliableCo,WH-09,Beta LLC,153.22,78.24,37.55,In Transit
SHP-00369,2024-03-15,2024-03-18,2024-03-18,Central,SpeedEx,WH-03,Global Ltd,225.79,204.06,31.62,Delivered
SHP-04961,2024-12-21,2024-12-25,2024-12-26,West,QuickMove,WH-10,Delta Enterprises,495.98,394.37,5.27,Delivered
SHP-00786,2024-11-14,2024-11-18,2024-11-17,East,GlobalFreight,WH-05,Beta LLC,406.69,231.93,13.17,Delivered
SHP-02093,2025-01-21,2025-01-25,2025-01-25,West,SpeedEx,WH-06,Omega Co,649.28,651.55,10.58,Delivered
SHP-03009,2025-05-23,2025-05-26,2025-05-27,South,SpeedEx,WH-03,Beta Ltd,227.11,323.94,12.19,Delivered
SHP-02035,2024-11-06,2024-11-07,2024-11-08,East,FastShip,WH-07,Delta Ltd,141.87,86.17,25.6,Delivered
SHP-02305,2024-03-05,2024-03-07,2024-03-07,North,ReliableCo,WH-09,Global LLC,504.68,287.65,15.04,Delivered
SHP-04455,2024-07-23,2024-07-24,2024-07-23,East,QuickMove,WH-05,Omega Partners,183.52,137.68,6.08,Delivered
SHP-03608,2024-08-05,2024-08-07,2024-08-08,North,SpeedEx,WH-04,Alpha Ltd,154.85,106.38,11.78,Delivered
SHP-01979,2025-01-22,2025-01-24,2025-01-25,South,FastShip,WH-04,Beta Industries,215.45,172.22,20.12,Delivered
SHP-01771,2024-04-08,2024-04-09,2024-04-11,South,ReliableCo,WH-05,Sigma Ltd,300.59,178.59,12.73,Delivered
SHP-00122,2025-04-30,2025-05-03,2025-05-03,Central,FastShip,WH-04,Alpha Ltd,155.43,117.04,9.42,Delivered
SHP-01919,2025-05-22,2025-05-25,2025-05-25,East,SpeedEx,WH-01,Sigma Inc,299.05,266.26,11.94,Delivered
SHP-02417,2024-02-09,2024-02-10,2024-02-11,East,SpeedEx,WH-02,Global Co,171.55,,15.37,Delivered
SHP-03721,2025-04-28,2025-05-01,2025-05-02,South,SpeedEx,WH-08,Alpha Corp,270.32,357.43,25.72,Delivered
SHP-00911,2024-12-13,2024-12-14,2024-12-14,East,SpeedEx,WH-10,Omega Ltd,181.61,154.82,19.6,Delivered
SHP-00125,2024-12-30,2025-01-02,2025-01-02,Central,ReliableCo,WH-08,Global Industries,131.32,75.49,7.63,Delivered
SHP-02026,2025-02-18,2025-02-21,2025-02-21,South,QuickMove,WH-02,Acme Ltd,58.11,37.88,5.41,Delayed
SHP-01587,2024-09-22,2024-09-24,2024-09-25,North,FastShip,WH-02,Delta Group,249.4,195.82,48.95,Delivered
SHP-01258,2024-03-04,2024-03-08,2024-03-08,East,SpeedEx,WH-07,Sigma Partners,529.98,419.2,48.33,Delivered
SHP-03514,2025-06-20,2025-06-21,2025-06-21,North,FastShip,WH-02,Beta Industries,150.45,126.12,38.88,Delayed
SHP-03555,2024-10-28,2024-10-31,2024-10-31,East,ReliableCo,WH-04,Sigma Group,249.73,225.58,54.77,Delivered
SHP-03456,2024-04-24,2024-04-26,2024-04-28,South,SpeedEx,WH-09,Delta LLC,290.79,317.13,34.11,Delivered
SHP-01179,2025-06-29,2025-07-01,2025-07-02,East,fastship,WH-03,Global Co,312.87,269.75,19.56,Delayed
SHP-04884,2025-06-15,2025-06-18,2025-06-18,Central,ReliableCo,WH-03,Omega LLC,600.4,323.61,15.03,Delivered
SHP-03544,2024-06-22,2024-06-26,2024-06-27,East,SpeedEx,WH-07,Global Partners,507.27,356.58,10.93,Delivered
SHP-03632,2024-03-06,2024-03-08,2024-03-10,South,GlobalFreight,WH-04,Omega Solutions,509.87,312.24,29.62,Returned
SHP-03201,2025-01-25,2025-01-29,2025-01-29,West,SpeedEx,WH-02,Delta Partners,637.06,664.47,21.48,Delivered
SHP-00443,2024-01-01,2024-01-02,2024-01-03,West,SpeedEx,WH-02,Global Inc,263.47,292.68,65.79,Delivered
SHP-02268,2024-01-19,2024-01-22,2024-01-23,East,ReliableCo,WH-04,Sigma Industries,598.85,,13.95,Delivered
SHP-02935,2025-05-04,2025-05-06,2025-05-07,Central,ReliableCo,WH-04,Beta Partners,199.54,100.75,22.07,Delivered
SHP-00926,2025-05-04,2025-05-08,2025-05-09,Central,FastShip,WH-04,Sigma Corp,463.64,330.37,11.18,Delivered
SHP-02380,2024-03-26,2024-03-30,2024-04-01,South,QuickMove,WH-08,Prime Inc,741.53,504.19,15.13,Delivered
SHP-02308,2025-01-28,2025-01-30,2025-01-30,North,QuickMove,WH-10,Acme Ltd,84.7,58.85,31.74,Delivered
SHP-04825,2024-10-26,2024-10-29,2024-10-29,EAST,QuickMove,WH-07,Global Enterprises,323.07,244.72,12.56,In Transit
SHP-01412,2025-04-11,2025-04-12,2025-04-12,North,ReliableCo,WH-04,Omega Ltd,386.18,242.71,60.2,Delivered
SHP-03541,2024-02-12,2024-02-15,2024-02-15,East,SpeedEx,WH-02,Delta Ltd,461.68,520.55,,Returned
SHP-01819,2025-01-15,2025-01-19,2025-01-19,Central,QuickMove,WH-05,Sigma Inc,421.15,355.3,12.27,Delivered
SHP-01510,2024-07-04,2024-07-07,2024-07-06,NORTH,QuickMove,WH-01,Sigma Partners,410.56,321.07,35.59,Delivered
SHP-01228,2024-08-25,2024-08-27,2024-08-26,North,GlobalFreight,WH-07,Acme Solutions,287.35,127.73,50.79,Delivered
SHP-03679,2024-08-31,2024-09-02,2024-09-03,West,QuickMove,WH-03,Acme Inc,635.07,405.2,2.79,Delivered
SHP-02403,2024-05-08,2024-05-11,2024-05-12,East,FastShip,WH-04,Delta Co,103.96,90.36,31.34,Delivered
SHP-03587,2024-06-09,2024-06-12,2024-06-12,East,ReliableCo,WH-03,Acme Ltd,117.97,72.34,5.6,Delivered
SHP-04461,2025-04-09,2025-04-11,2025-04-11,West,GlobalFreight,WH-06,Sigma Inc,276.19,117.28,51.25,In Transit
SHP-03351,2024-04-11,2024-04-12,2024-04-12,North,ReliableCo,WH-10,Omega Inc,130.2,96.31,11.7,Delivered
SHP-00325,2024-01-09,2024-01-12,2024-01-12,Central,ReliableCo,WH-10,Omega Ltd,424.73,341.26,25.16,Delivered
SHP-04611,2024-04-21,2024-04-24,2024-04-24,East,FastShip,WH-01,Prime Industries,53.76,41.98,,Delivered
SHP-04093,2024-03-10,2024-03-13,2024-03-13,East,QuickMove,WH-06,Sigma Inc,115.47,90.4,22.39,Delivered
SHP-04551,2024-07-19,2024-07-23,2024-07-24,West,FastShip,WH-07,Omega Inc,441.38,389.13,41.77,Delivered
SHP-04155,2024-05-08,2024-05-11,2024-05-12,North,ReliableCo,WH-07,Delta Co,288.76,224.0,8.46,In Transit
SHP-03102,2025-03-23,2025-03-26,2025-03-26,East,GlobalFreight,WH-08,Prime Enterprises,62.56,53.69,11.21,In Transit
SHP-01499,2024-04-11,2024-04-14,2024-04-15,South,SpeedEx,WH-02,Global Ltd,134.43,176.89,22.65,Delivered
SHP-01503,2024-02-22,2024-02-25,2024-02-25,Central,SpeedEx,WH-02,Delta Industries,484.95,526.32,27.46,Delivered
SHP-01007,2024-02-22,2024-02-25,2024-02-25,North,ReliableCo,WH-03,Omega LLC,162.85,96.69,16.75,Delivered
SHP-02239,2025-01-09,2025-01-12,2025-01-12,West,ReliableCo,WH-06,Omega Co,139.34,96.64,41.91,Delivered
SHP-04694,2024-08-30,2024-09-01,2024-09-01,East ,GlobalFreight,WH-01,Alpha Co,179.28,49.57,28.16,Delivered
SHP-03791,2025-02-15,2025-02-16,2025-02-16,East,FastShip,WH-06,Global LLC,147.84,45.05,86.87,Delivered
SHP-01468,2025-04-16,2025-04-18,2025-04-18,Central,GlobalFreight,WH-10,Acme Industries,165.33,67.67,23.24,Delayed
SHP-01226,2024-02-01,2024-02-04,2024-02-04,North,reliable co,WH-10,Alpha Enterprises,193.42,105.32,15.47,Delivered
SHP-02963,2024-06-14,2024-06-16,2024-06-16,West,FastShip,WH-02,Sigma Ltd,62.18,57.22,22.34,Delivered
SHP-03140,2024-09-02,2024-09-05,2024-09-06,South,FastShip,WH-03,Global Co,245.88,167.63,7.27,Delivered
SHP-02314,2024-12-11,2024-12-14,2024-12-14,Central,GlobalFreight,WH-08,Prime Co,188.47,125.47,14.4,Delayed
SHP-02230,2025-04-20,2025-04-22,2025-04-22,South,reliable co,WH-10,Delta Group,704.71,286.79,35.81,Delivered
SHP-01217,2025-06-02,2025-06-05,2025-06-04,East,ReliableCo,WH-05,Alpha Solutions,233.8,184.28,19.58,Delivered
SHP-04060,2025-03-25,2025-03-28,2025-03-29,East,SpeedEx,WH-08,Beta Industries,251.95,348.23,21.71,Delivered
SHP-04358,2024-06-07,2024-06-09,2024-06-09,Central,SpeedEx,WH-05,Global Inc,572.49,706.57,63.96,Delayed
SHP-00421,2025-05-22,2025-05-24,2025-05-24,North,SpeedEx,WH-09,Sigma Group,311.76,272.5,25.21,Delivered
SHP-03495,2024-05-14,2024-05-16,2024-05-16,East,FastShip,WH-10,Prime Partners,415.01,333.13,23.62,Delivered
SHP-00007,2024-04-06,2024-04-08,2024-04-09,West,FastShip,WH-08,Sigma Partners,176.51,119.56,26.13,Delivered
SHP-00933,2024-05-15,2024-05-18,2024-05-17,Central,FastShip,WH-02,Omega Enterprises,119.13,116.59,11.25,Delivered
SHP-01692,2024-11-24,2024-11-26,2024-11-26,East ,ReliableCo,WH-04,Beta Co,68.42,80.53,24.47,Delayed
SHP-00440,2025-05-19,2025-05-21,2025-05-22,Central,SpeedEx,WH-04,Global Solutions,225.32,338.67,50.42,Delivered
SHP-01314,2024-02-25,2024-02-27,2024-02-27,South,QuickMove,WH-02,Global Industries,184.92,114.33,9.08,Delivered
SHP-00679,2025-02-05,2025-02-07,2025-02-06,West,ReliableCo,WH-10,Acme Co,330.27,271.99,4.62,Delivered
SHP-02650,2024-04-17,2024-04-19,2024-04-20,West,QuickMove,WH-02,Omega Ltd,330.21,240.66,25.82,Delivered
SHP-04662,2024-10-15,2024-10-17,2024-10-18,North,QuickMove,WH-07,Global Ltd,188.92,130.16,23.47,Delivered
SHP-01894,2024-06-10,2024-06-12,2024-06-14,South,SpeedEx,WH-06,Alpha Solutions,166.65,152.7,7.54,Delivered
SHP-02315,2025-04-15,2025-04-18,2025-04-17,North,QuickMove,WH-03,Global Solutions,148.19,144.76,16.84,Delivered
SHP-04686,2024-07-23,2024-07-24,2024-07-24,East,SpeedEx,WH-10,Global Industries,112.64,151.83,30.59,Delivered
SHP-03666,2024-01-31,2024-02-01,2024-02-03,South,SpeedEx,WH-07,Prime Corp,355.16,364.93,10.85,Delivered
SHP-04971,2025-02-01,2025-02-02,2025-02-03,West,QuickMove,WH-04,Omega Ltd,244.86,204.55,56.39,Delivered
SHP-02488,2024-11-15,2024-11-17,2024-11-18,North,FastShip,WH-06,Beta LLC,217.27,212.96,23.55,Delivered
SHP-01087,2025-01-28,2025-01-29,2025-01-29,East,SpeedEx,WH-09,Prime Corp,165.28,179.85,6.64,Delivered
SHP-01989,2025-05-14,2025-05-15,2025-05-14,North,SpeedEx,WH-02,Delta Solutions,208.05,299.18,87.32,Delivered
SHP-04293,2025-04-11,2025-04-14,2025-04-15,East,ReliableCo,WH-04,Beta LLC,861.16,502.38,35.57,In Transit
SHP-02838,2024-07-19,2024-07-22,2024-07-22,North,QuickMove,WH-04,Beta Enterprises,561.55,317.77,29.28,Delayed
SHP-02860,2024-01-10,2024-01-13,2024-01-14,North,FastShip,WH-08,Beta Industries,218.7,198.07,20.34,Delivered
SHP-00195,2025-03-11,2025-03-14,2025-03-14,West,GlobalFreight,WH-04,Delta Group,158.18,91.37,31.01,Delivered
SHP-01475,2024-01-07,2024-01-08,2024-01-09,Central,QuickMove,WH-07,Beta Industries,95.33,67.09,43.13,Delivered
SHP-03442,2025-03-03,2025-03-04,2025-03-03,West,ReliableCo,WH-04,Alpha Co,250.62,149.53,5.76,Delivered
SHP-03966,2024-01-18,2024-01-21,2024-01-22,West,GlobalFreight,WH-10,Prime Partners,790.92,367.61,4.92,Delivered
SHP-01212,2024-01-19,2024-01-21,2024-01-21,East,GlobalFreight,WH-06,Prime Corp,492.66,,13.87,Delayed
SHP-04790,2024-01-24,2024-01-27,2024-01-27,East,GlobalFreight,WH-08,Acme Corp,86.11,11.69,8.61,Delivered
SHP-01658,2024-11-06,2024-11-07,2024-11-08,East,GlobalFreight,WH-09,Prime Industries,171.64,22.24,27.66,Delivered
SHP-02758,2024-11-26,2024-11-27,2024-11-27,West,ReliableCo,WH-06,Alpha Solutions,304.63,191.72,30.01,Delayed
SHP-03086,2024-08-19,2024-08-22,2024-08-22,East,SpeedEx,WH-08,Delta LLC,194.41,178.45,34.39,Delivered
SHP-04292,2024-11-27,2024-11-30,2024-11-30,Central,FastShip,WH-04,Omega Inc,176.37,122.66,8.8,Delayed
SHP-03656,2024-02-25,2024-02-28,2024-02-29,EAST,ReliableCo,WH-02,Omega Enterprises,733.18,524.18,11.4,Delivered
SHP-04006,2024-11-28,2024-11-30,2024-12-02,West,SpeedEx,WH-07,Delta Ltd,247.33,323.02,16.94,Delivered
SHP-03132,2024-07-19,2024-07-21,2024-07-21,Central,QuickMove,WH-10,Omega LLC,153.96,91.28,51.07,Delivered
SHP-01131,2024-03-10,2024-03-12,2024-03-12,North,GlobalFreight,WH-10,Prime Co,182.61,136.76,85.85,Delivered
SHP-01462,2024-08-25,2024-08-27,2024-08-27,East,QuickMove,WH-05,Global LLC,377.13,374.39,10.01,In Transit
SHP-00277,2025-04-30,2025-05-03,2025-05-03,West,GlobalFreight,WH-05,Global Solutions,475.76,372.91,9.61,Delivered
SHP-04580,2025-05-07,2025-05-10,2025-05-11,East,GlobalFreight,WH-02,Omega Co,452.98,164.23,8.78,Delivered
SHP-02269,2024-10-28,2024-10-31,2024-11-01,Central,ReliableCo,WH-04,Sigma Ltd,93.82,108.92,59.14,Delivered
SHP-02379,2025-04-18,2025-04-21,2025-04-21,North,QuickMove,WH-03,Alpha Corp,440.34,317.38,7.82,Delivered
SHP-04714,2024-02-10,2024-02-11,2024-02-11,North,FastShip,WH-10,Delta Group,118.8,90.8,84.21,Delivered
SHP-01303,2024-06-11,2024-06-14,2024-06-14,Central,GlobalFreight,WH-10,Sigma Inc,132.22,83.58,,Delivered
SHP-02576,2024-10-31,2024-11-03,2024-11-03,Central,FastShip,WH-10,Prime Enterprises,768.54,870.87,10.22,Delivered
SHP-00223,2024-09-13,2024-09-14,2024-09-15,West,FastShip,WH-06,Acme Partners,348.76,339.37,28.65,Delivered
SHP-04693,2024-05-01,2024-05-03,2024-05-04,South,ReliableCo,WH-02,Prime Co,130.33,98.86,20.05,Delivered
SHP-03921,2024-03-21,2024-03-23,2024-03-24,North,ReliableCo,WH-09,Global LLC,154.14,136.62,106.3,Delivered
SHP-00574,2025-01-15,2025-01-16,2025-01-16,West,QuickMove,WH-10,Prime Corp,257.54,158.89,28.96,Delivered
SHP-01237,2024-05-19,2024-05-21,2024-05-22,East,FastShip,WH-02,Sigma Partners,698.46,516.19,7.89,Delivered
SHP-03873,2024-05-10,2024-05-12,2024-05-13,South,FastShip,WH-06,Global Enterprises,287.06,196.73,24.11,Delivered
SHP-02178,2024-12-01,2024-12-03,2024-12-03,South,QuickMove,WH-07,Sigma Solutions,571.87,393.91,14.63,Delayed
SHP-04592,2025-05-16,2025-05-18,2025-05-18,Central,SpeedEx,WH-08,Alpha Corp,260.63,297.93,23.87,Delivered
SHP-01335,2024-09-12,2024-09-15,2024-09-15,Central,GlobalFreight,WH-04,Sigma Enterprises,179.91,89.21,34.45,Delayed
SHP-04547,2024-04-05,2024-04-06,2024-04-06,North,SpeedEx,WH-04,Beta Industries,207.85,271.35,24.22,Delivered
SHP-04649,2024-12-13,2024-12-14,2024-12-14,Central,GlobalFreight,WH-02,Alpha Enterprises,224.84,137.17,26.24,Delivered
SHP-00419,2025-01-15,2025-01-17,2025-01-17,West,QuickMove,WH-09,Prime LLC,193.44,166.65,16.03,Delivered
SHP-00268,2024-08-20,2024-08-21,2024-08-22,West,GlobalFreight,WH-09,Alpha Enterprises,184.82,108.29,28.05,Delivered
SHP-01105,2024-09-04,2024-09-05,2024-09-04,North,ReliableCo,WH-07,Delta Inc,286.36,194.67,4.25,Delivered
SHP-00258,2025-04-13,2025-04-16,2025-04-16,South,ReliableCo,WH-05,Delta Enterprises,353.58,246.98,6.25,Delivered
SHP-00296,2025-02-04,2025-02-05,2025-02-06,East,SpeedEx,WH-03,Omega Enterprises,272.58,362.42,6.69,Delivered
SHP-03067,2024-07-14,2024-07-17,2024-07-17,West,FastShip,WH-06,Beta Corp,99.07,75.22,31.21,Delivered
SHP-00387,2024-10-26,2024-10-27,2024-10-27,East,GlobalFreight,WH-10,Beta LLC,170.49,51.23,24.81,Delivered
SHP-03379,2024-05-03,2024-05-06,2024-05-07,East,FastShip,WH-05,Global LLC,86.31,75.29,6.95,Delivered
SHP-03796,2024-07-30,2024-08-02,2024-08-02,East,FastShip,WH-07,Beta Corp,192.56,152.37,10.21,Delivered
SHP-02278,2025-06-21,2025-06-23,2025-06-23,North,GlobalFreight,WH-08,Acme Partners,613.65,708.42,29.31,Delivered
SHP-04329,2024-07-05,2024-07-07,2024-07-07,East,SpeedEx,WH-05,Acme Ltd,377.17,543.46,24.81,Delivered
SHP-04385,2024-01-04,2024-01-06,2024-01-07,West,SpeedEx,WH-10,Global LLC,404.07,491.02,15.25,Delivered
SHP-03590,2024-05-19,2024-05-20,2024-05-20,East,FastShip,WH-07,Omega Solutions,251.11,188.99,10.47,Delivered
SHP-03828,2024-03-22,2024-03-25,2024-03-25,North,QuickMove,WH-08,Prime Co,50.0,34.89,17.51,Delivered
SHP-04815,2024-08-06,2024-08-08,2024-08-08,East,QuickMove,WH-01,Sigma Ltd,228.21,171.14,13.94,Delayed
SHP-01564,2025-01-05,2025-01-10,2025-01-11,West,FastShip,WH-10,Beta Partners,1191.21,943.5,4.29,Delayed
SHP-02115,2025-04-18,2025-04-20,2025-04-20,Central,GlobalFreight,WH-06,Acme Corp,447.82,152.56,61.11,Delivered
SHP-01401,2024-04-05,2024-04-08,2024-04-08,East,QuickMove,WH-01,Omega Enterprises,218.56,148.32,39.62,Delivered
SHP-00713,2024-03-11,2024-03-14,2024-03-14,East,GlobalFreight,WH-01,Acme Partners,169.91,74.0,35.99,Delivered
SHP-03577,2024-12-31,2025-01-01,2025-01-01,South,GlobalFreight,WH-01,Beta Co,200.16,50.47,16.51,Delivered
SHP-02582,2025-02-07,2025-02-10,2025-02-10,South,FastShip,WH-05,Global Solutions,272.97,237.7,28.47,Delivered
SHP-00210,2024-08-28,2024-09-01,2024-09-01,East,GlobalFreight,WH-02,Delta Corp,620.36,555.41,17.29,Delivered
SHP-04026,2024-04-03,2024-04-04,2024-04-05,South,GlobalFreight,WH-05,Beta Enterprises,201.61,197.62,15.33,Delivered
SHP-01290,2024-03-22,2024-03-24,2024-03-26,West,SpeedEx,WH-06,Prime Corp,265.71,280.05,9.11,Delayed
SHP-03387,2025-01-21,2025-01-24,2025-01-26,South,GlobalFreight,WH-06,Acme LLC,309.24,85.02,41.55,Delivered
SHP-01843,2025-05-04,2025-05-05,2025-05-05,East,ReliableCo,WH-06,Global Partners,113.12,89.57,20.92,Delivered
SHP-00450,2024-09-01,2024-09-02,2024-09-02,East,SpeedEx,WH-06,,202.06,276.62,20.39,Delivered
SHP-04398,2024-11-26,2024-11-29,2024-11-30,Central,SpeedEx,WH-07,Beta Group,262.18,360.7,19.64,Returned
SHP-04240,2025-05-29,2025-05-31,2025-06-01,West,GlobalFreight,WH-10,Sigma Partners,792.25,3.2,35.98,Returned
SHP-01821,2024-09-09,2024-09-10,2024-09-11,Central,ReliableCo,WH-07,Delta Enterprises,153.7,175.74,19.54,Delivered
SHP-00959,2024-01-03,2024-01-06,2024-01-06,West,FastShip,WH-09,Prime Partners,455.62,320.97,15.21,Delayed
SHP-01794,2024-08-15,2024-08-16,2024-08-18,South,SpeedEx,WH-09,Alpha Corp,221.17,319.3,25.84,Delivered
SHP-02094,2024-09-18,2024-09-20,2024-09-19,East,ReliableCo,WH-08,Beta Group,284.22,202.69,17.39,Delayed
SHP-00655,2025-02-18,2025-02-19,2025-02-19,Central,FastShip,WH-08,Prime Corp,157.51,144.69,55.65,Delivered
SHP-04957,2024-06-18,2024-06-19,2024-06-20,South,ReliableCo,WH-10,Sigma Corp,142.96,72.88,11.17,Delayed
SHP-03933,2024-12-04,2024-12-06,2024-12-06,Central,FastShip,WH-10,Prime Enterprises,153.36,64.93,7.56,In Transit
SHP-00332,2024-03-31,2024-04-03,2024-04-02,north,ReliableCo,WH-09,Delta Solutions,254.34,142.97,18.16,Delivered
SHP-01761,2025-04-04,2025-04-05,2025-04-04,Central,GlobalFreight,WH-06,Alpha Ltd,387.55,286.1,6.92,In Transit
SHP-02834,2024-12-01,2024-12-03,2024-12-04,South,GlobalFreight,WH-10,,331.81,57.24,10.15,Delivered
SHP-03654,2024-12-10,2024-12-14,2024-12-15,West,SpeedEx,WH-07,Acme Ltd,445.35,374.34,56.47,Delayed
SHP-02158,2024-02-03,2024-02-06,2024-02-06,East,QuickMove,WH-04,Beta Corp,360.73,204.62,16.41,Delivered
SHP-00412,2024-08-04,2024-08-07,2024-08-07,East,FastShip,WH-04,Prime Solutions,129.36,106.32,40.05,In Transit
SHP-01775,2024-03-01,2024-03-07,2024-03-07,North,QuickMove,WH-06,Global Ltd,1244.48,761.94,7.5,Delivered
SHP-01963,2025-04-16,2025-04-19,2025-04-19,East,ReliableCo,WH-09,Global Industries,165.61,190.53,16.19,Returned
SHP-02232,2024-07-10,2024-07-11,2024-07-11,North,SpeedEx,WH-06,Delta Ltd,125.07,95.33,16.28,Delayed
SHP-02427,2024-08-07,2024-08-09,2024-08-09,Central,QuickMove,WH-03,Acme Co,338.82,289.95,40.24,Delivered
SHP-03909,2025-06-29,2025-07-01,2025-07-01,North,GlobalFreight,,Beta Co,54.26,32.84,33.34,Delivered
SHP-04582,2024-04-10,2024-04-12,2024-04-12,CENTRAL,QuickMove,,Omega Co,229.26,151.15,30.73,Delivered
SHP-04829,2025-03-20,2025-03-22,2025-03-22,East,FastShip,WH-08,Omega Enterprises,99.34,93.38,19.79,Delivered
SHP-03781,2024-04-18,2024-04-20,2024-04-20,Central,ReliableCo,WH-09,Omega Solutions,131.89,114.54,31.22,Delivered
SHP-02277,2025-06-23,2025-06-26,2025-06-26,North,QuickMove,WH-08,Omega Group,135.05,104.78,27.49,Delivered
SHP-03890,2024-07-10,2024-07-13,2024-07-14,South,SpeedEx,WH-03,Beta Enterprises,376.1,102.69,18.07,Delivered
SHP-03634,2025-04-24,2025-04-28,2025-04-28,Central,SpeedEx,WH-07,Global Partners,419.79,437.54,6.99,Delivered
SHP-03686,2024-06-16,2024-06-18,2024-06-20,South,GlobalFreight,WH-08,Acme Corp,338.83,252.39,31.26,Delivered
SHP-03440,2024-10-10,2024-10-14,2024-10-14,South,FastShip,WH-07,Sigma Corp,671.65,643.27,18.71,Delivered
SHP-02006,2025-01-07,2025-01-10,2025-01-10,North,QuickMove,WH-03,Beta LLC,58.49,30.35,10.32,Delivered
SHP-04956,2024-02-13,2024-02-15,2024-02-15,Central,SpeedEx,WH-08,Acme Group,140.53,183.43,29.62,Delivered
SHP-00431,2024-02-16,2024-02-18,2024-02-18,East,FastShip,WH-03,Delta Inc,332.91,319.86,30.9,Delayed
SHP-02987,2024-02-15,2024-02-19,2024-02-20,East,QuickMove,WH-03,Global Co,821.12,622.18,7.27,Delivered
SHP-02084,2024-04-01,2024-04-02,2024-04-03,West,FastShip,WH-10,Global Inc,267.76,269.02,26.36,Delivered
SHP-01367,2024-10-23,2024-10-26,2024-10-26,North,QuickMove,WH-04,Omega Enterprises,75.16,54.82,23.92,Delivered
SHP-00174,2024-08-02,2024-08-03,2024-08-03,Central,ReliableCo,WH-01,Delta Corp,127.91,111.11,16.17,Delayed
SHP-03014,2024-10-10,2024-10-14,2024-10-14,West,ReliableCo,WH-08,Prime Ltd,468.49,335.6,23.75,Delivered
SHP-01177,2025-01-08,2025-01-11,2025-01-11,Central,QuickMove,WH-01,Prime Solutions,345.99,290.87,14.31,Delivered
SHP-03404,2025-02-28,2025-03-03,2025-03-03,North,GlobalFreight,WH-08,Prime Industries,129.93,174.83,22.09,Delivered
SHP-01477,2024-11-03,2024-11-05,2024-11-05,North,ReliableCo,WH-04,Sigma Corp,143.13,102.31,2.64,Delivered
SHP-03222,2024-11-19,2024-11-20,2024-11-20,Central,FastShip,WH-09,Beta Group,265.42,240.29,20.25,Delivered
SHP-04370,2024-03-11,2024-03-12,2024-03-13,South,SpeedEx,WH-04,Alpha Enterprises,74.76,89.94,13.05,Delivered
SHP-00103,2024-09-21,2024-09-23,2024-09-23,North,QuickMove,WH-06,Alpha Ltd,263.01,202.82,9.14,Delayed
SHP-01993,2025-01-13,2025-01-14,2025-01-16,South,SpeedEx,WH-02,Prime Ltd,191.93,287.77,31.54,Delivered
SHP-03269,2025-02-07,2025-02-08,2025-02-09,Central,ReliableCo,WH-10,Beta Group,372.06,279.56,12.87,Delayed
SHP-01264,2024-05-12,2024-05-15,2024-05-15,Central,GlobalFreight,WH-09,,300.36,70.59,9.16,Delivered
SHP-02945,2024-08-31,2024-09-03,2024-09-03,Central,QuickMove,WH-03,Delta Solutions,103.68,68.97,11.14,Delivered
SHP-03207,2024-04-16,2024-04-19,2024-04-19,West,FastShip,WH-08,Alpha Partners,176.38,154.24,7.19,Delayed
SHP-02419,2024-01-31,2024-02-03,2024-02-02,North,ReliableCo,WH-06,Global Inc,132.11,115.61,56.78,Delivered
SHP-03129,2024-01-09,2024-01-11,2024-01-12,West,speedex,WH-08,Beta Solutions,197.84,209.85,19.27,Delayed
SHP-03257,2024-09-11,2024-09-14,2024-09-15,West,SpeedEx,WH-06,Prime Enterprises,265.14,,,Delivered
SHP-04846,2025-05-29,2025-06-02,2025-06-03,NORTH,GlobalFreight,WH-10,Alpha LLC,459.42,260.23,39.09,Delivered
SHP-03241,2024-11-26,2024-11-29,2024-11-30,West,SpeedEx,WH-08,Prime Corp,470.73,407.42,61.5,Delivered
SHP-01666,2024-01-28,2024-02-01,2024-02-01,Central,QuickMove,WH-02,Acme Solutions,403.39,475.845,3.02,Delivered
SHP-01644,2025-03-08,2025-03-12,2025-03-12,South,ReliableCo,WH-07,Global Corp,885.19,692.0,45.11,Delivered
SHP-04798,2025-01-20,2025-01-22,2025-01-25,South,ReliableCo,WH-01,Alpha Co,179.66,162.99,70.69,Delivered
SHP-00001,2024-06-22,2024-06-23,2024-06-23,West,FastShip,WH-05,Alpha LLC,329.65,312.23,58.33,Delivered
SHP-01581,2025-06-29,2025-07-03,2025-07-04,South,GlobalFreight,WH-08,Prime Enterprises,512.88,248.05,50.11,Delivered
SHP-04472,2025-06-12,2025-06-13,2025-06-13,East,Global Freight,WH-06,Beta Corp,299.81,184.9,31.99,Delivered
SHP-04163,2024-03-27,2024-03-28,2024-03-29,West,QuickMove,WH-02,Global Inc,314.16,255.35,45.25,Delivered
SHP-01357,2025-04-10,2025-04-12,2025-04-12,North,QuickMove,WH-07,Alpha Partners,219.96,175.17,19.8,Returned
SHP-03464,2024-06-04,2024-06-08,2024-06-08,West,GlobalFreight,WH-03,Sigma Corp,596.25,330.69,24.04,Delivered
SHP-02255,2024-02-13,2024-02-16,2024-02-16,Central,ReliableCo,WH-04,,88.2,62.72,32.01,Delivered
SHP-02281,2024-07-26,2024-07-27,2024-07-27,Central,ReliableCo,WH-08,Prime Industries,65.68,58.22,20.28,Delivered
SHP-03938,2024-11-15,2024-11-19,2024-11-19,Central,QuickMove,WH-06,Acme Solutions,443.08,357.83,22.24,Delivered
SHP-02265,2024-05-23,2024-05-24,2024-05-24,West,GlobalFreight,WH-07,Prime Solutions,219.18,34.04,44.98,Delivered
SHP-00397,2024-12-06,2024-12-08,2024-12-09,west,FastShip,WH-08,Prime Solutions,316.49,277.39,15.53,In Transit
SHP-04632,2024-12-31,2025-01-01,2025-01-01,West,ReliableCo,WH-02,Omega Partners,353.07,153.73,20.99,Delivered
SHP-01065,2025-02-21,2025-02-22,2025-02-23,East,QuickMove,WH-05,Prime LLC,148.17,102.36,10.79,Returned
SHP-02408,2024-08-21,2024-08-23,2024-08-24,West,SpeedEx,WH-01,Omega Industries,145.78,233.41,18.76,Delivered
SHP-02155,2025-01-06,2025-01-07,2025-01-09,South,GlobalFreight,WH-01,Sigma Corp,99.65,80.53,60.89,Delivered
SHP-04792,2025-03-26,2025-03-28,2025-03-29,North,SpeedEx,WH-05,Global Partners,64.28,66.12,9.19,In Transit
SHP-00819,2024-05-01,2024-05-05,2024-05-05,Central,QuickMove,WH-04,Beta Enterprises,415.23,252.62,51.87,Delayed
SHP-01813,2025-03-31,2025-04-02,2025-04-01,West,FastShip,WH-04,Global Enterprises,77.45,69.74,11.99,Delayed
SHP-03554,2024-05-10,2024-05-12,2024-05-13,South,ReliableCo,WH-02,Sigma Ltd,491.66,439.12,15.25,Delivered
SHP-01553,2025-02-09,2025-02-11,2025-02-11,South,QuickMove,WH-05,Global LLC,235.58,188.08,21.94,Returned
SHP-03221,2025-04-07,2025-04-10,2025-04-09,Central,GlobalFreight,WH-04,Omega Co,294.15,85.89,22.63,Delivered
SHP-00817,2025-04-06,2025-04-09,2025-04-11,South,QuickMove,WH-06,Beta Group,364.76,223.3,15.42,Delivered
SHP-01573,2024-01-31,2024-02-03,2024-02-03,North,FastShip,WH-10,Sigma Inc,583.64,474.96,56.08,Delayed
SHP-04403,2025-02-08,2025-02-11,2025-02-12,North,ReliableCo,WH-02,Alpha Inc,95.73,51.86,11.37,In Transit
SHP-01801,2024-09-04,2024-09-05,2024-09-05,Central,ReliableCo,WH-06,Beta Co,266.08,242.84,11.13,Delayed
SHP-04337,2024-01-25,2024-01-28,2024-01-28,Central,QuickMove,WH-07,Delta Industries,203.56,129.92,32.75,Delivered
SHP-00382,2024-03-07,2024-03-10,2024-03-12,South,QuickMove,WH-10,Beta Partners,195.72,173.89,59.16,Delivered
SHP-02938,2025-03-14,2025-03-15,2025-03-15,North,SpeedEx,WH-03,Prime Solutions,292.91,369.53,56.38,Delivered
SHP-03903,2024-01-18,2024-01-20,2024-01-20,West,FastShip,WH-01,Alpha LLC,249.01,184.86,20.02,In Transit
SHP-02342,2024-12-25,2024-12-29,2024-12-28,West,GlobalFreight,WH-06,Prime Solutions,476.54,239.74,51.16,Delivered
SHP-04421,2025-01-17,2025-01-19,2025-01-20,North,FastShip,WH-10,Omega Co,328.91,344.15,6.98,Delivered
SHP-03120,2024-10-23,2024-10-26,2024-10-26,West,QuickMove,WH-10,Alpha Industries,214.33,161.48,5.78,Delayed
SHP-04374,2024-10-07,2024-10-10,2024-10-09,West,FastShip,WH-10,Delta Inc,307.75,236.45,28.37,Delivered
SHP-01781,2024-10-23,2024-10-26,2024-10-26,South,GlobalFreight,WH-01,Global Co,188.39,86.03,19.47,Delivered
SHP-02785,2025-04-19,2025-04-21,2025-04-20,East,GlobalFreight,WH-10,Global Group,137.6,60.36,17.67,In Transit
SHP-02485,2024-06-28,2024-06-29,2024-06-29,East,QuickMove,WH-03,Acme Industries,295.08,169.29,5.27,Delivered
SHP-02381,2024-04-15,2024-04-17,2024-04-19,West,FastShip,WH-02,Beta Partners,453.85,450.7,91.86,Delivered
SHP-00865,2024-05-17,2024-05-20,2024-05-20,West,GlobalFreight,WH-10,Omega LLC,470.25,284.8,8.84,Delivered
SHP-04348,2025-06-28,2025-06-30,2025-07-02,West,FastShip,WH-05,Prime LLC,687.58,484.88,44.31,Delivered
SHP-04847,2024-09-09,2024-09-11,2024-09-09,West,SpeedEx,WH-01,Delta Ltd,445.55,561.73,20.48,Delivered
SHP-00555,2024-04-12,2024-04-15,2024-04-15,East,FastShip,WH-01,Sigma Corp,188.29,219.35,16.9,Delivered
SHP-01160,2024-12-01,2024-12-04,2024-12-04,West,FastShip,WH-05,Sigma Inc,334.93,183.34,2.77,In Transit
SHP-01214,2024-10-02,2024-10-03,2024-10-03,North,ReliableCo,WH-05,Sigma Group,336.51,331.9,103.6,Delivered
SHP-04865,2025-01-31,2025-02-01,2025-02-02,NORTH,GlobalFreight,WH-03,Global Partners,148.58,142.05,51.5,Delivered
SHP-03677,2024-05-06,2024-05-08,2024-05-09,East,GlobalFreight,WH-01,Beta Ltd,98.39,74.54,52.03,Delivered
SHP-00049,2024-08-20,2024-08-23,2024-08-23,West,Global Freight,WH-01,Omega Corp,278.23,181.39,26.3,Delivered
SHP-02415,2024-05-03,2024-05-06,2024-05-06,South,GlobalFreight,WH-03,Beta Ltd,352.19,349.18,22.08,Delivered
SHP-00701,2025-03-14,2025-03-16,2025-03-17,East,ReliableCo,WH-09,Delta Group,273.23,224.03,9.95,Delivered
SHP-00653,2024-10-04,2024-10-08,2024-10-09,North,GlobalFreight,WH-01,Acme Co,419.15,333.42,9.06,Delivered
SHP-03226,2024-12-01,2024-12-03,2024-12-03,EAST,speedex,WH-09,Alpha Enterprises,165.48,243.26,28.68,Delivered
SHP-03136,2024-12-25,2024-12-28,2024-12-28,Central,SpeedEx,WH-05,Sigma Co,146.14,148.92,16.67,In Transit
SHP-03382,2024-02-17,2024-02-19,2024-02-20,West,SpeedEx,WH-02,Acme Group,158.39,119.57,31.11,Delivered
SHP-00749,2024-01-21,2024-01-23,2024-01-23,North,SpeedEx,WH-09,Acme Solutions,255.5,220.25,21.2,Delivered
SHP-01456,2024-08-07,2024-08-10,2024-08-10,East,GlobalFreight,WH-06,Omega Ltd,249.69,66.31,46.42,Delivered
SHP-04243,2024-09-30,2024-10-02,2024-10-03,North,GlobalFreight,WH-08,Beta Solutions,159.43,49.47,17.59,In Transit
SHP-03533,2024-11-02,2024-11-03,2024-11-02,North,FastShip,WH-10,Delta Ltd,290.71,277.35,33.35,In Transit
SHP-04974,2025-06-07,2025-06-08,2025-06-08,East,FastShip,WH-01,Sigma Co,157.56,161.99,9.21,Delayed
SHP-00867,2024-08-15,2024-08-17,2024-08-17,Central,SpeedEx,WH-09,Acme Partners,271.83,271.03,22.03,Delivered
SHP-00753,2024-07-30,2024-08-03,2024-08-04,South,SpeedEx,WH-08,Sigma Co,468.54,504.42,50.81,Delivered
SHP-01645,2025-05-12,2025-05-13,2025-05-13,North,ReliableCo,WH-08,Sigma Ltd,169.85,136.01,5.73,In Transit
SHP-00093,2024-12-27,2024-12-30,2024-12-30,North,FastShip,WH-10,Prime Enterprises,259.46,221.5,28.46,Delivered
SHP-03946,2024-04-23,2024-04-24,2024-04-24,South,ReliableCo,WH-09,Alpha Enterprises,187.19,125.26,11.34,Delivered
SHP-03169,2025-05-13,2025-05-14,2025-05-15,Central,QUICKMOVE,WH-03,Acme Partners,203.08,109.97,25.78,Delivered
SHP-04664,2024-01-19,2024-01-22,2024-01-22,Central,ReliableCo,WH-06,Beta LLC,163.13,102.93,16.38,Delivered
SHP-04368,2025-06-19,2025-06-22,2025-06-22,Central,ReliableCo,WH-03,Global Ltd,102.19,66.02,22.92,Delayed
SHP-01491,2025-06-27,2025-06-30,2025-07-02,North,SpeedEx,WH-09,Alpha Co,150.28,166.61,7.67,Returned
SHP-03204,2024-05-12,2024-05-15,2024-05-17,South,SpeedEx,WH-09,Beta Co,271.04,335.69,13.06,Delayed
SHP-02223,2024-01-11,2024-01-13,2024-01-13,Central,QuickMove,WH-07,Beta Solutions,234.87,157.31,29.13,In Transit
SHP-00730,2025-06-19,2025-06-20,2025-06-20,North,GlobalFreight,WH-08,Beta Corp,220.23,138.62,49.75,Delivered
SHP-02776,2024-02-22,2024-02-25,2024-02-25,South,QuickMove,WH-09,Omega Corp,305.67,184.45,23.71,Delivered
SHP-02522,2024-09-13,2024-09-15,2024-09-15,East,GlobalFreight,WH-10,Omega Group,350.53,108.47,7.64,Delivered
SHP-02289,2024-02-03,2024-02-06,2024-02-06,West,SpeedEx,WH-09,Prime LLC,444.63,456.3,14.53,Delivered
SHP-01937,2024-12-25,2024-12-28,2024-12-28,West,QuickMove,WH-05,Alpha Group,308.41,259.65,24.66,In Transit
SHP-01746,2024-09-23,2024-09-25,2024-09-26,Central,ReliableCo,WH-06,Prime Group,111.13,77.2,12.55,Delayed
SHP-02536,2024-03-17,2024-03-19,2024-03-19,East,FastShip,WH-04,Sigma LLC,219.82,166.57,11.27,In Transit
SHP-04608,2024-11-20,2024-11-23,2024-11-23,East,QuickMove,WH-06,Omega Partners,225.34,157.57,38.88,Delivered
SHP-03566,2024-11-09,2024-11-12,2024-11-12,Central,QuickMove,WH-07,Prime Co,160.92,120.02,37.93,Delayed
SHP-01958,2024-06-04,2024-06-06,2024-06-05,West,QuickMove,WH-03,Sigma Corp,274.42,186.78,33.83,Delivered
SHP-01111,2025-06-05,2025-06-08,2025-06-09,South,FastShip,WH-07,Beta Solutions,108.4,101.11,32.34,Delayed
SHP-03410,2024-04-02,2024-04-05,2024-04-04,Central,QuickMove,WH-04,Acme Ltd,177.27,153.84,21.65,Delivered
SHP-04114,2024-08-13,2024-08-14,2024-08-14,South,SpeedEx,WH-10,Sigma Group,268.36,282.55,26.87,Delivered
SHP-04522,2025-03-15,2025-03-18,2025-03-19,South,GlobalFreight,WH-10,Sigma LLC,316.47,,18.61,Delivered
SHP-04204,2024-07-08,2024-07-10,2024-07-10,North,ReliableCo,WH-02,Alpha LLC,349.28,216.54,14.64,Delivered
SHP-00347,2024-08-21,2024-08-23,2024-08-23,Central,GlobalFreight,WH-04,Delta Inc,381.94,378.32,59.92,Delivered
SHP-01186,2024-01-17,2024-01-18,2024-01-18,Central,ReliableCo,WH-08,Delta Industries,334.06,250.65,26.85,Delivered
SHP-04056,2024-03-11,2024-03-14,2024-03-14,Central,GlobalFreight,WH-05,Acme Group,249.59,160.7,30.38,Delivered
SHP-04092,2024-06-06,2024-06-07,2024-06-08,Central,GlobalFreight,WH-08,Omega LLC,266.41,241.1,10.92,Delivered
SHP-01516,2025-05-22,2025-05-24,2025-05-25,Central,GlobalFreight,WH-02,Beta Partners,252.04,123.61,106.87,Delayed
SHP-04750,2025-03-24,2025-03-27,2025-03-27,North,QuickMove,WH-03,Prime Partners,287.8,209.55,18.85,Delivered
SHP-00579,2024-09-19,2024-09-21,2024-09-21,East,GlobalFreight,WH-10,Sigma Enterprises,280.91,224.67,26.98,Delayed
SHP-01965,2025-02-01,2025-02-04,2025-02-04,West,FastShip,WH-06,Delta LLC,118.67,50.14,29.41,Delivered
SHP-00076,2024-05-16,2024-05-19,2024-05-19,Central,FastShip,WH-07,Prime Partners,148.8,143.16,30.79,Delivered
SHP-01430,2025-05-19,2025-05-21,2025-05-22,East,FastShip,WH-02,Sigma Industries,320.63,299.28,5.29,Delivered
SHP-03669,2024-10-23,2024-10-25,2024-10-26,South,GlobalFreight,WH-06,Global LLC,329.41,158.09,75.46,Delivered
SHP-03034,2025-01-21,2025-01-22,2025-01-22,Central,SpeedEx,WH-01,Global Group,130.88,131.43,27.22,Delivered
SHP-01847,2025-03-12,2025-03-14,2025-03-15,East,FastShip,WH-05,Prime Solutions,210.74,169.14,25.03,Delivered
SHP-00132,2024-12-19,2024-12-20,2024-12-19,West,SpeedEx,WH-09,Acme Group,154.79,107.28,20.77,Delivered
SHP-00179,2024-01-12,2024-01-14,2024-01-15,West,FastShip,WH-01,Global Solutions,176.45,148.99,43.48,In Transit
SHP-04517,2024-05-29,2024-06-02,2024-06-03,South,QuickMove,WH-09,Alpha Partners,441.77,344.27,29.91,In Transit
SHP-03482,2025-02-23,2025-02-26,2025-02-26,East,QuickMove,WH-09,Acme Corp,887.97,443.99,4.62,Delayed
SHP-02573,2024-03-23,2024-03-25,2024-03-26,South,FastShip,WH-01,Omega Industries,172.08,120.5,7.58,In Transit
SHP-02421,2025-04-20,2025-04-22,2025-04-22,East,GlobalFreight,WH-09,Acme Co,192.76,172.78,11.67,Delivered
SHP-03615,2024-09-04,2024-09-05,2024-09-06,North,ReliableCo,WH-04,Beta Partners,324.58,272.41,12.83,In Transit
SHP-00659,2025-05-16,2025-05-19,2025-05-20,West,ReliableCo,WH-04,Delta Inc,275.44,300.23,,Delivered
SHP-01897,2024-01-27,2024-01-29,2024-01-29,South,GlobalFreight,WH-07,Omega Industries,364.13,104.96,35.61,Delivered
SHP-03389,2024-11-21,2024-11-22,2024-11-22,Central,QuickMove,WH-03,Delta Solutions,178.61,98.13,14.99,Delayed
SHP-03168,2024-02-03,2024-02-05,2024-02-05,West,QuickMove,WH-09,Acme Industries,330.74,227.77,22.02,Delivered
SHP-00343,2025-04-09,2025-04-12,2025-04-12,North,GlobalFreight,WH-01,Delta Enterprises,187.55,102.8,66.57,Delivered
SHP-02599,2024-04-22,2024-04-26,2024-04-26,Central,FastShip,WH-09,Alpha Enterprises,470.49,450.54,11.01,In Transit
SHP-00728,2025-02-12,2025-02-14,2025-02-16,South,GlobalFreight,WH-03,Acme Solutions,186.79,82.08,25.81,Delivered
SHP-03862,2025-06-18,2025-06-19,2025-06-19,Central,QuickMove,WH-02,Global Enterprises,166.4,111.61,4.99,Delivered
SHP-00977,2025-05-21,2025-05-25,2025-05-25,North,FastShip,WH-03,Global LLC,644.75,676.23,7.5,Delayed
SHP-04625,2024-09-10,2024-09-12,2024-09-13,East,QuickMove,WH-04,Global Solutions,412.82,336.49,18.91,In Transit
SHP-03663,2024-07-09,2024-07-12,2024-07-13,North,ReliableCo,WH-01,Omega Industries,1044.21,1043.44,8.95,Delivered
SHP-01929,2024-08-01,2024-08-03,2024-08-03,North,QuickMove,WH-08,Delta Industries,210.95,175.07,32.05,Returned
SHP-03768,2024-06-30,2024-07-02,2024-07-02,East,SpeedEx,WH-01,Sigma Industries,196.17,137.61,28.97,In Transit
SHP-03957,2025-03-06,2025-03-09,2025-03-09,North,ReliableCo,WH-02,Acme Group,699.15,365.61,16.72,Delivered
SHP-01300,2025-02-17,2025-02-20,2025-02-20,North,QuickMove,WH-04,Prime Group,453.8,279.25,38.4,Delivered
SHP-03056,2024-12-09,2024-12-11,2024-12-12,West,SpeedEx,WH-04,Beta LLC,342.04,456.9,27.44,Delivered
SHP-04651,2024-02-08,2024-02-10,2024-02-10,West,FastShip,WH-09,Prime Partners,238.22,185.69,25.14,Delivered
SHP-00661,2025-05-15,2025-05-19,2025-05-19,East,FastShip,WH-09,Delta Co,724.57,523.76,12.72,Delivered
SHP-04053,2024-08-29,2024-09-01,2024-08-31,North,GlobalFreight,WH-04,Sigma LLC,663.65,682.9,23.12,Delivered
SHP-02442,2024-07-24,2024-07-26,2024-07-26,Central,GlobalFreight,WH-04,Delta Enterprises,267.5,235.38,21.0,Delayed
SHP-04126,2025-01-20,2025-01-22,2025-01-22,East,SpeedEx,WH-06,Omega Enterprises,142.2,131.69,10.4,Delivered
SHP-03041,2024-01-21,2024-01-24,2024-01-25,East,QuickMove,WH-02,Delta Group,190.75,138.01,,Delivered
SHP-02237,2024-07-25,2024-07-26,2024-07-26,North,SpeedEx,WH-08,Omega Enterprises,135.26,142.05,22.86,Delivered
SHP-03448,2024-05-04,2024-05-05,2024-05-05,Central,FastShip,WH-10,Delta Co,399.81,290.61,27.34,Delivered
SHP-03856,2024-06-10,2024-06-12,2024-06-12,North,ReliableCo,WH-06,Acme Partners,377.47,388.34,11.33,In Transit
SHP-03674,2024-03-12,2024-03-15,2024-03-16,West,FastShip,WH-10,Omega Partners,128.71,120.22,5.0,In Transit
SHP-03261,2024-11-03,2024-11-04,2024-11-04,North,ReliableCo,WH-04,Prime Solutions,142.91,156.85,10.15,Delivered
SHP-01279,2024-06-30,2024-07-03,2024-07-02,East,FastShip,WH-10,Delta Inc,238.9,198.26,28.89,In Transit
SHP-03138,2024-02-08,2024-02-10,2024-02-12,West,GlobalFreight,WH-03,Alpha Ltd,202.4,152.29,6.6,Delivered
SHP-01622,2024-09-26,2024-09-28,2024-09-30,West,FastShip,WH-02,Beta Ltd,373.11,304.39,7.5,Returned
SHP-03085,2024-12-26,2024-12-28,2024-12-29,North,QuickMove,WH-07,Omega LLC,203.82,152.64,27.95,Delivered
SHP-02893,2024-12-30,2024-12-31,2024-12-31,East,GlobalFreight,WH-05,Omega Co,344.44,309.35,16.82,Delivered
SHP-00068,2024-05-29,2024-05-31,2024-05-31,East,ReliableCo,WH-09,Global Solutions,187.91,195.1,7.35,Delivered
SHP-02635,2024-04-19,2024-04-22,2024-04-22,Central,GlobalFreight,WH-06,Acme Solutions,472.71,25.66,74.29,Delivered
SHP-02171,2024-12-23,2024-12-25,2024-12-25,East,ReliableCo,WH-03,Acme Industries,124.65,51.42,35.94,Delivered
SHP-03869,2025-05-13,2025-05-17,2025-05-19,South,SpeedEx,WH-01,Delta Inc,468.73,412.6,17.64,Delivered
SHP-00821,2024-12-31,2025-01-01,2025-01-02,west,FastShip,WH-05,Delta Enterprises,145.91,76.91,37.1,Delivered
SHP-01227,2025-01-12,2025-01-13,2025-01-14,South,ReliableCo,WH-05,Alpha Enterprises,360.22,234.39,8.96,In Transit
SHP-03553,2025-03-11,2025-03-12,2025-03-13,West,Fast Ship,WH-03,Alpha Solutions,148.53,122.96,66.48,Delivered
SHP-02192,2025-06-10,2025-06-12,2025-06-12,North,QuickMove,WH-10,Alpha Partners,235.43,188.71,22.9,Delayed
SHP-02803,2024-05-21,2024-05-23,2024-05-25,South,SpeedEx,WH-10,Delta Corp,327.7,442.03,18.97,Delivered
SHP-04508,2024-10-27,2024-10-29,2024-10-29,West,QuickMove,WH-10,Acme Inc,212.91,167.05,5.94,In Transit
SHP-04319,2024-08-24,2024-08-27,2024-08-27,North,SpeedEx,WH-04,Alpha Inc,285.38,304.78,11.79,Delivered
SHP-04542,2025-05-19,2025-05-22,2025-05-24,South,GlobalFreight,WH-10,Prime Ltd,120.46,49.33,27.73,Delayed
SHP-01144,2024-03-31,2024-04-02,2024-04-02,West,SpeedEx,WH-03,Alpha Ltd,397.56,362.84,17.2,Delivered
SHP-00398,2025-05-06,2025-05-08,2025-05-09,North,SpeedEx,WH-08,Global Enterprises,148.93,123.9,2.6,Delivered
SHP-03913,2024-03-09,2024-03-12,2024-03-12,EAST,ReliableCo,WH-10,Delta Partners,56.95,43.01,22.92,Delivered
SHP-04351,2024-02-12,2024-02-14,2024-02-14,East,QuickMove,WH-02,Alpha Inc,356.82,298.58,16.74,Delivered
SHP-02819,2025-06-27,2025-06-29,2025-06-30,Central,FastShip,WH-09,Global Solutions,159.0,152.04,34.57,Delivered
SHP-01399,2024-10-07,2024-10-10,2024-10-11,South,ReliableCo,WH-06,Alpha Corp,155.66,151.77,5.93,Delivered
SHP-01660,2024-05-25,2024-05-27,2024-05-26,West,QuickMove,WH-01,Delta Partners,307.8,203.24,19.51,Delivered
SHP-00980,2024-09-27,2024-09-29,2024-09-29,West,GlobalFreight,WH-02,Alpha Partners,232.19,205.46,19.27,Delivered
SHP-01299,2024-12-02,2024-12-05,2024-12-05,Central,QuickMove,WH-09,Omega Co,341.59,176.04,14.88,Delivered
SHP-02310,2024-05-15,2024-05-17,2024-05-16,South,FastShip,WH-09,Sigma Inc,337.59,244.5,8.59,Delivered
SHP-00083,2024-12-27,2024-12-29,2024-12-30,North,SpeedEx,WH-06,Sigma Co,355.84,390.33,10.72,Delivered
SHP-02229,2024-01-11,2024-01-13,2024-01-13,Central,QUICKMOVE,WH-07,Sigma Inc,214.04,146.56,27.21,Delivered
SHP-04476,2025-01-14,2025-01-15,2025-01-16,West,GlobalFreight,WH-07,Acme Industries,169.07,49.11,10.78,Delivered
SHP-03818,2025-02-21,2025-02-23,2025-02-23,South,ReliableCo,WH-06,Sigma Industries,445.52,317.21,20.58,Delivered
SHP-03860,2025-03-26,2025-03-27,2025-03-29,West,ReliableCo,WH-08,Alpha Enterprises,232.92,179.39,63.96,Delivered
SHP-04813,2025-02-03,2025-02-04,2025-02-05,East,SpeedEx,WH-01,Acme Corp,136.53,154.08,8.53,Delivered
SHP-00424,2025-01-31,2025-02-02,2025-02-02,West,GlobalFreight,WH-08,Omega Corp,412.72,263.28,78.04,Delivered
SHP-04389,2024-04-04,2024-04-05,2024-04-07,South,QuickMove,WH-09,Delta Co,182.07,106.76,30.29,Delivered
SHP-01905,2024-04-19,2024-04-21,2024-04-23,South,FastShip,WH-02,Alpha Co,269.8,176.19,26.46,Delivered
SHP-04589,2025-03-11,2025-03-13,2025-03-14,Central,reliable co,WH-03,,335.31,174.48,72.76,In Transit
SHP-03425,2025-01-08,2025-01-10,2025-01-11,West,GlobalFreight,WH-07,Alpha Inc,375.98,117.11,27.23,In Transit
SHP-03170,2024-08-17,2024-08-20,2024-08-21,North,QuickMove,WH-02,Beta Enterprises,360.89,290.11,23.13,Delivered
SHP-01566,2025-01-24,2025-01-28,2025-01-29,West,QuickMove,WH-03,Prime Corp,572.41,391.65,24.92,Returned
SHP-03428,2024-12-27,2024-12-30,2024-12-31,West,GlobalFreight,,Beta Industries,120.78,49.9,9.62,Delivered
SHP-00840,2025-04-15,2025-04-18,2025-04-17,West,GlobalFreight,WH-10,,256.5,189.16,10.12,Delivered
SHP-00501,2024-07-26,2024-07-29,2024-07-29,Central,FastShip,WH-04,Alpha Corp,163.19,119.31,16.19,In Transit
SHP-00142,2025-03-04,2025-03-08,2025-03-08,East,SpeedEx,WH-06,Beta Inc,503.07,297.05,9.92,Delivered
SHP-01378,2024-11-10,2024-11-12,2024-11-12,North,GlobalFreight,WH-06,Sigma Inc,213.52,136.8,33.45,Delayed
SHP-04477,2024-03-07,2024-03-08,2024-03-08,North,GlobalFreight,WH-04,Alpha Group,317.55,237.36,23.33,Delivered
SHP-03789,2025-01-08,2025-01-10,2025-01-11,West,QuickMove,WH-08,Delta Ltd,112.89,66.66,20.39,Delayed
SHP-01139,2024-11-24,2024-11-28,2024-11-28,Central,SpeedEx,WH-04,Beta Co,413.1,446.21,16.28,Delivered
SHP-04181,2025-05-25,2025-05-27,2025-05-27,North,GlobalFreight,WH-06,Global LLC,148.18,72.59,44.08,Delivered
SHP-01788,2024-11-12,2024-11-16,2024-11-16,South,QuickMove,WH-09,Alpha LLC,555.48,426.97,33.74,Delivered
SHP-03559,2024-06-25,2024-06-28,2024-06-28,Central,Fast Ship,WH-10,Beta Ltd,115.58,107.81,33.38,Delayed
SHP-00551,2025-01-14,2025-01-18,2025-01-18,Central,FastShip,WH-04,Beta Enterprises,722.42,692.05,8.12,Delivered
SHP-03167,2024-09-20,2024-09-21,2024-09-22,South,GlobalFreight,WH-01,Omega Corp,196.37,125.88,16.01,Delivered
SHP-02020,2024-12-27,2024-12-29,2024-12-30,north,FastShip,WH-07,Alpha Industries,232.85,210.46,51.11,Delayed
SHP-00949,2025-06-24,2025-06-25,2025-06-25,Central,GlobalFreight,WH-03,Global Group,285.52,171.99,15.99,Delivered
SHP-03652,2024-08-19,2024-08-22,2024-08-24,North,SpeedEx,WH-01,Prime Group,68.04,65.05,10.45,Delivered
SHP-00533,2024-01-27,2024-01-30,2024-02-01,South,ReliableCo,WH-02,Delta Corp,375.86,314.86,,Delivered
SHP-01830,2024-10-08,2024-10-11,2024-10-11,East,FastShip,WH-09,Prime Solutions,140.2,126.64,5.66,Delivered
SHP-02981,2024-05-10,2024-05-13,2024-05-13,Central,GlobalFreight,WH-08,Sigma Corp,375.68,240.5,13.09,Delivered
SHP-04468,2024-12-24,2024-12-25,2024-12-26,South,SpeedEx,WH-01,Global Industries,115.68,107.6,24.62,Delivered
SHP-04590,2024-09-25,2024-09-29,2024-09-29,East,QuickMove,WH-07,Global Solutions,641.25,453.54,66.52,Delivered
SHP-01603,2024-12-26,2024-12-28,2024-12-28,North,SpeedEx,WH-02,Beta Group,188.17,227.66,18.75,Delayed
SHP-00640,2024-03-12,2024-03-14,2024-03-14,North,GlobalFreight,WH-09,Delta LLC,50.33,35.15,38.36,Delivered
SHP-04887,2025-06-21,2025-06-24,2025-06-24,North,FastShip,WH-08,Acme Corp,383.32,399.77,29.87,In Transit
SHP-00968,2024-06-29,2024-06-30,2024-07-01,Central,GlobalFreight,WH-03,Omega Group,266.12,48.68,22.43,Delivered
SHP-04518,2024-12-14,2024-12-15,2024-12-15,West,FastShip,WH-07,Beta Solutions,264.78,273.14,,Delayed
SHP-02681,2024-11-21,2024-11-23,2024-11-23,West,ReliableCo,WH-10,Prime Enterprises,217.92,164.58,21.11,Delivered
SHP-01684,2024-12-19,2024-12-22,2024-12-22,West,GlobalFreight,WH-02,Delta Industries,267.3,209.69,28.7,Delayed
SHP-04521,2024-07-08,2024-07-09,2024-07-09,North,FastShip,WH-03,Sigma Co,264.94,207.67,24.02,Delivered
SHP-02390,2024-11-18,2024-11-19,2024-11-21,South,QuickMove,WH-08,Global Solutions,101.15,64.99,15.88,Delivered
SHP-00156,2025-05-11,2025-05-13,2025-05-13,north,ReliableCo,WH-10,Alpha Partners,152.28,171.53,51.51,Delivered
SHP-04744,2025-02-15,2025-02-18,2025-02-18,North,QuickMove,WH-03,Acme Co,263.36,220.4,12.35,Delivered
SHP-02901,2025-03-24,2025-03-27,2025-03-27,Central,ReliableCo,WH-08,Sigma Solutions,80.35,42.49,21.57,In Transit
SHP-01090,2024-09-25,2024-09-27,2024-09-27,West,speedex,WH-02,Delta Group,280.4,349.9,32.34,Delivered
SHP-02715,2025-06-29,2025-06-30,2025-06-30,South,QuickMove,WH-06,Beta Solutions,296.5,237.04,13.82,In Transit
SHP-04289,2024-09-13,2024-09-15,2024-09-16,North,GlobalFreight,WH-03,Omega Corp,106.62,96.0,18.86,Delivered
SHP-00289,2024-02-09,2024-02-11,2024-02-11,South,GlobalFreight,WH-06,Acme Solutions,166.77,182.21,40.73,Delivered
SHP-00931,2024-01-22,2024-01-25,2024-01-26,North,FastShip,WH-05,Omega Co,444.68,268.72,5.75,Delivered
SHP-02588,2025-03-03,2025-03-04,2025-03-05,South,FastShip,WH-07,Sigma Industries,391.0,340.63,6.91,Delivered
SHP-02358,2025-04-10,2025-04-12,2025-04-14,North,ReliableCo,WH-07,Omega Group,74.63,68.85,11.23,Delivered
SHP-03444,2024-04-04,2024-04-06,2024-04-07,North,GlobalFreight,WH-10,Delta Group,225.35,124.2,12.89,Delivered
SHP-02571,2024-10-29,2024-10-30,2024-10-30,West,GlobalFreight,WH-08,Beta LLC,301.08,274.78,23.65,Delivered
SHP-03362,2025-06-16,2025-06-22,2025-06-23,West,QuickMove,WH-04,Global Enterprises,1655.64,1275.03,10.6,Delivered
SHP-00943,2025-06-08,2025-06-11,2025-06-11,South,GlobalFreight,WH-07,Delta Co,364.61,328.35,14.18,Delivered
SHP-03940,2025-05-24,2025-05-26,2025-05-28,South,Quick Move,WH-06,Prime Inc,232.93,152.76,37.54,Delivered
SHP-04715,2024-08-16,2024-08-17,2024-08-17,North,FastShip,WH-05,Alpha Solutions,108.61,69.39,16.07,Delayed
SHP-01699,2024-07-07,2024-07-11,2024-07-11,East,QuickMove,WH-10,Alpha Partners,417.4,283.82,53.49,Delivered
SHP-04762,2024-11-04,2024-11-06,2024-11-06,East,FastShip,WH-07,Prime Inc,259.58,237.55,40.34,Delivered
SHP-03586,2024-08-27,2024-08-31,2024-09-01,West,FastShip,WH-09,Delta Group,589.06,544.21,24.6,Delivered
SHP-04941,2024-09-10,2024-09-14,2024-09-14,East,QuickMove,WH-06,Delta Industries,447.53,382.8,26.3,In Transit
SHP-04146,2025-03-02,2025-03-05,2025-03-06,West,ReliableCo,WH-07,Delta Group,254.03,167.18,37.26,Delivered
SHP-00986,2024-02-25,2024-02-26,2024-02-27,West,SpeedEx,WH-09,Global Group,307.2,292.07,3.77,Delivered
SHP-04945,2025-01-24,2025-01-26,2025-01-27,West,ReliableCo,WH-03,Sigma Partners,451.71,,21.36,Returned
SHP-03687,2024-02-02,2024-02-04,2024-02-04,North,FastShip,WH-07,Alpha Corp,325.0,310.23,3.69,Delivered
SHP-04048,2024-09-14,2024-09-16,2024-09-17,Central,FastShip,WH-02,Global Ltd,243.71,224.96,6.99,Delivered
SHP-04832,2025-06-22,2025-06-25,2025-06-25,Central,ReliableCo,WH-01,Sigma Inc,811.41,692.53,12.81,Delivered
SHP-00982,2025-05-01,2025-05-04,2025-05-04,Central,GlobalFreight,WH-04,Delta Co,209.01,185.62,27.76,Delivered
SHP-03098,2025-04-13,2025-04-16,2025-04-17,South,FastShip,WH-07,Omega Inc,176.28,182.32,93.84,Delivered
SHP-03408,2024-03-19,2024-03-20,2024-03-19,Central,fastship,WH-06,Global Inc,319.06,235.4,5.76,Delivered
SHP-03976,2024-11-20,2024-11-23,2024-11-24,North,SpeedEx,WH-02,Prime Partners,342.37,469.62,32.13,Delivered
SHP-03866,2024-06-26,2024-06-28,2024-06-29,North,FastShip,WH-02,Alpha Inc,96.64,90.67,30.25,Delivered
SHP-03602,2024-01-24,2024-01-27,2024-01-28,South,ReliableCo,WH-09,Beta LLC,163.15,134.59,8.2,Delayed
SHP-04078,2024-08-17,2024-08-23,2024-08-22,West,ReliableCo,WH-03,Prime Group,1257.78,988.98,5.81,Delivered
SHP-01458,2024-11-08,2024-11-10,2024-11-12,West,GlobalFreight,WH-09,Omega Solutions,269.44,142.55,18.47,Delivered
SHP-01396,2025-05-31,2025-06-04,2025-06-05,North,FastShip,,Acme Corp,765.22,839.09,26.41,In Transit
SHP-00265,2024-07-22,2024-07-24,2024-07-25,EAST,SpeedEx,WH-09,Global Industries,240.97,297.81,15.5,Delivered
SHP-04175,2024-11-25,2024-11-28,2024-11-28,North,GlobalFreight,WH-10,Acme Enterprises,241.45,222.25,39.37,Delivered
SHP-00930,2024-02-17,2024-02-24,2024-02-25,East,ReliableCo,WH-10,Alpha Ltd,1712.75,1222.41,18.64,Delivered
SHP-03128,2024-02-22,2024-02-25,2024-02-26,North,SpeedEx,WH-08,Delta Solutions,97.97,88.65,21.81,Delivered
SHP-02179,2025-06-02,2025-06-03,2025-06-03,North,QuickMove,WH-07,Omega Inc,121.42,98.45,29.86,Delivered
SHP-02750,2024-02-11,2024-02-13,2024-02-14,West,FastShip,WH-03,Sigma LLC,297.42,288.1,16.46,Delivered
SHP-00247,2025-01-29,2025-02-01,2025-01-31,Central,FastShip,WH-09,Sigma Co,244.16,262.6,37.12,Delivered
SHP-03668,2025-02-23,2025-02-24,2025-02-24,West,FastShip,WH-08,Sigma Partners,188.16,171.74,12.52,Delivered
SHP-01759,2024-06-23,2024-06-24,2024-06-24,Central,SpeedEx,WH-08,Acme Industries,330.48,496.16,47.31,Delivered
SHP-04920,2024-05-15,2024-05-18,2024-05-18,East,SpeedEx,WH-01,Alpha Enterprises,89.08,98.68,88.43,Delivered
SHP-04704,2025-01-14,2025-01-16,2025-01-16,North,GlobalFreight,WH-01,Beta Group,152.11,180.74,130.39,Delivered
SHP-00924,2024-03-28,2024-04-01,2024-04-02,Central,GlobalFreight,WH-08,Beta Enterprises,508.22,437.91,16.11,Delivered
SHP-04318,2024-11-18,2024-11-19,2024-11-19,North,QuickMove,WH-07,Beta LLC,-394.0,228.15,24.83,Delivered
SHP-00269,2024-06-23,2024-06-24,2024-06-23,Central,QuickMove,WH-06,Sigma Industries,256.23,204.89,14.22,Returned
SHP-00670,2024-01-29,2024-02-01,2024-02-01,EAST,SpeedEx,WH-10,Prime Enterprises,301.81,339.18,16.7,Delivered
SHP-02795,2024-02-06,2024-02-08,2024-02-09,North,FastShip,WH-05,Sigma Co,286.35,227.86,22.76,Delivered
SHP-01911,2024-11-01,2024-11-04,2024-11-05,South,ReliableCo,WH-07,Omega Solutions,70.74,,20.19,Delivered
SHP-03051,2024-05-25,2024-05-27,2024-05-28,East,SpeedEx,WH-01,Sigma Industries,298.42,230.55,28.14,Delivered
SHP-01153,2024-01-21,2024-01-23,2024-01-23,South,SpeedEx,WH-02,Beta Inc,369.37,412.58,4.88,Delivered
SHP-04872,2024-12-07,2024-12-09,2024-12-10,West,FastShip,WH-07,Alpha Ltd,408.75,310.97,20.67,Delivered
SHP-03528,2024-03-03,2024-03-07,2024-03-06,South,QuickMove,WH-06,Beta Enterprises,484.61,301.06,14.45,Delivered
SHP-04294,2024-12-21,2024-12-22,2024-12-22,East,ReliableCo,WH-01,Alpha Ltd,120.66,71.12,63.95,In Transit
SHP-03959,2024-12-10,2024-12-11,2024-12-10,North,ReliableCo,WH-04,Beta Corp,204.34,136.21,52.43,Delivered
SHP-02218,2024-09-04,2024-09-06,2024-09-06,West,FastShip,WH-10,Alpha Ltd,251.32,253.51,21.27,Delivered
SHP-03048,2025-06-20,2025-06-23,2025-06-23,North,ReliableCo,WH-06,Sigma Corp,103.87,87.32,42.57,In Transit
SHP-01916,2024-11-23,2024-11-25,2024-11-25,East,speedex,WH-01,Alpha Ltd,557.44,519.41,31.94,Delivered
SHP-00613,2025-05-07,2025-05-09,2025-05-09,West,FastShip,WH-06,Beta Industries,152.89,108.95,11.22,Delivered
SHP-03200,2024-02-28,2024-03-02,2024-03-02,East,FastShip,WH-05,Alpha LLC,137.33,70.24,61.86,Delivered
SHP-03605,2024-03-26,2024-03-27,2024-03-28,Central,FastShip,WH-10,Beta Co,86.05,85.67,8.24,In Transit
SHP-01899,2024-05-06,2024-05-08,2024-05-08,Central,QuickMove,WH-06,Alpha Co,155.51,131.36,12.65,Delivered
SHP-01650,2024-12-23,2024-12-24,2024-12-25,South,QuickMove,WH-03,Omega Group,180.81,94.64,67.94,Delivered
SHP-03831,2024-09-26,2024-09-29,2024-09-30,South,ReliableCo,WH-02,Omega Corp,358.43,458.64,27.6,Delivered
SHP-00259,2024-09-30,2024-10-03,2024-10-04,West,ReliableCo,WH-08,Acme Industries,310.92,203.14,60.45,Returned
SHP-00848,2025-02-21,2025-02-24,2025-02-24,central,FastShip,,Sigma Solutions,410.34,251.72,11.45,Returned
SHP-04400,2024-01-18,2024-01-19,2024-01-19,North,QuickMove,WH-03,Omega Industries,170.2,98.73,33.94,Returned
SHP-01234,2024-01-20,2024-01-24,2024-01-24,Central,ReliableCo,WH-02,Prime LLC,614.43,404.32,29.38,Delivered
SHP-01128,2024-09-05,2024-09-07,2024-09-07,Central,QuickMove,,Delta Inc,363.09,211.07,42.12,Delivered
SHP-01968,2024-03-16,2024-03-18,2024-03-19,South,SpeedEx,WH-04,Alpha Ltd,122.33,181.26,76.08,Delivered
SHP-00559,2025-04-18,2025-04-20,2025-04-20,Central,ReliableCo,WH-09,Omega Solutions,75.03,38.1,33.5,Delivered
SHP-04805,2025-06-21,2025-06-25,2025-06-24,Central,QuickMove,WH-06,Beta Inc,854.93,665.51,33.08,Delivered
SHP-00485,2024-04-03,2024-04-04,2024-04-05,South,ReliableCo,WH-08,Alpha Ltd,284.93,275.57,21.51,Delivered
SHP-02212,2024-09-06,2024-09-07,2024-09-07,West,FastShip,WH-04,Prime Ltd,317.71,253.67,21.87,Delivered
SHP-01321,2024-12-15,2024-12-18,2024-12-18,Central,SpeedEx,WH-04,Delta Solutions,166.56,225.97,30.56,Delivered
SHP-03560,2024-05-15,2024-05-16,2024-05-16,West,ReliableCo,WH-08,,301.74,286.29,21.03,Delivered
SHP-00008,2024-05-29,2024-06-01,2024-06-01,South,GlobalFreight,WH-06,Omega Ltd,170.65,71.59,73.45,Delivered
SHP-03350,2024-03-09,2024-03-12,2024-03-12,North,QuickMove,WH-08,Omega LLC,289.88,185.96,45.68,Delivered
SHP-03259,2024-08-04,2024-08-06,2024-08-08,South,SpeedEx,WH-04,Alpha Enterprises,270.37,437.33,36.53,Delivered
SHP-01451,2024-12-02,2024-12-04,2024-12-05,West,SpeedEx,WH-03,Beta Corp,292.11,291.34,71.75,Delivered
SHP-04064,2024-10-10,2024-10-11,2024-10-12,West,GlobalFreight,WH-06,Alpha LLC,283.83,89.63,16.81,Returned
SHP-01815,2025-05-08,2025-05-09,2025-05-09,West,ReliableCo,WH-03,Prime Industries,232.79,147.39,111.79,Delayed
SHP-00774,2024-04-02,2024-04-04,2024-04-06,South,QuickMove,WH-05,Omega Group,231.21,141.87,49.19,In Transit
SHP-01012,2025-06-06,2025-06-10,2025-06-10,Central,SpeedEx,WH-10,Beta Enterprises,428.14,545.96,144.06,In Transit
SHP-02880,2024-01-02,2024-01-03,2024-01-04,North,QuickMove,WH-04,Prime Inc,203.18,159.37,16.47,Delivered
SHP-02498,2024-01-16,2024-01-17,2024-01-18,South,GlobalFreight,WH-05,Delta LLC,135.83,139.92,22.97,Delivered
SHP-01992,2024-08-01,2024-08-04,2024-08-05,South,GlobalFreight,WH-04,Beta Ltd,174.95,159.04,,Delivered
SHP-01278,2025-03-10,2025-03-11,2025-03-11,West,FastShip,WH-02,Acme Enterprises,128.48,99.95,118.81,Delivered
SHP-01784,2025-03-22,2025-03-24,2025-03-25,East,ReliableCo,WH-05,Prime Group,349.11,234.58,28.83,Delayed
SHP-03173,2024-10-29,2024-11-01,2024-11-02,South,GlobalFreight,WH-09,Acme Enterprises,494.41,236.57,21.99,Returned
SHP-00447,2025-02-16,2025-02-19,2025-02-18,West,QuickMove,,Acme Partners,257.1,172.02,11.86,Delivered
SHP-00881,2024-08-05,2024-08-06,2024-08-05,West,ReliableCo,WH-02,Global Co,330.84,184.24,62.83,Delivered
SHP-04510,2025-06-14,2025-06-15,2025-06-15,Central,FastShip,WH-10,Delta Enterprises,116.85,115.6,14.78,Delivered
SHP-00782,2024-02-23,2024-02-26,2024-02-27,South,GlobalFreight,WH-09,Prime Corp,225.06,6.12,50.54,Delivered
SHP-01750,2025-04-15,2025-04-17,2025-04-18,South,QuickMove,WH-05,Global Solutions,388.16,271.51,26.55,Delivered
SHP-03461,2025-06-05,2025-06-09,2025-06-09,Central,GlobalFreight,WH-01,Delta Inc,609.42,391.99,20.34,Delivered
SHP-04937,2024-11-20,2024-11-21,2024-11-21,North,ReliableCo,WH-08,Beta Industries,227.54,130.76,38.21,Delayed
SHP-00884,2024-06-16,2024-06-19,2024-06-19,Central,ReliableCo,WH-08,Alpha Partners,229.97,268.87,61.32,Delivered
SHP-02423,2025-05-31,2025-06-01,2025-06-02,West,FastShip,WH-07,Beta Ltd,242.04,223.34,16.26,Delivered
SHP-01092,2024-09-19,2024-09-20,2024-09-21,Central,FastShip,WH-05,Global Group,171.06,131.91,20.55,Delivered
SHP-03002,2024-11-01,2024-11-03,2024-11-04,South,GlobalFreight,WH-06,Delta Ltd,247.04,193.46,19.59,Delayed
SHP-00532,2025-06-17,2025-06-19,2025-06-19,CENTRAL,GlobalFreight,WH-07,Sigma Partners,248.01,60.95,,Delivered
SHP-04105,2024-01-03,2024-01-05,2024-01-05,North,SpeedEx,WH-09,Global Group,77.92,57.33,17.94,Delayed
SHP-04041,2024-07-15,2024-07-18,2024-07-19,South,ReliableCo,WH-03,Beta Co,198.08,86.57,34.33,Delivered
SHP-04367,2024-04-08,2024-04-11,2024-04-11,South,SpeedEx,WH-04,Alpha Ltd,370.96,383.43,10.66,Delivered
SHP-01728,2024-04-19,2024-04-20,2024-04-20,West,FastShip,WH-04,Acme Group,146.09,77.94,51.29,Delivered
SHP-00611,2024-06-22,2024-06-25,2024-06-25,East,ReliableCo,WH-06,Acme Solutions,699.07,343.63,32.55,Delivered
SHP-00571,2024-09-23,2024-09-25,2024-09-25,Central,QuickMove,WH-03,Prime Industries,86.88,71.19,10.11,Returned
SHP-02729,2025-03-21,2025-03-23,2025-03-24,South,SpeedEx,WH-02,Omega Ltd,103.36,93.01,19.84,Delivered
SHP-03095,2025-04-20,2025-04-22,2025-04-21,East,GlobalFreight,WH-10,Beta Inc,271.49,199.96,34.5,Delivered
SHP-00344,2024-07-01,2024-07-04,2024-07-03,North,FastShip,WH-07,Delta Solutions,107.43,115.02,17.35,Delivered
SHP-03066,2024-02-19,2024-02-21,2024-02-21,South,SpeedEx,WH-06,Beta Co,76.07,104.82,13.65,Delivered
SHP-03208,2025-04-24,2025-04-26,2025-04-26,North,ReliableCo,WH-08,Global Partners,322.3,302.27,12.56,Delivered
SHP-00435,2024-09-11,2024-09-14,2024-09-13,Central,ReliableCo,WH-08,Sigma Inc,130.03,122.24,66.52,Delivered
SHP-01904,2025-03-17,2025-03-18,2025-03-18,Central,GlobalFreight,WH-09,Prime Industries,150.72,158.48,9.43,Delivered
SHP-03883,2024-11-06,2024-11-08,2024-11-09,North,ReliableCo,WH-03,Sigma Group,143.37,146.47,42.28,In Transit
SHP-03372,2024-07-31,2024-08-02,2024-08-03,West,ReliableCo,WH-05,Omega Group,164.58,142.06,20.6,Delivered
SHP-02070,2024-10-30,2024-11-02,2024-11-03,North,SpeedEx,WH-03,Alpha LLC,1070.55,946.29,44.48,Delivered
SHP-01538,2024-05-21,2024-05-23,2024-05-24,South,FastShip,,Global Solutions,100.83,114.32,10.82,Delivered
SHP-02299,2024-12-17,2024-12-18,2024-12-19,North,FastShip,WH-02,Alpha Inc,354.55,247.73,6.88,Delivered
SHP-04377,2024-11-11,2024-11-14,2024-11-15,NORTH,GlobalFreight,WH-02,Global Partners,178.74,121.39,15.24,Delayed
SHP-01518,2024-06-28,2024-07-02,2024-07-02,East,speedex,WH-03,Delta Enterprises,411.71,512.21,,Delivered
SHP-00966,2024-09-20,2024-09-21,2024-09-21,East,SpeedEx,WH-01,Acme Group,186.57,204.9,17.27,Delivered
SHP-04456,2024-04-13,2024-04-14,2024-04-13,Central,ReliableCo,WH-09,Sigma LLC,208.37,100.58,10.87,Delivered
SHP-00529,2024-07-23,2024-07-25,2024-07-25,East,QuickMove,WH-08,Acme Industries,250.77,194.12,14.02,Delivered
SHP-00177,2024-06-29,2024-07-01,2024-07-02,west,QuickMove,WH-10,Prime Enterprises,96.16,55.0,68.6,In Transit
SHP-03308,2024-12-18,2024-12-20,2024-12-20,Central,QuickMove,WH-08,Global Industries,172.13,92.87,22.61,Delayed
SHP-04304,2025-06-23,2025-06-25,2025-06-25,East,QuickMove,WH-04,Alpha Solutions,456.99,433.42,46.28,Delayed
SHP-04347,2025-03-31,2025-04-02,2025-04-02,North,SpeedEx,WH-06,Omega Solutions,92.73,108.44,,Delivered
SHP-00573,2024-01-04,2024-01-06,2024-01-07,West,QuickMove,WH-06,Acme Enterprises,170.97,149.41,39.85,Delivered
SHP-02347,2025-03-29,2025-03-31,2025-03-31,Central,SpeedEx,WH-08,Omega Corp,158.55,142.87,68.21,Delivered
SHP-04871,2024-01-11,2024-01-14,2024-01-14,North,ReliableCo,WH-08,Delta Inc,81.13,20.51,13.33,Delivered
SHP-02510,2024-07-02,2024-07-05,2024-07-05,Central,QuickMove,WH-02,Beta Ltd,203.85,155.31,80.64,Delivered
SHP-04732,2024-01-04,2024-01-05,2024-01-05,South,ReliableCo,WH-06,Sigma Inc,253.09,105.36,14.71,Delivered
SHP-02953,2024-11-28,2024-11-30,2024-12-02,South,QuickMove,WH-01,Prime Enterprises,465.92,288.42,8.37,Delivered
SHP-02209,2024-05-24,2024-05-26,2024-05-27,North,QuickMove,WH-08,Omega Enterprises,182.73,140.82,19.82,Delivered
SHP-02618,2024-02-28,2024-03-01,2024-03-01,Central,SpeedEx,WH-09,Prime Industries,509.93,627.73,21.43,Delivered
SHP-04425,2024-11-03,2024-11-04,2024-11-04,East,QuickMove,WH-01,Global Group,137.09,86.85,6.82,In Transit
SHP-00384,2024-03-23,2024-03-24,2024-03-25,West,SpeedEx,WH-06,Beta Solutions,297.05,292.15,6.58,Delivered
SHP-00853,2024-06-05,2024-06-07,2024-06-08,East,QuickMove,WH-08,Omega Industries,214.12,135.43,15.15,Delivered
SHP-01881,2025-06-05,2025-06-08,2025-06-08,North,GlobalFreight,WH-01,Beta Inc,441.97,,27.55,Delayed
SHP-00371,2025-06-25,2025-06-26,2025-06-26,Central,speedex,WH-10,Alpha LLC,377.45,578.15,,Delivered
SHP-02923,2025-06-28,2025-07-01,2025-07-02,West,FastShip,WH-08,Alpha Inc,203.84,155.78,68.97,Delivered
SHP-04373,2024-12-08,2024-12-11,2024-12-11,Central,ReliableCo,WH-01,Delta Enterprises,132.05,50.9,9.38,Delivered
SHP-01106,2024-07-18,2024-07-22,2024-07-21,Central,ReliableCo,WH-05,Prime Corp,556.59,557.19,38.94,Delivered
SHP-03707,2024-04-10,2024-04-12,2024-04-12,East,GlobalFreight,WH-01,Beta Enterprises,552.27,405.68,59.76,Delivered
SHP-04029,2024-11-20,2024-11-24,2024-11-24,North,SpeedEx,WH-03,Delta Enterprises,504.12,747.81,58.62,Delivered
SHP-01337,2024-05-16,2024-05-18,2024-05-18,East,ReliableCo,WH-07,Omega Partners,200.8,139.56,4.3,Delivered
SHP-02190,2025-03-20,2025-03-21,2025-03-21,East,ReliableCo,WH-08,Omega Group,181.56,142.1,55.88,Delivered
SHP-04645,2024-03-09,2024-03-12,2024-03-12,Central,Speed Ex,WH-09,Beta Industries,218.53,314.54,,In Transit
SHP-02367,2024-07-17,2024-07-19,2024-07-18,East ,SpeedEx,WH-02,Delta Industries,337.68,492.47,5.46,Delivered
SHP-03399,2024-07-01,2024-07-03,2024-07-04,East,ReliableCo,WH-03,Global Solutions,95.38,72.28,14.26,Delayed
SHP-04555,2024-08-11,2024-08-14,2024-08-14,South,GlobalFreight,WH-09,Beta Ltd,132.18,72.54,26.71,Delivered
SHP-04903,2025-02-18,2025-02-19,2025-02-19,West,GlobalFreight,WH-08,Beta Partners,195.93,96.89,23.8,Delivered
SHP-01172,2024-05-23,2024-05-24,2024-05-25,Central,ReliableCo,WH-03,Prime Enterprises,131.34,77.59,10.33,Delivered
SHP-02648,2024-09-17,2024-09-20,2024-09-20,North,SpeedEx,WH-06,Acme LLC,310.82,320.2,15.49,Returned
SHP-02752,2024-11-30,2024-12-03,2024-12-04,East,FastShip,WH-08,Global Corp,469.04,365.85,11.99,Delayed
SHP-01423,2024-10-31,2024-11-02,2024-11-02,Central,QuickMove,WH-01,Omega Corp,114.33,80.82,5.91,Delivered
SHP-02389,2024-11-06,2024-11-08,2024-11-08,South,SpeedEx,WH-05,Sigma Inc,341.55,338.95,81.94,Delivered
SHP-02707,2025-03-12,2025-03-15,2025-03-15,East,ReliableCo,WH-05,Beta Solutions,125.32,84.66,24.45,Delivered
SHP-04202,2024-07-05,2024-07-07,2024-07-07,South,FastShip,WH-09,Global Partners,329.65,387.26,50.51,Delivered
SHP-01465,2025-02-04,2025-02-07,2025-02-04,Central,QuickMove,WH-08,Sigma Ltd,64.45,43.17,12.91,Returned
SHP-00875,2025-06-19,2025-06-21,2025-06-22,East,QuickMove,WH-01,,399.14,272.08,15.65,Delivered
SHP-02298,2024-01-25,2024-01-27,2024-01-28,North,QuickMove,WH-01,Acme Inc,231.94,140.57,5.66,Delivered
SHP-03930,2024-01-13,2024-01-14,2024-01-14,North,FastShip,WH-10,Alpha Co,393.93,296.76,34.15,Delivered
SHP-04960,2024-08-13,2024-08-15,2024-08-16,Central,ReliableCo,WH-06,Beta Ltd,231.7,198.84,3.87,Delivered
SHP-01252,2024-09-29,2024-10-02,2024-10-02,East,GlobalFreight,WH-05,Beta Partners,379.82,347.36,28.26,Delivered
SHP-02396,2024-09-26,2024-09-30,2024-09-30,East,ReliableCo,WH-10,Delta Partners,589.85,261.59,24.25,Delivered
SHP-00841,2024-03-02,2024-03-05,2024-03-05,East,QuickMove,WH-01,Beta Industries,122.49,63.77,7.78,In Transit
SHP-04462,2024-11-08,2024-11-09,2024-11-11,South,GlobalFreight,WH-02,Delta Inc,71.79,29.71,11.88,Delivered
SHP-00582,2024-05-11,2024-05-12,2024-05-13,South,FastShip,WH-10,Sigma Group,243.87,167.36,,Delivered
SHP-00205,2024-04-10,2024-04-12,2024-04-13,North,SpeedEx,WH-07,Prime Inc,287.21,321.84,42.34,Delivered
SHP-01642,2024-01-29,2024-02-01,2024-02-02,Central,ReliableCo,WH-03,Delta LLC,241.5,252.38,17.54,Delayed
SHP-02015,2025-05-13,2025-05-15,2025-05-16,West,FastShip,WH-03,Global Industries,256.58,225.13,10.03,Delivered
SHP-00906,2025-03-16,2025-03-18,2025-03-19,South,GlobalFreight,WH-07,Delta Industries,107.37,0.7,20.76,Delivered
SHP-00632,2024-01-11,2024-01-15,2024-01-15,West,ReliableCo,WH-09,Acme Solutions,425.42,354.81,30.72,Delivered
SHP-03624,2025-04-14,2025-04-17,2025-04-18,North,FastShip,WH-05,Prime Ltd,159.81,155.96,4.28,Delivered
SHP-01975,2024-11-11,2024-11-14,2024-11-14,North,ReliableCo,WH-09,Sigma Solutions,543.62,262.01,14.3,Delivered
SHP-00163,2025-01-24,2025-01-26,2025-01-28,South,GlobalFreight,WH-06,Sigma Enterprises,213.03,245.98,44.19,In Transit
SHP-03739,2024-02-25,2024-02-27,2024-02-27,West,SpeedEx,WH-05,Delta Inc,372.52,456.63,24.35,Delivered
SHP-02928,2025-02-22,2025-02-24,2025-02-24,North,SpeedEx,WH-04,Alpha Co,480.98,,20.71,Delivered
SHP-04546,2024-02-24,2024-02-27,2024-02-27,East,GlobalFreight,WH-03,Delta Solutions,165.62,74.44,13.72,In Transit
SHP-00618,2025-02-15,2025-02-18,2025-02-19,Central,QuickMove,WH-08,Acme Corp,368.71,297.65,105.08,Delivered
SHP-00876,2024-09-08,2024-09-10,2024-09-10,North,ReliableCo,WH-09,Omega Corp,496.9,377.17,20.82,Delivered
SHP-01432,2025-06-21,2025-06-24,2025-06-24,South,GlobalFreight,WH-03,Beta Partners,187.02,0.01,17.09,Delivered
SHP-00548,2024-04-15,2024-04-18,2024-04-18,North,ReliableCo,WH-09,Delta LLC,189.13,81.4,27.76,Delayed
SHP-03407,2024-01-19,2024-01-21,2024-01-21,East,GlobalFreight,WH-07,Sigma Partners,171.6,70.38,53.75,Delivered
SHP-04597,2024-07-28,2024-07-31,2024-07-31,North,GlobalFreight,WH-01,Prime Partners,266.04,166.22,18.34,Delivered
SHP-04271,2025-06-03,2025-06-07,2025-06-08,North,GlobalFreight,WH-05,Global Co,476.02,212.28,51.41,Delivered
SHP-04866,2024-02-12,2024-02-14,2024-02-14,East,ReliableCo,WH-03,Delta Partners,199.63,167.52,31.03,Delivered
SHP-02723,2024-04-25,2024-04-27,2024-04-28,Central,GlobalFreight,WH-04,Global Solutions,538.88,336.72,27.98,In Transit
SHP-02528,2024-05-19,2024-05-22,2024-05-23,East,QuickMove,WH-01,Sigma Solutions,233.66,147.29,74.06,Delayed
SHP-04127,2025-02-17,2025-02-18,2025-02-19,East,QuickMove,WH-09,Beta Enterprises,336.73,252.14,20.38,Delivered
SHP-01862,2024-08-05,2024-08-06,2024-08-07,North,QuickMove,WH-02,Prime Enterprises,84.07,65.37,14.31,Delivered
SHP-00641,2024-08-16,2024-08-17,2024-08-17,South,ReliableCo,WH-06,Beta Solutions,133.17,75.23,24.02,Delayed
SHP-03190,2024-12-04,2024-12-05,2024-12-05,East,SpeedEx,WH-03,Delta Partners,315.19,392.95,16.64,Delayed
SHP-00638,2025-03-03,2025-03-06,2025-03-08,West,ReliableCo,WH-08,Omega Ltd,451.61,195.46,5.39,Delivered
SHP-03592,2025-02-02,2025-02-05,2025-02-05,East,ReliableCo,WH-04,Omega LLC,114.21,71.65,15.84,In Transit
SHP-03993,2024-11-03,2024-11-04,2024-11-05,East,QuickMove,WH-08,Acme Corp,179.73,162.84,9.51,Returned
SHP-04710,2024-01-20,2024-01-21,2024-01-22,East,QuickMove,WH-07,Global Ltd,79.4,47.77,10.31,Delayed
SHP-02097,2025-04-09,2025-04-12,2025-04-11,West,QuickMove,WH-02,Global LLC,263.5,227.4,26.03,Delivered
SHP-02733,2024-03-05,2024-03-06,2024-03-06,Central,GlobalFreight,WH-07,Sigma Corp,130.66,62.44,73.37,Delivered
SHP-03143,2024-04-10,2024-04-11,2024-04-11,East,FastShip,WH-03,Global Inc,89.73,61.87,24.22,Delivered
SHP-03753,2024-02-22,2024-02-24,2024-02-24,East ,ReliableCo,WH-09,Alpha Enterprises,114.68,78.44,59.65,Delivered
SHP-04501,2025-02-26,2025-02-27,2025-02-26,Central,SpeedEx,WH-07,Global Ltd,296.81,377.79,13.29,In Transit
SHP-00922,2025-03-24,2025-03-26,2025-03-27,South,speedex,WH-10,Acme Corp,351.38,604.82,24.18,In Transit
SHP-00547,2024-10-17,2024-10-18,2024-10-20,South,SpeedEx,WH-08,Sigma Solutions,64.9,48.29,16.67,Delivered
SHP-04018,2025-01-16,2025-01-19,2025-01-19,East,GlobalFreight,WH-05,Global Ltd,84.69,26.91,7.6,Delivered
SHP-01901,2024-10-16,2024-10-19,2024-10-19,West,SpeedEx,WH-04,Alpha Inc,226.48,276.61,11.09,Delivered
SHP-02029,2024-04-16,2024-04-18,2024-04-18,South,QuickMove,WH-06,Acme Ltd,85.27,52.11,17.96,Delivered
SHP-02302,2024-09-05,2024-09-07,2024-09-06,North,SpeedEx,WH-01,Sigma Ltd,124.89,170.25,5.53,Delivered
SHP-01886,2024-03-09,2024-03-10,2024-03-10,East,FastShip,WH-10,Delta Co,352.81,341.96,51.65,Delayed
SHP-01643,2024-03-14,2024-03-16,2024-03-17,North,fastship,WH-02,Sigma Corp,278.95,231.54,7.97,Delivered
SHP-04662,2024-10-15,2024-10-17,2024-10-18,North,QuickMove,WH-07,Global Ltd,188.92,130.16,23.47,Delivered
SHP-04864,2024-05-14,2024-05-16,2024-05-16,South,SpeedEx,WH-02,Prime Corp,358.8,342.18,16.0,Delivered
SHP-02098,2024-11-04,2024-11-05,2024-11-05,South,ReliableCo,WH-09,Beta Industries,171.82,142.47,18.5,Delayed
SHP-04407,2025-05-11,2025-05-12,2025-05-12,Central,SpeedEx,WH-08,Prime Enterprises,75.94,111.72,151.93,In Transit
SHP-03639,2024-09-12,2024-09-16,2024-09-17,Central,QuickMove,WH-05,Acme LLC,658.2,427.33,7.86,Delayed
SHP-04545,2024-11-11,2024-11-14,2024-11-15,North,QuickMove,WH-10,Omega Inc,868.67,688.45,51.85,Delivered
SHP-00518,2024-10-21,2024-10-24,2024-10-24,East,QuickMove,WH-07,Sigma Ltd,574.59,457.68,47.72,Delivered
SHP-00837,2024-05-23,2024-05-25,2024-05-27,South,GlobalFreight,WH-09,Global Industries,137.16,70.6,61.15,In Transit
SHP-00602,2025-06-18,2025-06-22,2025-06-23,Central,ReliableCo,WH-09,Sigma Solutions,667.86,327.3,35.9,Delivered
SHP-02185,2024-05-16,2024-05-18,2024-05-18,East,SpeedEx,WH-08,Beta Ltd,277.07,407.17,7.12,Delivered
SHP-03947,2024-11-09,2024-11-10,2024-11-11,West,SpeedEx,WH-03,Beta Co,377.81,279.9,29.54,In Transit
SHP-02532,2025-02-06,2025-02-07,2025-02-07,Central,QuickMove,WH-04,Global LLC,206.9,154.61,2.99,Delivered
SHP-04357,2024-11-17,2024-11-19,2024-11-18,South,FastShip,WH-09,Delta Inc,387.13,314.87,57.73,Delayed
SHP-01583,2024-02-18,2024-02-21,2024-02-22,South,FastShip,WH-10,Beta Partners,564.1,591.02,7.76,In Transit
SHP-04316,2025-05-14,2025-05-17,2025-05-17,Central,QuickMove,WH-01,Alpha Enterprises,163.2,115.65,33.79,Delayed
SHP-02586,2024-01-22,2024-01-24,2024-01-23,South,SpeedEx,WH-10,Global LLC,186.71,174.98,10.2,Delivered
SHP-04490,2024-10-20,2024-10-23,2024-10-22,West,SpeedEx,WH-05,Alpha Group,565.6,734.89,6.84,Delivered
SHP-01071,2024-11-28,2024-12-01,2024-11-30,East,GlobalFreight,WH-07,Alpha Enterprises,859.13,814.29,39.69,Delayed
SHP-01776,2025-03-19,2025-03-21,2025-03-21,East,QuickMove,WH-04,Beta LLC,214.43,152.3,16.31,In Transit
SHP-04863,2024-03-28,2024-03-30,2024-03-30,North,SpeedEx,WH-10,Global Partners,492.1,605.1,26.78,Delayed
SHP-01284,2024-08-30,2024-09-02,2024-09-02,North,FastShip,WH-01,Global Solutions,309.69,189.74,20.8,Delivered
SHP-03117,2024-01-15,2024-01-17,2024-01-17,North,SpeedEx,WH-04,Global Ltd,285.69,,26.98,Delivered
SHP-04808,2024-01-15,2024-01-18,2024-01-18,West,GlobalFreight,WH-09,Prime Partners,376.27,56.68,13.77,Delivered
SHP-01837,2025-04-15,2025-04-17,2025-04-17,North,GlobalFreight,WH-07,Prime Group,186.65,65.95,8.16,In Transit
SHP-04291,2025-04-17,2025-04-20,2025-04-21,Central,GlobalFreight,WH-10,Beta Enterprises,519.64,342.87,11.11,Delayed
SHP-01020,2024-10-15,2024-10-17,2024-10-17,South,ReliableCo,WH-04,Sigma LLC,196.79,132.31,16.22,In Transit
SHP-03276,2024-03-29,2024-03-30,2024-03-30,EAST,ReliableCo,WH-07,Sigma Partners,286.67,221.36,7.4,Delivered
SHP-01327,2024-03-22,2024-03-25,2024-03-25,East ,ReliableCo,WH-02,Prime LLC,209.69,151.85,11.07,Delivered
SHP-00476,2024-09-26,2024-09-29,2024-09-29,Central,FastShip,WH-04,Sigma Co,371.73,381.39,26.02,In Transit
SHP-03521,2024-06-11,2024-06-12,2024-06-13,East,SpeedEx,WH-10,Prime Industries,159.0,188.6,13.01,In Transit
SHP-01652,2024-09-07,2024-09-10,2024-09-09,South,SpeedEx,WH-08,Alpha Industries,236.09,211.91,22.91,Delivered
SHP-04084,2024-08-06,2024-08-07,2024-08-08,west,Reliable Co,WH-03,Prime Corp,92.06,81.9,2.92,Returned
SHP-04335,2024-08-13,2024-08-17,2024-08-17,South,GlobalFreight,WH-03,Alpha Corp,541.01,458.77,52.58,Delivered
SHP-02665,2025-04-26,2025-04-29,2025-04-29,West,ReliableCo,WH-07,Beta Partners,578.48,511.69,8.8,Delivered
SHP-02527,2025-01-07,2025-01-09,2025-01-09,South,GlobalFreight,WH-02,Omega LLC,146.21,112.42,18.63,Delayed
SHP-01295,2024-08-08,2024-08-09,2024-08-09,South,Fast Ship,WH-04,Prime Industries,112.06,93.15,20.31,Delivered
SHP-01374,2024-10-23,2024-10-25,2024-10-26,West,QuickMove,WH-08,Acme Inc,194.95,144.86,8.22,Delayed
SHP-00740,2024-11-15,2024-11-17,2024-11-17,East,ReliableCo,WH-06,Acme Inc,428.08,418.29,9.26,Delivered
SHP-04894,2025-03-15,2025-03-17,2025-03-18,South,QuickMove,WH-06,Alpha Solutions,300.61,187.43,27.07,Delivered
SHP-02489,2024-06-09,2024-06-11,2024-06-11,West,SpeedEx,WH-04,Global Partners,143.47,166.93,32.72,Delivered
SHP-00868,2024-11-17,2024-11-20,2024-11-20,West,ReliableCo,WH-06,Sigma Enterprises,186.28,136.31,18.98,Delivered
SHP-01141,2024-01-05,2024-01-07,2024-01-09,South,GlobalFreight,WH-10,Acme Industries,128.75,42.63,23.42,Delivered
SHP-00998,2025-02-16,2025-02-19,2025-02-19,East,GlobalFreight,WH-01,Delta Group,775.93,72.35,14.44,Delivered
SHP-01338,2025-05-26,2025-05-27,2025-05-28,Central,SpeedEx,WH-08,Beta Co,73.75,92.44,26.12,Delivered
SHP-00542,2024-04-21,2024-04-25,2024-04-25,East,QuickMove,WH-05,Delta LLC,631.64,390.93,8.33,Delivered
SHP-01100,2024-08-20,2024-08-22,2024-08-23,South,FastShip,WH-05,Sigma Group,142.54,144.25,38.86,Delivered
SHP-01133,2024-04-01,2024-04-02,2024-04-02,North,reliable co,WH-03,Omega Inc,237.02,185.73,38.93,Delivered
SHP-04907,2024-06-13,2024-06-15,2024-06-15,East,FastShip,WH-09,Acme Enterprises,284.45,173.62,19.07,Delivered
SHP-04296,2024-08-09,2024-08-12,2024-08-12,East,SpeedEx,WH-04,Alpha Industries,80.67,99.24,26.65,Delivered
SHP-02259,2024-06-04,2024-06-07,2024-06-07,West,GlobalFreight,WH-02,Acme Industries,328.16,194.01,26.49,Delivered
SHP-04072,2025-02-26,2025-02-28,2025-02-28,South,FastShip,WH-04,Acme Corp,238.68,178.44,13.99,In Transit
SHP-00060,2025-05-27,2025-05-28,2025-05-29,West,QuickMove,WH-04,Acme Ltd,72.6,46.01,36.48,Delivered
SHP-04261,2025-05-20,2025-05-23,2025-05-23,East,ReliableCo,WH-10,Acme Industries,207.65,144.05,20.0,Delivered
SHP-01939,2025-04-01,2025-04-03,2025-04-03,North,ReliableCo,WH-10,Delta Partners,397.83,302.67,21.93,Delivered
SHP-02631,2025-04-13,2025-04-14,2025-04-14,Central,QuickMove,WH-02,Global Corp,191.19,97.66,19.23,Delivered
SHP-04992,2024-01-21,2024-01-23,2024-01-24,East,GlobalFreight,WH-10,Acme Enterprises,375.97,298.03,22.44,Delayed
SHP-01079,2025-06-10,2025-06-11,2025-06-12,North,FastShip,WH-02,Sigma Ltd,329.25,259.65,40.62,Returned
SHP-03939,2024-11-11,2024-11-14,2024-11-15,Central,Quick Move,WH-07,Acme Partners,332.6,228.78,11.0,Delivered
SHP-03772,2024-06-14,2024-06-16,2024-06-16,South,GlobalFreight,WH-05,Acme Partners,57.44,,33.53,Delivered
SHP-04033,2024-09-24,2024-09-27,2024-09-28,East,GlobalFreight,WH-01,Alpha Solutions,578.85,372.25,8.92,Delivered
SHP-00941,2025-02-16,2025-02-19,2025-02-20,South,GlobalFreight,WH-01,Global Inc,296.86,105.71,35.74,Delivered
SHP-01081,2024-06-05,2024-06-07,2024-06-08,North,GlobalFreight,WH-08,Delta Co,241.79,233.59,9.45,Delivered
SHP-00188,2024-12-16,2024-12-17,2024-12-17,West,GlobalFreight,WH-04,Delta Industries,169.54,54.77,7.8,Delivered
SHP-02690,2025-04-01,2025-04-03,2025-04-04,West,ReliableCo,WH-09,Beta Ltd,224.3,186.53,10.67,Delayed
SHP-02086,2024-01-29,2024-01-31,2024-02-01,East,SpeedEx,WH-10,Sigma Solutions,257.86,450.2,7.92,In Transit
SHP-02250,2024-04-12,2024-04-15,2024-04-16,West,FastShip,WH-09,Acme Enterprises,492.91,368.33,35.19,Delivered
SHP-04946,2024-09-12,2024-09-13,2024-09-13,Central,ReliableCo,WH-08,Acme Group,324.82,253.4,11.72,Delivered
SHP-02024,2024-12-21,2024-12-24,2024-12-24,Central,GlobalFreight,WH-06,Sigma Partners,229.96,140.87,127.19,Delivered
SHP-04328,2025-04-01,2025-04-04,2025-04-04,Central,GlobalFreight,WH-06,Global Enterprises,583.81,271.35,97.68,In Transit
SHP-01493,2024-09-29,2024-10-02,2024-10-03,south,ReliableCo,WH-06,Alpha Industries,299.7,283.26,20.1,Delivered
SHP-03685,2025-02-19,2025-02-21,2025-02-21,Central,QuickMove,WH-07,Acme Co,316.73,183.17,11.2,Delivered
SHP-00227,2025-01-29,2025-01-31,2025-02-01,Central,GlobalFreight,WH-02,Delta Group,274.42,52.7,33.86,Delivered
SHP-04424,2025-03-15,2025-03-17,2025-03-17,East,QuickMove,WH-01,Acme Solutions,491.66,378.93,12.16,Delivered
SHP-01930,2024-12-22,2024-12-23,2024-12-24,West,QuickMove,WH-09,Omega Inc,159.42,106.82,8.46,Delivered
SHP-04672,2025-06-22,2025-06-23,2025-06-24,East,GlobalFreight,WH-10,Sigma Ltd,246.88,134.16,19.01,Delivered
SHP-04540,2024-06-06,2024-06-09,2024-06-11,South,ReliableCo,WH-05,Acme Ltd,252.21,235.86,18.97,Delivered
SHP-01405,2025-01-04,2025-01-07,2025-01-08,west,FastShip,WH-06,Delta Group,221.18,200.95,18.03,Delayed
SHP-02180,2025-03-22,2025-03-23,2025-03-24,West,GlobalFreight,WH-03,Delta LLC,360.17,272.65,11.47,Delivered
SHP-00698,2025-02-26,2025-02-28,2025-03-01,South,FastShip,WH-05,Omega Solutions,186.11,174.8,13.6,Delivered
SHP-01125,2025-06-23,2025-06-24,2025-06-26,West,GlobalFreight,WH-06,Delta Partners,150.94,0.01,8.71,In Transit
SHP-02857,2024-12-16,2024-12-18,2024-12-18,West,SpeedEx,WH-10,Global Corp,122.48,33.03,13.29,Delayed
SHP-04796,2025-05-28,2025-05-31,2025-05-30,North,QuickMove,WH-03,Global Enterprises,201.45,169.32,52.43,Delayed
SHP-01779,2025-04-04,2025-04-06,2025-04-06,North,FastShip,,Global Co,538.32,543.26,14.83,Delivered
SHP-02922,2024-02-25,2024-02-28,2024-02-28,North,FastShip,WH-01,Delta Co,497.57,506.07,2.83,Delivered
SHP-01038,2024-01-06,2024-01-08,2024-01-08,North,GlobalFreight,WH-07,Global LLC,179.67,104.55,44.23,Delivered
SHP-04222,2024-08-22,2024-08-24,2024-08-26,South,ReliableCo,WH-07,Acme Partners,271.44,99.55,19.6,In Transit
SHP-02257,2024-09-07,2024-09-09,2024-09-10,Central,QuickMove,WH-09,Beta Corp,251.74,165.23,42.53,In Transit
SHP-00314,2024-01-05,2024-01-08,2024-01-08,East,SpeedEx,WH-02,Global Enterprises,73.98,104.08,8.61,Returned
SHP-02282,2024-01-02,2024-01-05,2024-01-05,Central,QuickMove,WH-04,Delta Enterprises,351.89,266.41,11.36,Delivered
SHP-01417,2025-04-03,2025-04-04,2025-04-04,South,QuickMove,WH-09,Omega Enterprises,182.62,140.51,33.17,Delivered
SHP-01037,2025-01-03,2025-01-06,2025-01-05,East,QuickMove,WH-04,Alpha Partners,98.36,72.67,18.8,Returned
SHP-02160,2025-01-27,2025-01-29,2025-01-29,North,SpeedEx,WH-03,Alpha Enterprises,525.74,645.26,13.05,Delivered
SHP-04210,2025-01-09,2025-01-10,2025-01-10,East,ReliableCo,WH-08,Delta Group,334.25,259.25,11.34,Delivered
SHP-01755,2025-03-05,2025-03-06,2025-03-06,Central,GlobalFreight,WH-04,Alpha Co,239.59,236.51,20.88,Delivered
SHP-03951,2025-05-10,2025-05-12,2025-05-13,East,FastShip,WH-01,Acme Corp,100.91,95.5,11.8,Delivered
SHP-02875,2024-06-07,2024-06-10,2024-06-10,West,QuickMove,WH-05,Global Solutions,183.96,124.34,14.82,Delivered
SHP-02756,2025-05-11,2025-05-13,2025-05-13,South,SpeedEx,WH-08,Omega Inc,341.31,440.55,38.31,Delivered
SHP-03278,2025-05-04,2025-05-05,2025-05-05,Central,FastShip,WH-10,Omega Ltd,176.25,183.41,25.26,In Transit
SHP-04150,2024-10-10,2024-10-13,2024-10-13,South,FastShip,WH-08,Sigma Corp,383.29,320.11,12.43,Delivered
SHP-03504,2024-04-14,2024-04-15,2024-04-14,Central,GlobalFreight,WH-10,Omega Partners,116.05,57.75,19.21,Delivered
SHP-01507,2024-07-29,2024-07-30,2024-07-31,East,SpeedEx,WH-07,Omega Enterprises,202.22,276.61,,Delivered
SHP-01924,2024-02-07,2024-02-10,2024-02-10,North,GlobalFreight,WH-08,Delta Industries,599.32,470.77,55.64,Delivered
SHP-00449,2024-03-19,2024-03-20,2024-03-20,East,SpeedEx,WH-04,Global LLC,222.28,256.35,11.87,In Transit
SHP-04713,2024-03-21,2024-03-22,2024-03-22,Central,FastShip,WH-08,Sigma Enterprises,76.74,78.6,317.23,Delayed
SHP-04194,2024-10-05,2024-10-06,2024-10-06,EAST,SpeedEx,WH-02,Acme Ltd,75.17,108.27,20.31,Delivered
SHP-00957,2025-06-27,2025-06-29,2025-06-30,North,SpeedEx,WH-05,Global Co,163.68,131.92,28.26,Delayed
SHP-04569,2025-01-13,2025-01-15,2025-01-15,South,fastship,WH-03,Sigma Enterprises,81.53,67.64,17.49,Delivered
SHP-00362,2025-05-23,2025-05-26,2025-05-26,East,QuickMove,WH-08,Omega Corp,311.01,201.26,30.28,Delivered
SHP-02184,2024-10-08,2024-10-11,2024-10-11,North,QUICKMOVE,WH-05,Acme Partners,291.69,158.41,12.86,Delayed
SHP-01135,2024-10-23,2024-10-24,2024-10-24,Central,ReliableCo,WH-05,Sigma Ltd,278.66,196.8,34.34,Delivered
SHP-03962,2024-01-14,2024-01-16,2024-01-16,East,FastShip,WH-03,Sigma Co,450.87,341.09,60.26,Delivered
SHP-02156,2025-06-22,2025-06-23,2025-06-24,North,SpeedEx,WH-03,Global Corp,152.32,156.75,46.22,Delivered
SHP-01831,2024-08-13,2024-08-14,2024-08-14,North,GlobalFreight,WH-07,,358.24,165.99,23.84,Delayed
SHP-01054,2024-02-29,2024-03-01,2024-02-29,West,FastShip,WH-07,Delta Partners,394.93,338.38,29.69,In Transit
SHP-02461,2024-01-03,2024-01-06,2024-01-07,Central,FastShip,WH-08,Prime Group,125.95,96.72,8.36,Delivered
SHP-00023,2024-09-08,2024-09-10,2024-09-11,East,GlobalFreight,WH-01,Omega Solutions,178.06,112.02,39.57,Delivered
SHP-02067,2025-02-09,2025-02-11,2025-02-11,South,SpeedEx,WH-05,Beta Co,64.75,84.76,9.51,Delayed
SHP-01654,2025-01-19,2025-01-20,2025-01-21,West,QuickMove,WH-02,Acme Co,117.25,91.07,20.06,Delivered
SHP-03783,2024-08-09,2024-08-12,2024-08-12,North,SpeedEx,WH-08,Sigma Corp,209.48,205.92,9.0,Delivered
SHP-03967,2024-12-26,2024-12-29,2024-12-30,South,GlobalFreight,WH-01,Prime Co,214.7,,21.38,Delivered
SHP-02859,2025-03-07,2025-03-10,2025-03-10,North,QuickMove,WH-01,Prime Group,66.16,35.2,8.62,Delivered
SHP-04115,2025-06-02,2025-06-05,2025-06-04,East,FastShip,WH-05,Global Enterprises,450.12,383.18,61.97,Delivered
SHP-02469,2025-04-10,2025-04-11,2025-04-12,West,QuickMove,WH-09,Omega Enterprises,201.96,147.81,19.79,Delivered
SHP-02326,2025-01-31,2025-02-01,2025-02-01,West,Fast Ship,WH-03,Global Solutions,315.06,293.05,5.82,Delayed
SHP-00461,2024-07-08,2024-07-09,2024-07-09,North,SpeedEx,WH-04,Acme Enterprises,226.53,218.11,21.43,Delayed
SHP-01068,2024-12-27,2024-12-28,2024-12-30,South,FastShip,WH-06,Global Industries,124.87,103.66,13.92,Delivered
SHP-00088,2024-03-06,2024-03-09,2024-03-09,Central,GlobalFreight,WH-10,Acme Ltd,159.0,110.23,56.42,Delivered
SHP-01431,2024-04-02,2024-04-03,2024-04-03,Central,SpeedEx,WH-04,Acme Group,188.61,171.3,13.16,Delivered
SHP-02703,2025-05-01,2025-05-03,2025-05-04,North,GlobalFreight,WH-03,Acme Corp,166.65,64.33,23.53,Delivered
SHP-00283,2025-04-16,2025-04-17,2025-04-17,East,speedex,WH-04,Beta Ltd,235.45,277.92,26.99,Delivered
SHP-02484,2025-03-23,2025-03-24,2025-03-24,East,QuickMove,WH-05,Global Solutions,362.9,256.21,21.9,In Transit
SHP-00463,2025-06-28,2025-06-30,2025-07-01,West,FastShip,WH-01,Global Enterprises,437.76,329.66,69.6,Delivered
SHP-00213,2024-05-17,2024-05-20,2024-05-20,North,GlobalFreight,WH-03,Acme Co,166.89,68.94,13.61,Delivered
SHP-04837,2024-04-10,2024-04-14,2024-04-15,East,GlobalFreight,WH-10,Beta Ltd,446.7,417.07,9.57,Delivered
SHP-01369,2024-05-14,2024-05-17,2024-05-17,CENTRAL,QuickMove,WH-03,Global LLC,195.58,133.59,63.16,Delivered
SHP-00235,2024-02-10,2024-02-13,2024-02-13,Central,GlobalFreight,WH-03,Alpha Inc,132.59,89.25,13.53,Delivered
SHP-02830,2025-05-18,2025-05-20,2025-05-18,South,ReliableCo,WH-04,Delta Inc,421.61,310.31,11.49,Delivered
SHP-00598,2025-04-03,2025-04-06,2025-04-07,Central,QuickMove,WH-02,Delta Ltd,417.43,215.14,10.48,In Transit
SHP-04470,2024-01-28,2024-01-30,2024-01-30,North,FastShip,WH-02,Delta Solutions,204.01,122.9,10.1,Delivered
SHP-02251,2024-05-06,2024-05-09,2024-05-10,North,QuickMove,WH-02,Sigma Solutions,387.32,290.44,5.16,Delivered
SHP-04113,2025-04-21,2025-04-23,2025-04-24,West,Quick Move,WH-04,Acme LLC,249.45,193.63,77.08,Delivered
SHP-02284,2024-10-12,2024-10-14,2024-10-14,North,reliable co,WH-02,Omega Solutions,283.29,126.17,13.85,In Transit
SHP-00663,2025-04-26,2025-04-27,2025-04-28,South,QuickMove,WH-02,Alpha Solutions,247.0,150.48,58.18,Delayed
SHP-00480,2024-04-13,2024-04-16,2024-04-16,West,GlobalFreight,WH-02,Sigma Group,152.53,,14.43,In Transit
SHP-02286,2024-11-08,2024-11-10,2024-11-10,West,SpeedEx,WH-03,Omega Group,244.45,284.11,15.27,Delivered
SHP-04770,2024-06-08,2024-06-10,2024-06-12,South,GlobalFreight,WH-05,Prime Corp,511.26,241.04,8.18,Delivered
SHP-03263,2024-02-07,2024-02-10,2024-02-10,East,Fast Ship,WH-01,Global Group,238.07,212.43,60.7,Delivered
SHP-03653,2024-08-10,2024-08-13,2024-08-15,South,ReliableCo,WH-05,Delta Enterprises,209.95,250.18,21.93,Delivered
SHP-03505,2024-02-28,2024-03-02,2024-03-03,South,SpeedEx,WH-07,Prime Industries,425.75,424.01,18.3,Delivered
SHP-00780,2025-03-10,2025-03-12,2025-03-12,north,FastShip,WH-08,Delta Solutions,217.77,219.36,63.99,Delivered
SHP-04321,2024-02-25,2024-02-28,2024-02-29,West,QuickMove,WH-02,Sigma Partners,283.53,215.22,7.49,Delayed
SHP-04635,2024-02-27,2024-03-01,2024-03-02,West,FastShip,WH-07,Global Enterprises,121.23,112.33,6.51,Delivered
SHP-03358,2024-01-15,2024-01-18,2024-01-18,West,FastShip,WH-01,,191.2,143.65,41.61,Delivered
SHP-04386,2024-04-13,2024-04-17,2024-04-17,South,ReliableCo,WH-08,Global Solutions,419.06,461.09,18.93,Delivered
SHP-04890,2024-12-09,2024-12-12,2024-12-13,East,Global Freight,WH-10,Beta Enterprises,97.3,0.01,12.6,Delivered
SHP-00686,2024-05-09,2024-05-11,2024-05-11,East,GlobalFreight,WH-03,Acme Enterprises,313.85,192.41,29.69,Delayed
SHP-03239,2024-01-03,2024-01-08,2024-01-08,South,QuickMove,WH-10,Acme Enterprises,871.87,699.66,10.01,Delivered
SHP-04742,2025-02-15,2025-02-16,2025-02-17,South,FastShip,WH-05,Alpha Ltd,382.91,370.51,20.5,Delivered
SHP-04675,2024-10-23,2024-10-26,2024-10-27,North,ReliableCo,WH-01,Beta Enterprises,198.02,125.11,9.62,Delivered
SHP-02172,2025-05-01,2025-05-04,2025-05-04,East,QuickMove,WH-07,Global Solutions,412.79,242.67,52.78,Delivered
SHP-04446,2024-08-02,2024-08-05,2024-08-05,NORTH,QuickMove,WH-02,Delta Group,245.91,138.01,44.57,Delivered
SHP-01851,2024-05-12,2024-05-15,2024-05-15,Central,FastShip,WH-07,Sigma Ltd,167.66,139.74,17.66,In Transit
SHP-00488,2024-12-17,2024-12-21,2024-12-21,Central,QuickMove,WH-01,,480.89,251.36,48.59,Delivered
SHP-01689,2024-04-16,2024-04-18,2024-04-19,West,FastShip,WH-01,Alpha Inc,208.78,116.66,3.78,Delayed
SHP-02231,2024-10-14,2024-10-18,2024-10-18,East,ReliableCo,WH-06,Global Solutions,671.82,357.71,18.42,Returned
SHP-03335,2024-04-03,2024-04-04,2024-04-04,West,SpeedEx,WH-03,Prime Ltd,218.07,197.31,14.27,In Transit
SHP-02321,2024-03-30,2024-04-03,2024-04-04,Central,QuickMove,WH-10,Delta Inc,485.97,299.2,32.83,Delivered
SHP-00783,2024-12-18,2024-12-19,2024-12-20,South,ReliableCo,WH-09,Beta Solutions,255.6,187.14,19.56,In Transit
SHP-00522,2025-05-22,2025-05-23,2025-05-23,Central,SpeedEx,WH-01,Delta Industries,175.86,171.1,18.11,Delivered
SHP-00523,2024-06-08,2024-06-09,2024-06-10,East,FastShip,WH-02,Beta Inc,186.43,167.6,24.79,Delivered
SHP-02900,2024-01-18,2024-01-19,2024-01-20,north,GlobalFreight,WH-04,Global Solutions,91.64,38.76,18.46,Delivered
SHP-04036,2024-07-07,2024-07-08,2024-07-09,North,SpeedEx,WH-09,Global Partners,124.82,109.27,16.62,Delivered
SHP-02399,2024-04-20,2024-04-22,2024-04-24,South,SpeedEx,WH-05,Global Partners,518.74,583.99,14.64,Delivered
SHP-02208,2024-10-27,2024-10-29,2024-10-29,West,QuickMove,WH-01,Global Corp,333.57,220.73,13.14,Delivered
SHP-03552,2025-03-14,2025-03-16,2025-03-16,North,SpeedEx,WH-10,Omega Partners,558.07,450.43,18.38,Delivered
SHP-04509,2024-06-27,2024-06-30,2024-06-29,East,GlobalFreight,WH-08,Acme LLC,438.19,389.46,15.68,Delivered
SHP-03816,2024-04-08,2024-04-11,2024-04-12,West,SpeedEx,WH-01,Beta Industries,158.2,222.07,10.51,Delivered
SHP-02884,2024-09-05,2024-09-08,2024-09-07,Central,QuickMove,WH-09,Alpha Enterprises,167.65,133.64,53.33,Delivered
SHP-01512,2024-01-02,2024-01-05,2024-01-05,Central,QuickMove,WH-09,Global Group,261.32,182.98,58.73,Delivered
SHP-01883,2025-01-24,2025-01-25,2025-01-24,Central,FastShip,WH-02,Prime Group,100.37,104.3,30.93,Delivered
SHP-00652,2024-01-05,2024-01-08,2024-01-09,South,SpeedEx,WH-02,Sigma Partners,168.24,159.63,4.29,Delivered
SHP-02848,2024-05-07,2024-05-10,2024-05-11,South,QuickMove,WH-07,Alpha Ltd,351.81,197.69,26.8,In Transit
SHP-04016,2024-06-09,2024-06-10,2024-06-11,East,QuickMove,WH-04,Acme Co,204.51,177.62,4.88,Delivered
SHP-00370,2024-07-26,2024-07-28,2024-07-29,North,Global Freight,WH-05,Beta Industries,227.56,75.95,14.79,Delivered
SHP-02695,2024-02-23,2024-02-24,2024-02-24,Central,FastShip,WH-06,Beta Corp,95.26,86.55,21.17,Delivered
SHP-00119,2024-07-24,2024-07-27,2024-07-28,West,FastShip,WH-04,Prime Enterprises,98.58,108.12,16.87,Delivered
SHP-04249,2024-07-07,2024-07-08,2024-07-08,East,QUICKMOVE,WH-07,Global Industries,115.02,73.66,22.14,Delivered
SHP-03101,2024-02-07,2024-02-10,2024-02-10,West,QuickMove,WH-03,Prime Partners,385.38,262.05,32.41,Delivered
SHP-02217,2025-04-01,2025-04-03,2025-04-05,West,FastShip,WH-02,Beta Corp,324.68,289.51,11.1,Delivered
SHP-03618,2025-06-29,2025-07-01,2025-07-01,South,FastShip,WH-04,Delta LLC,81.34,80.85,15.56,In Transit
SHP-01614,2024-04-11,2024-04-13,2024-04-13,Central,GlobalFreight,WH-07,Acme Ltd,126.59,18.74,9.94,Delivered
SHP-04853,2025-01-14,2025-01-16,2025-01-15,West,QuickMove,WH-04,Global Enterprises,363.37,291.16,15.08,Delayed
SHP-00963,2025-05-04,2025-05-07,2025-05-07,West,ReliableCo,WH-07,Global Ltd,223.64,144.26,28.38,Delivered
SHP-02511,2024-02-04,2024-02-06,2024-02-06,Central,GlobalFreight,WH-09,Alpha Corp,263.52,137.62,21.91,Delivered
SHP-03623,2025-01-11,2025-01-14,2025-01-13,North,GlobalFreight,WH-05,Omega Inc,136.4,100.46,18.59,Delayed
SHP-03114,2024-06-22,2024-06-25,2024-06-25,East,QuickMove,WH-02,Acme Co,340.18,223.69,14.13,Delivered
SHP-04312,2025-05-17,2025-05-19,2025-05-19,West,SpeedEx,WH-04,Sigma Solutions,303.42,273.53,19.08,Delivered
SHP-03099,2024-12-16,2024-12-19,2024-12-19,West,ReliableCo,WH-05,Omega Group,545.27,333.07,17.97,Delivered
SHP-02416,2024-03-04,2024-03-07,2024-03-08,South,FastShip,WH-02,Global Corp,237.18,189.33,23.55,Delivered
SHP-04707,2024-08-06,2024-08-08,2024-08-07,East ,ReliableCo,WH-01,Acme Enterprises,382.9,355.56,17.0,Delivered
SHP-04285,2024-05-28,2024-05-29,2024-05-29,North,QuickMove,WH-05,Delta Inc,363.32,269.76,64.95,In Transit
SHP-02186,2024-11-18,2024-11-19,2024-11-20,Central,QuickMove,WH-03,Prime Corp,155.9,111.17,37.31,Delivered
SHP-02883,2024-10-25,2024-10-26,2024-10-25,North,Reliable Co,WH-04,Beta Enterprises,349.9,177.18,26.51,Delivered
SHP-02568,2025-04-16,2025-04-17,2025-04-17,West,FastShip,WH-09,Acme Solutions,223.87,177.96,15.28,Delivered
SHP-02038,2025-03-14,2025-03-15,2025-03-15,South,QuickMove,WH-04,Prime Inc,286.65,214.05,13.72,Delivered
SHP-04311,2024-10-19,2024-10-21,2024-10-21,Central,SpeedEx,WH-07,Prime Inc,292.28,294.53,61.17,Delivered
SHP-00773,2024-03-28,2024-03-29,2024-03-30,South,ReliableCo,WH-01,Prime Enterprises,75.89,29.33,34.19,Delivered
SHP-01285,2025-02-24,2025-02-25,2025-02-25,Central,ReliableCo,WH-05,Omega Group,326.26,199.52,12.66,Delivered
SHP-04655,2024-12-15,2024-12-18,2024-12-18,East,GlobalFreight,WH-09,Delta Ltd,448.64,57.57,21.53,Delivered
SHP-04791,2024-03-18,2024-03-20,2024-03-21,South,ReliableCo,WH-09,Acme Ltd,148.87,119.6,12.48,Delivered
SHP-04627,2024-07-31,2024-08-02,2024-08-01,North,GlobalFreight,WH-05,Acme Solutions,482.4,311.98,18.73,Delivered
SHP-01415,2024-10-22,2024-10-26,2024-10-26,North,ReliableCo,WH-03,Beta Corp,448.61,460.14,12.55,Delivered
SHP-01235,2025-05-15,2025-05-18,2025-05-19,West,ReliableCo,WH-09,Global Industries,245.15,232.05,7.54,Delivered
SHP-04004,2024-01-10,2024-01-13,2024-01-14,South,ReliableCo,WH-04,Delta Solutions,116.19,,22.18,Delivered
SHP-00436,2024-02-19,2024-02-22,2024-02-22,West,FastShip,WH-08,Beta Industries,229.83,197.77,45.3,Delivered
SHP-01675,2024-05-09,2024-05-11,2024-05-13,South,QuickMove,WH-09,Sigma Group,445.07,261.26,11.28,In Transit
SHP-00366,2025-01-27,2025-01-29,2025-01-29,South,QuickMove,WH-01,Prime Enterprises,225.19,152.92,11.07,Delivered
SHP-02705,2024-01-19,2024-01-22,2024-01-23,North,GlobalFreight,WH-08,Beta Group,259.2,155.19,66.27,Delivered
SHP-00232,2024-12-14,2024-12-16,2024-12-16,West,SpeedEx,WH-10,Alpha Solutions,501.21,481.3,26.16,Delivered
SHP-04317,2025-02-11,2025-02-14,2025-02-15,North,SpeedEx,WH-08,Beta Group,612.45,845.2,22.99,In Transit
SHP-00148,2024-10-22,2024-10-25,2024-10-25,East,FastShip,WH-06,Sigma Partners,402.7,346.62,14.38,Delivered
SHP-04449,2025-04-20,2025-04-22,2025-04-23,East,ReliableCo,WH-06,Alpha Partners,158.1,185.84,5.52,Delivered
SHP-00408,2024-08-21,2024-08-22,2024-08-22,East,SpeedEx,WH-06,Acme Partners,254.86,311.23,11.11,In Transit
SHP-02091,2024-05-13,2024-05-15,2024-05-15,East,ReliableCo,WH-07,Beta Group,362.54,175.93,14.8,Delayed
SHP-00087,2024-04-09,2024-04-12,2024-04-12,East,SpeedEx,WH-03,Delta Co,184.45,136.12,7.5,Delivered
SHP-00845,2024-12-21,2024-12-22,2024-12-22,Central,GlobalFreight,WH-08,Beta LLC,206.87,155.53,12.06,Delivered
SHP-01032,2024-11-02,2024-11-03,2024-11-03,East,SpeedEx,WH-02,Sigma Industries,294.3,258.93,70.75,Delivered
SHP-02687,2024-11-19,2024-11-21,2024-11-21,Central,ReliableCo,WH-09,Delta Group,669.75,477.97,10.39,Delayed
SHP-03272,2024-12-24,2024-12-25,2024-12-26,north,GlobalFreight,WH-08,Global Corp,226.97,218.46,14.4,Delayed
SHP-04025,2025-04-02,2025-04-04,2025-04-06,south,SpeedEx,WH-09,Alpha Enterprises,249.26,196.76,29.07,Delivered
SHP-03300,2024-04-06,2024-04-08,2024-04-09,East,ReliableCo,WH-01,Beta Enterprises,548.69,497.76,30.33,Delivered
SHP-03969,2025-04-08,2025-04-11,2025-04-11,West,ReliableCo,WH-04,Delta LLC,187.96,176.96,8.52,Delivered
SHP-00856,2025-05-27,2025-05-28,2025-05-28,East,QUICKMOVE,WH-06,Omega Inc,169.96,126.21,26.92,Delivered
SHP-00079,2025-01-03,2025-01-06,2025-01-07,East,GlobalFreight,WH-08,Prime Corp,401.52,398.16,20.38,Delivered
SHP-02248,2025-05-03,2025-05-06,2025-05-06,North,SpeedEx,WH-09,Acme Ltd,610.76,916.31,37.5,Delivered
SHP-04621,2024-02-09,2024-02-10,2024-02-12,South,ReliableCo,WH-04,Prime Solutions,290.55,212.19,51.42,Returned
SHP-03735,2025-01-20,2025-01-22,2025-01-22,West,ReliableCo,WH-01,Global Solutions,276.91,166.25,19.07,Delivered
SHP-04761,2024-07-25,2024-07-28,2024-07-28,South,FastShip,WH-03,Acme Inc,523.88,381.13,18.65,Delayed
SHP-04600,2024-11-18,2024-11-19,2024-11-20,West,SpeedEx,WH-04,Sigma LLC,384.66,355.44,37.33,Delivered
SHP-02280,2025-05-25,2025-05-27,2025-05-27,East,FastShip,WH-10,Acme Industries,644.06,539.41,52.67,Delayed
SHP-03023,2024-09-22,2024-09-24,2024-09-23,Central,ReliableCo,WH-09,Global LLC,513.66,445.67,8.02,In Transit
SHP-04206,2024-05-15,2024-05-16,2024-05-15,West,QuickMove,WH-06,Alpha Corp,112.69,56.23,13.68,In Transit
SHP-03952,2024-04-15,2024-04-18,2024-04-18,East,Reliable Co,WH-02,Sigma Inc,132.39,73.06,13.14,Delivered
SHP-03705,2024-06-27,2024-06-30,2024-06-30,Central,FastShip,WH-02,Delta Solutions,80.09,70.99,25.19,Delivered
SHP-02177,2024-11-16,2024-11-18,2024-11-18,East,Speed Ex,WH-05,Omega Co,696.86,802.23,26.75,Delivered
SHP-00425,2024-02-02,2024-02-05,2024-02-05,South,GlobalFreight,WH-06,Sigma Co,134.26,101.26,22.78,Delivered
SHP-00393,2024-09-06,2024-09-09,2024-09-09,East,GlobalFreight,WH-03,Alpha Partners,95.82,80.32,8.35,Delayed
SHP-04908,2024-07-17,2024-07-19,2024-07-19,North,FastShip,WH-06,Delta Solutions,144.22,121.29,78.47,Delivered
SHP-04656,2024-11-26,2024-11-29,2024-11-29,East,SpeedEx,WH-02,Global Corp,606.28,251.38,26.36,Delivered
SHP-00105,2025-06-20,2025-06-23,2025-06-23,West,SpeedEx,WH-09,Alpha Corp,620.6,865.63,21.06,Delivered
SHP-03037,2024-12-29,2024-12-30,2024-12-31,West,SpeedEx,WH-04,Prime Group,198.04,270.98,35.53,Delivered
SHP-02755,2024-02-15,2024-02-16,2024-02-16,North,ReliableCo,WH-01,Alpha LLC,220.38,106.58,50.18,Delivered
SHP-03205,2024-12-14,2024-12-15,2024-12-15,East,FastShip,WH-03,Beta LLC,259.26,176.49,48.64,Delivered
SHP-04309,2024-12-12,2024-12-13,2024-12-13,West,GlobalFreight,WH-03,Beta Inc,125.12,116.89,13.27,Delivered
SHP-01949,2025-04-10,2025-04-12,2025-04-12,East,ReliableCo,WH-04,Delta Ltd,140.46,107.42,46.32,Delivered
SHP-01460,2024-11-20,2024-11-23,2024-11-25,South,ReliableCo,WH-04,Omega Enterprises,78.04,39.37,13.28,Delivered
SHP-04759,2025-05-12,2025-05-14,2025-05-13,south,ReliableCo,WH-10,Acme Enterprises,166.75,144.92,22.88,Delivered
SHP-03691,2024-10-10,2024-10-11,2024-10-11,North,QuickMove,WH-01,Global Partners,161.31,78.06,14.28,Delivered
SHP-02764,2024-12-25,2024-12-26,2024-12-27,Central,FastShip,WH-06,Acme Enterprises,308.68,300.64,11.92,Delivered
SHP-02851,2025-03-06,2025-03-08,2025-03-08,West,GlobalFreight,WH-01,Delta Co,222.41,90.81,9.43,Returned
SHP-01588,2025-02-19,2025-02-22,2025-02-23,south,SpeedEx,WH-08,Sigma Corp,121.31,217.74,9.71,In Transit
SHP-03738,2025-05-29,2025-05-31,2025-05-31,North,SpeedEx,WH-04,Sigma Industries,384.7,602.82,20.03,Delivered
SHP-01732,2024-04-08,2024-04-11,2024-04-11,West,FastShip,WH-10,Global Corp,72.28,61.67,,Delivered
SHP-04819,2025-02-02,2025-02-05,2025-02-07,West,GlobalFreight,WH-06,Global Partners,411.8,295.53,4.64,Delivered
SHP-04811,2024-01-31,2024-02-02,2024-02-02,Central,GlobalFreight,WH-10,Delta Co,410.34,71.14,30.27,Delayed
SHP-03760,2025-06-15,2025-06-18,2025-06-18,East,ReliableCo,WH-06,Delta Enterprises,251.15,131.53,20.31,Delivered
SHP-01792,2024-01-27,2024-01-29,2024-01-29,West,SpeedEx,WH-02,Global Solutions,156.74,246.78,18.55,Delivered
SHP-02356,2024-03-15,2024-03-16,2024-03-16,West,ReliableCo,WH-08,Global Industries,291.57,235.72,21.77,In Transit
SHP-01941,2025-01-22,2025-01-24,2025-01-25,South,SpeedEx,WH-03,Delta Co,538.36,,30.73,Delivered
SHP-00703,2024-08-26,2024-08-30,2024-08-30,South,GlobalFreight,WH-08,Alpha Inc,423.79,239.43,12.87,Delivered
SHP-02443,2024-11-02,2024-11-04,2024-11-04,Central,QuickMove,WH-10,Alpha Inc,373.14,114.84,24.5,Delivered
SHP-03815,2025-05-05,2025-05-07,2025-05-09,south,ReliableCo,WH-06,Beta Ltd,425.06,221.31,6.88,Delivered
SHP-00497,2024-01-16,2024-01-19,2024-01-19,East,GlobalFreight,WH-04,Sigma Co,433.49,354.39,28.83,In Transit
SHP-00465,2024-09-17,2024-09-20,2024-09-20,West,ReliableCo,WH-02,Acme Ltd,564.24,455.76,24.1,Delivered
SHP-04674,2024-05-08,2024-05-09,2024-05-09,South,SpeedEx,WH-01,Acme Corp,389.73,397.61,40.88,Delivered
SHP-04383,2025-05-10,2025-05-12,2025-05-13,North,FastShip,WH-08,Beta Industries,304.39,284.04,35.39,Delivered
SHP-00173,2025-06-16,2025-06-18,2025-06-18,East,QuickMove,WH-06,Global Inc,374.87,248.88,45.22,Delivered
SHP-04575,2025-02-19,2025-02-21,2025-02-22,South,SpeedEx,WH-01,Sigma LLC,208.03,222.45,37.77,Delivered
SHP-04851,2024-04-07,2024-04-09,2024-04-09,Central,GlobalFreight,WH-06,Acme Solutions,378.62,137.8,17.18,Delivered
SHP-02541,2024-10-21,2024-10-23,2024-10-24,South,GlobalFreight,WH-01,Beta Corp,99.89,68.42,18.7,Delivered
SHP-04531,2024-05-17,2024-05-19,2024-05-19,West,FastShip,WH-04,Prime Partners,370.05,267.37,35.19,Delivered
SHP-03015,2024-06-06,2024-06-07,2024-06-08,East,QuickMove,WH-04,Alpha Ltd,107.5,75.12,24.5,In Transit
SHP-02261,2024-04-28,2024-05-01,2024-05-02,South,QuickMove,WH-07,Prime Enterprises,278.67,206.3,5.6,Delivered
SHP-02113,2024-08-28,2024-08-31,2024-09-01,North,SpeedEx,WH-04,Delta Enterprises,152.64,100.91,27.6,Delivered
SHP-00901,2024-12-18,2024-12-20,2024-12-20,South,QuickMove,WH-06,Beta LLC,149.25,135.07,20.1,Delivered
SHP-01447,2025-03-03,2025-03-05,2025-03-05,North,GlobalFreight,WH-07,Acme Co,225.24,127.91,78.22,Delivered
SHP-03651,2025-04-03,2025-04-05,2025-04-07,West,GlobalFreight,WH-10,Acme Co,543.6,380.17,28.64,Delivered
SHP-00742,2025-06-06,2025-06-10,2025-06-11,NORTH,ReliableCo,WH-06,Beta LLC,509.71,418.22,13.47,Delivered
SHP-02294,2024-11-02,2024-11-05,2024-11-05,East,ReliableCo,WH-06,Omega Corp,357.36,346.99,15.42,Delivered
SHP-02453,2024-12-16,2024-12-18,2024-12-18,West,ReliableCo,WH-03,Global Group,70.58,44.98,12.29,Delivered
SHP-02678,2025-02-09,2025-02-12,2025-02-12,East,QuickMove,WH-01,Prime Industries,219.3,179.27,88.34,Delivered
SHP-04596,2025-06-09,2025-06-12,2025-06-12,West,ReliableCo,WH-04,Sigma Solutions,253.3,219.34,10.92,Delivered
SHP-01207,2024-09-24,2024-09-25,2024-09-25,West,GlobalFreight,WH-05,Beta Corp,235.66,147.37,35.11,In Transit
SHP-00510,2024-05-15,2024-05-18,2024-05-18,Central,speedex,WH-08,Beta Corp,309.65,338.64,5.82,Delayed
SHP-04201,2025-06-15,2025-06-20,2025-06-21,West,QuickMove,WH-05,Delta Inc,884.11,623.2,12.6,Delivered
SHP-04914,2025-05-26,2025-05-28,2025-05-29,East,GlobalFreight,WH-04,Acme Solutions,326.03,233.14,18.47,Delivered
SHP-03007,2024-12-18,2024-12-20,2024-12-20,North,GlobalFreight,,Prime LLC,436.89,114.34,111.5,Delivered
SHP-03385,2025-03-17,2025-03-20,2025-03-20,Central,QuickMove,WH-04,Global Solutions,143.8,86.2,15.53,Returned
SHP-01550,2024-08-10,2024-08-11,2024-08-11,East,ReliableCo,WH-08,Acme LLC,103.7,71.58,15.63,Delivered
SHP-03338,2024-08-15,2024-08-16,2024-08-16,East,QuickMove,WH-04,Alpha Partners,75.34,45.41,27.83,Delivered
SHP-02203,2024-05-17,2024-05-19,2024-05-19,Central,FastShip,WH-04,Acme Co,327.78,285.7,25.32,Delivered
SHP-02567,2025-04-10,2025-04-12,2025-04-13,North,FastShip,WH-02,Global Inc,386.91,304.12,,Delivered
SHP-04366,2024-06-01,2024-06-04,2024-06-04,East,GlobalFreight,WH-01,Acme Enterprises,158.64,59.0,10.95,Delivered
SHP-02045,2024-03-28,2024-03-31,2024-03-31,Central,FastShip,WH-07,Acme Partners,639.1,615.81,16.83,Delivered
SHP-00768,2024-10-31,2024-11-01,2024-11-03,South,QuickMove,WH-01,Alpha Group,280.1,160.52,66.14,Delivered
SHP-04928,2024-12-03,2024-12-04,2024-12-05,CENTRAL,FastShip,WH-06,Omega Enterprises,273.66,203.66,79.69,Delivered
SHP-03817,2024-07-31,2024-08-03,2024-08-04,East,GlobalFreight,WH-04,Sigma Solutions,294.24,213.2,54.33,In Transit
SHP-00422,2024-03-05,2024-03-08,2024-03-08,East,SpeedEx,WH-08,Prime LLC,120.61,118.66,23.12,Delivered
SHP-00124,2024-05-08,2024-05-10,2024-05-11,South,QuickMove,WH-02,Acme Enterprises,256.32,218.46,29.29,Delivered
SHP-04287,2025-04-20,2025-04-22,2025-04-23,South,GlobalFreight,WH-07,Delta Industries,152.26,124.81,14.05,Delivered
SHP-02684,2025-02-15,2025-02-16,2025-02-16,South,SpeedEx,WH-07,Omega Partners,179.31,153.11,2.09,Delivered
SHP-00820,2024-04-24,2024-04-27,2024-04-28,North,FastShip,WH-04,Omega Co,493.79,425.62,29.6,Delivered
SHP-01404,2024-06-30,2024-07-04,2024-07-05,South,FastShip,WH-06,Delta Solutions,456.31,352.88,3.36,Delivered
SHP-01383,2025-04-15,2025-04-17,2025-04-17,Central,FastShip,WH-03,Alpha Ltd,219.74,229.37,11.89,Delayed
SHP-02149,2024-10-19,2024-10-22,2024-10-23,South,FastShip,WH-07,Delta Inc,781.74,653.22,17.49,In Transit
SHP-01576,2024-07-09,2024-07-12,2024-07-11,Central,FastShip,WH-10,Acme Enterprises,214.23,212.9,44.23,In Transit
SHP-01639,2025-01-22,2025-01-23,2025-01-23,South,QuickMove,WH-01,Sigma Ltd,310.58,208.69,7.52,Returned
SHP-01796,2025-05-04,2025-05-06,2025-05-07,North,ReliableCo,WH-08,Delta Inc,295.5,264.75,10.47,Delivered
SHP-04870,2024-10-11,2024-10-15,2024-10-15,Central,ReliableCo,WH-07,Delta Ltd,503.91,352.52,20.4,Delivered
SHP-00400,2024-01-29,2024-01-31,2024-02-01,East,GlobalFreight,WH-07,Sigma Co,354.78,215.08,12.07,Delivered
SHP-02311,2024-11-27,2024-11-28,2024-11-28,North,ReliableCo,WH-10,Beta Inc,391.18,292.33,9.26,Delivered
SHP-00883,2024-07-29,2024-07-31,2024-07-31,North,ReliableCo,WH-06,Acme Group,81.53,85.57,73.73,Delivered
SHP-04375,2024-11-11,2024-11-14,2024-11-15,West,ReliableCo,WH-06,Delta Partners,172.86,137.1,27.25,In Transit
SHP-02961,2024-06-23,2024-06-24,2024-06-24,Central,ReliableCo,WH-10,Beta Enterprises,350.34,316.56,13.89,Delivered
SHP-01353,2024-09-07,2024-09-10,2024-09-11,North,GlobalFreight,WH-02,Beta LLC,216.34,95.63,13.92,Delivered
SHP-02802,2024-06-23,2024-06-26,2024-06-26,North,ReliableCo,WH-09,Omega LLC,555.2,466.38,13.29,Delivered
SHP-04601,2024-10-11,2024-10-13,2024-10-12,North,SpeedEx,WH-03,Global Solutions,97.7,76.31,19.62,Delivered
SHP-02131,2024-10-29,2024-10-31,2024-10-31,West,ReliableCo,WH-08,,212.69,138.46,9.86,Delayed
SHP-00983,2025-01-21,2025-01-22,2025-01-22,North,Fast Ship,WH-03,Sigma Corp,120.59,114.65,58.53,Delivered
SHP-00457,2024-08-10,2024-08-13,2024-08-14,North,FastShip,WH-07,Sigma Group,270.75,185.85,53.93,Delivered
SHP-03606,2024-01-26,2024-01-29,2024-01-29,East,QuickMove,WH-01,Omega LLC,265.55,178.94,15.78,Delivered
SHP-01080,2025-04-28,2025-05-01,2025-05-01,East,ReliableCo,WH-03,Alpha Partners,124.4,97.14,15.87,Delivered
SHP-01951,2024-12-15,2024-12-16,2024-12-16,Central,SpeedEx,WH-08,Alpha Solutions,148.39,133.7,22.97,Delayed
SHP-04432,2025-01-12,2025-01-13,2025-01-15,South,GlobalFreight,WH-07,Delta LLC,246.17,191.02,33.98,Delayed
SHP-00690,2024-07-24,2024-07-25,2024-07-25,Central,QuickMove,WH-10,Sigma Industries,275.07,161.45,31.06,Delivered
SHP-02430,2024-02-07,2024-02-08,2024-02-08,North,QuickMove,WH-06,Acme Partners,285.81,217.07,13.08,In Transit
SHP-00642,2024-03-30,2024-04-02,2024-04-02,West,SpeedEx,WH-09,Acme LLC,142.99,121.69,31.68,Delivered
SHP-02393,2024-09-30,2024-10-04,2024-10-04,East,FastShip,WH-08,Acme Partners,892.31,708.14,13.56,Delivered
SHP-01954,2024-04-17,2024-04-20,2024-04-20,East,FastShip,WH-10,Prime Partners,268.57,233.02,22.33,Delivered
SHP-02808,2024-06-21,2024-06-23,2024-06-23,East,FastShip,WH-09,Omega Ltd,209.22,187.35,13.3,Delivered
SHP-02826,2024-08-31,2024-09-03,2024-09-03,north,ReliableCo,WH-10,Alpha Ltd,279.1,168.98,4.38,Delivered
SHP-04138,2025-05-07,2025-05-11,2025-05-12,North,GlobalFreight,WH-04,,593.73,583.17,10.33,Delivered
SHP-02711,2024-06-17,2024-06-20,2024-06-20,East,QuickMove,WH-04,Delta Solutions,113.55,70.07,30.39,Delivered
SHP-03409,2025-05-24,2025-05-28,2025-05-29,North,ReliableCo,WH-05,Prime Industries,491.75,149.65,26.13,Delivered
SHP-04821,2024-12-29,2025-01-01,2025-01-01,East,ReliableCo,WH-04,Omega Ltd,559.44,520.98,16.15,Delivered
SHP-03754,2025-03-23,2025-03-27,2025-03-27,East,FastShip,WH-04,Alpha Inc,426.19,414.69,38.95,Delivered
SHP-01885,2025-03-11,2025-03-13,2025-03-12,East,FastShip,WH-05,Alpha Industries,188.88,139.7,16.16,Delivered
SHP-03537,2024-07-09,2024-07-11,2024-07-10,West,FastShip,WH-10,Prime Partners,110.88,75.47,107.24,In Transit
SHP-00390,2025-01-11,2025-01-13,2025-01-13,North,ReliableCo,WH-07,Alpha Partners,423.33,443.88,16.61,Delivered
SHP-02495,2024-06-20,2024-06-23,2024-06-23,Central,ReliableCo,WH-03,Sigma LLC,668.18,365.81,5.86,Delayed
SHP-03186,2024-05-26,2024-05-27,2024-05-28,East,QuickMove,WH-09,Delta Corp,96.59,79.14,16.5,Delivered
SHP-02955,2025-04-23,2025-04-25,2025-04-26,Central,QuickMove,WH-06,Omega Partners,417.35,297.18,31.93,Delayed
SHP-00846,2024-11-02,2024-11-07,2024-11-08,West,GlobalFreight,WH-07,Beta Corp,896.98,595.39,41.22,Delayed
SHP-00543,2025-06-20,2025-06-21,2025-06-22,West,FastShip,WH-07,Beta Inc,212.64,212.23,19.05,Delivered
SHP-00092,2024-01-16,2024-01-19,2024-01-19,West,FastShip,WH-04,Prime Industries,370.22,327.13,20.26,Delivered
SHP-03972,2025-03-15,2025-03-18,2025-03-19,North,Speed Ex,WH-10,Delta Industries,182.1,290.25,19.06,Delivered
SHP-01980,2024-06-06,2024-06-08,2024-06-08,West,FastShip,WH-09,Prime Co,207.52,154.94,27.87,Delivered
SHP-02874,2025-02-23,2025-02-26,2025-02-28,South,FastShip,WH-02,Omega Solutions,280.32,291.36,19.29,Delayed
SHP-04136,2024-05-12,2024-05-15,2024-05-16,Central,FastShip,WH-08,Alpha Industries,229.43,202.79,7.8,In Transit
SHP-04248,2025-06-14,2025-06-17,2025-06-17,East,SpeedEx,WH-06,Prime Group,285.59,417.46,48.93,Delivered
SHP-02530,2025-02-11,2025-02-14,2025-02-15,South,GlobalFreight,WH-02,Beta Ltd,319.5,119.51,9.15,Delivered
SHP-01677,2024-09-30,2024-10-02,2024-10-02,East,ReliableCo,WH-08,Acme LLC,210.69,140.6,20.55,Delivered
SHP-01049,2025-04-10,2025-04-12,2025-04-11,North,QuickMove,WH-03,Global Inc,528.72,243.9,14.19,Delivered
SHP-01961,2024-12-25,2024-12-28,2024-12-28,West,ReliableCo,WH-03,Alpha LLC,235.63,207.74,15.23,Delayed
SHP-02531,2024-02-04,2024-02-08,2024-02-08,South,GlobalFreight,WH-03,Prime Inc,1098.72,889.71,6.52,Delivered
SHP-02843,2024-10-30,2024-10-31,2024-10-31,East,ReliableCo,WH-10,Acme Partners,112.87,67.38,5.71,Delivered
SHP-00238,2024-11-03,2024-11-06,2024-11-07,Central,FastShip,WH-07,Acme Solutions,238.09,193.76,25.7,Delivered
SHP-03759,2024-11-07,2024-11-08,2024-11-08,Central,SpeedEx,WH-02,Beta Co,341.8,290.87,47.25,Delivered
SHP-03867,2025-03-02,2025-03-03,2025-03-03,East,FastShip,WH-01,Sigma Inc,265.85,260.75,13.13,Delivered
SHP-01134,2024-06-23,2024-06-26,2024-06-26,East,SpeedEx,WH-08,Global Industries,330.46,424.85,12.85,Delivered
SHP-01806,2024-05-31,2024-06-02,2024-06-01,North,FastShip,WH-09,Sigma Partners,475.34,389.48,178.11,Delivered
SHP-04190,2024-12-17,2024-12-19,2024-12-19,West,SpeedEx,WH-06,Acme Partners,469.95,577.78,16.78,Delayed
SHP-00164,2024-03-30,2024-04-01,2024-04-01,South,SpeedEx,WH-05,Beta Ltd,208.23,363.02,20.94,Delayed
SHP-03567,2025-06-23,2025-06-24,2025-06-24,Central,FastShip,WH-06,Alpha Partners,298.98,279.04,36.67,Delivered
SHP-04763,2024-08-18,2024-08-20,2024-08-21,South,QuickMove,WH-06,Sigma Industries,687.89,422.89,18.12,Delivered
SHP-04044,2024-01-07,2024-01-09,2024-01-09,West,FastShip,WH-04,Beta Partners,164.64,152.52,,Delivered
SHP-03526,2024-11-10,2024-11-11,2024-11-11,South,Speed Ex,WH-08,Global Enterprises,66.91,90.41,14.93,Delivered
SHP-03270,2024-04-21,2024-04-22,2024-04-24,west,GlobalFreight,WH-01,Prime Inc,311.28,282.01,29.2,Delivered
SHP-03713,2024-09-07,2024-09-11,2024-09-11,Central,GlobalFreight,WH-04,Prime Group,528.61,29.14,6.11,Delivered
SHP-04706,2024-09-07,2024-09-08,2024-09-08,South,SpeedEx,WH-02,Prime LLC,157.69,258.26,71.12,Delivered
SHP-01812,2025-03-09,2025-03-12,2025-03-12,West,GLOBALFREIGHT,WH-06,Prime Group,372.18,210.17,20.3,In Transit
SHP-04162,2025-01-16,2025-01-20,2025-01-21,East,ReliableCo,WH-04,Prime Partners,644.2,658.24,13.88,Delayed
SHP-03945,2024-09-27,2024-10-01,2024-10-01,Central,ReliableCo,WH-07,Delta Enterprises,683.61,379.4,34.14,Delayed
SHP-01429,2024-02-13,2024-02-15,2024-02-16,Central,SpeedEx,WH-07,Prime LLC,409.13,490.41,14.91,Delivered
SHP-03692,2024-10-15,2024-10-19,2024-10-20,South,QuickMove,WH-04,Delta Partners,719.14,515.39,80.61,Delivered
SHP-02861,2024-07-10,2024-07-11,2024-07-11,Central,FastShip,WH-10,Beta Co,241.84,185.83,27.09,Delivered
SHP-03750,2025-05-09,2025-05-11,2025-05-13,South,SpeedEx,WH-05,Prime Inc,514.03,451.82,18.04,Delivered
SHP-04511,2024-03-18,2024-03-19,2024-03-18,North,ReliableCo,WH-09,Omega Ltd,377.05,183.2,49.63,Delivered
SHP-04702,2024-08-21,2024-08-22,2024-08-21,West,FastShip,WH-03,Delta LLC,181.83,198.93,43.6,Delivered
SHP-02882,2024-10-26,2024-10-27,2024-10-28,East,GlobalFreight,WH-09,Sigma LLC,149.63,102.8,26.46,Delivered
SHP-01453,2024-09-16,2024-09-21,2024-09-21,East,ReliableCo,WH-02,Beta Solutions,1238.7,1202.33,55.11,Delivered
SHP-00594,2024-04-17,2024-04-20,2024-04-21,West,FastShip,WH-01,Acme LLC,269.35,274.09,55.37,Delivered
SHP-02726,2025-01-26,2025-01-29,2025-01-29,East,GlobalFreight,WH-08,Sigma Solutions,140.34,20.44,29.49,Delayed
SHP-00042,2024-02-22,2024-02-26,2024-02-27,East,QuickMove,WH-02,Omega Solutions,436.17,341.17,75.77,Delayed
SHP-00561,2025-02-05,2025-02-06,2025-02-08,South,ReliableCo,WH-04,Global Co,260.74,298.63,6.72,Delayed
SHP-04893,2024-01-22,2024-01-25,2024-01-26,Central,SpeedEx,WH-09,Beta Solutions,245.25,272.04,14.89,Delivered
SHP-03108,2024-04-25,2024-04-28,2024-04-28,East,ReliableCo,WH-07,Acme Partners,211.95,216.16,58.95,Delivered
SHP-00244,2025-01-23,2025-01-27,2025-01-27,West,SpeedEx,WH-02,Global Group,405.2,400.52,5.35,Delivered
SHP-01340,2024-11-15,2024-11-18,2024-11-18,West,FastShip,WH-04,Sigma Ltd,91.91,53.21,16.57,Delivered
SHP-02978,2025-03-20,2025-03-22,2025-03-23,Central,GlobalFreight,WH-02,Sigma Solutions,161.78,109.38,8.0,Delivered
SHP-03275,2024-06-18,2024-06-22,2024-06-21,Central,FastShip,WH-02,Prime Ltd,623.3,539.07,20.65,Delivered
SHP-03878,2024-02-06,2024-02-08,2024-02-09,Central,QuickMove,WH-03,Prime Inc,308.81,247.13,65.37,Delivered
SHP-01443,2024-12-11,2024-12-12,2024-12-12,South,GlobalFreight,WH-05,Sigma Partners,276.73,322.82,17.9,Delivered
SHP-00262,2025-03-16,2025-03-17,2025-03-18,North,ReliableCo,WH-06,Beta Co,220.62,194.24,6.66,Delivered
SHP-02847,2024-12-10,2024-12-11,2024-12-12,North,GlobalFreight,WH-10,Beta Industries,216.61,185.27,34.13,Delayed
SHP-01690,2024-03-07,2024-03-10,2024-03-11,West,GlobalFreight,WH-09,Global Co,301.17,367.2,22.44,Delivered
SHP-01726,2025-01-16,2025-01-19,2025-01-19,East,QuickMove,WH-04,Alpha Inc,431.85,320.54,14.49,Delivered
SHP-01204,2024-09-19,2024-09-21,2024-09-19,North,GlobalFreight,WH-02,Global Corp,363.46,251.59,16.89,Delivered
SHP-00835,2024-08-28,2024-08-31,2024-08-31,North,GlobalFreight,WH-04,Global Enterprises,107.82,80.96,70.63,Delivered
SHP-01867,2025-01-23,2025-01-26,2025-01-26,East,speedex,WH-06,,868.51,885.22,15.53,Delivered
SHP-02497,2025-02-09,2025-02-11,2025-02-11,Central,FastShip,WH-05,Beta Enterprises,119.61,,5.79,Delivered
SHP-02011,2025-03-20,2025-03-23,2025-03-23,East,SpeedEx,WH-04,Beta LLC,216.72,160.27,38.95,In Transit
SHP-00341,2024-09-25,2024-09-26,2024-09-27,East ,QuickMove,WH-04,Delta Partners,242.45,172.62,10.16,Delivered
SHP-03054,2025-06-10,2025-06-13,2025-06-13,Central,GlobalFreight,WH-04,Omega LLC,66.91,64.65,14.83,Delivered
SHP-01602,2024-12-19,2024-12-22,2024-12-23,West,SpeedEx,WH-04,Prime Partners,334.58,361.16,24.89,Delivered
SHP-04205,2024-01-03,2024-01-04,2024-01-05,North,ReliableCo,WH-03,Global Co,170.36,62.32,31.79,Delivered
SHP-04747,2024-05-27,2024-05-29,2024-05-28,Central,QuickMove,WH-01,Global Co,291.1,207.58,29.33,Delivered
SHP-00481,2025-05-29,2025-05-30,2025-05-31,North,GlobalFreight,WH-01,Delta Industries,74.62,20.76,23.75,Delivered
SHP-02887,2024-01-03,2024-01-04,2024-01-05,Central,ReliableCo,WH-02,Acme Group,273.6,217.43,7.11,Delivered
SHP-03610,2024-01-09,2024-01-12,2024-01-12,Central,FastShip,WH-02,,283.67,229.12,9.07,Delivered
SHP-03983,2024-03-24,2024-03-26,2024-03-27,South,QuickMove,WH-07,Omega Solutions,223.58,130.22,19.51,Delivered
SHP-03467,2024-09-24,2024-09-26,2024-09-27,East,SpeedEx,WH-08,Beta Ltd,366.7,469.24,24.62,Delivered
SHP-04691,2024-07-22,2024-07-23,2024-07-24,South,FastShip,WH-01,Prime Partners,297.91,200.47,9.67,Delivered
SHP-03113,2024-05-26,2024-05-28,2024-05-29,North,ReliableCo,WH-09,Alpha Partners,296.47,210.76,53.86,Delivered
SHP-04076,2024-06-03,2024-06-04,2024-06-04,West,SpeedEx,WH-09,,220.81,193.16,16.06,In Transit
SHP-01767,2024-08-26,2024-08-29,2024-08-29,West,GlobalFreight,WH-01,Global Industries,281.95,136.66,17.39,Delivered
SHP-04524,2024-09-25,2024-09-27,2024-09-27,East,FastShip,WH-04,Acme Group,182.71,146.2,54.51,Delivered
SHP-02454,2024-04-04,2024-04-06,2024-04-07,West,GlobalFreight,WH-08,Sigma Industries,308.32,172.66,23.19,Delivered
SHP-02941,2024-10-28,2024-10-29,2024-10-30,North,FastShip,WH-08,Sigma Group,254.91,150.23,21.32,Delivered
SHP-03895,2024-07-13,2024-07-14,2024-07-14,East,GlobalFreight,WH-09,Beta Ltd,256.43,162.13,13.12,Delivered
SHP-04100,2024-03-07,2024-03-10,2024-03-11,North,SpeedEx,WH-01,Beta Corp,96.91,128.61,33.03,Delivered
SHP-04730,2024-10-15,2024-10-17,2024-10-17,Central,Global Freight,WH-10,Prime Group,349.03,10.89,10.21,Delivered
SHP-03758,2024-02-09,2024-02-12,2024-02-12,East,QuickMove,WH-07,Global Industries,215.14,129.95,6.27,Delivered
SHP-01272,2024-09-12,2024-09-15,2024-09-17,North,QuickMove,WH-04,Prime LLC,434.32,303.28,28.6,Delivered
SHP-04558,2024-07-11,2024-07-14,2024-07-14,Central,GlobalFreight,WH-01,Beta LLC,404.37,180.22,37.99,Delivered
SHP-04986,2025-04-28,2025-04-30,2025-05-01,North,QuickMove,WH-08,Beta Co,161.55,128.6,24.78,Delivered
SHP-03162,2024-08-10,2024-08-11,2024-08-13,south,QuickMove,WH-03,Omega Industries,294.6,241.5,14.59,Delivered
SHP-04384,2024-04-23,2024-04-24,2024-04-25,West,GlobalFreight,WH-10,Beta Partners,200.88,55.17,20.01,Delivered
SHP-00348,2025-01-19,2025-01-20,2025-01-20,Central,QuickMove,WH-07,Omega LLC,249.44,186.08,12.5,Returned
SHP-04433,2024-09-25,2024-09-26,2024-09-26,South,ReliableCo,WH-07,Acme Inc,250.84,110.63,4.13,Delivered
SHP-04676,2024-03-02,2024-03-05,2024-03-05,Central,FastShip,WH-03,Beta Solutions,93.98,63.86,33.89,Delivered
SHP-02563,2024-12-27,2024-12-30,2024-12-30,East,ReliableCo,WH-06,Global Enterprises,395.22,252.3,40.29,In Transit
SHP-04641,2024-11-20,2024-11-23,2024-11-23,North,FastShip,WH-02,Alpha Solutions,171.29,98.68,25.91,Delivered
SHP-01424,2024-02-25,2024-02-28,2024-02-28,East,ReliableCo,WH-07,Delta Corp,298.57,326.09,28.98,Delivered
SHP-00657,2025-03-07,2025-03-08,2025-03-07,Central,ReliableCo,WH-01,Omega Corp,312.89,322.49,32.74,Delivered
SHP-02103,2024-05-29,2024-05-31,2024-05-31,East,GlobalFreight,WH-09,Omega Inc,167.96,93.4,40.63,Delivered
SHP-00633,2025-04-02,2025-04-07,2025-04-06,West,SpeedEx,WH-04,,840.44,1024.0,10.5,Delivered
SHP-02956,2024-09-21,2024-09-22,2024-09-22,South,QuickMove,WH-06,Omega Inc,176.32,136.17,47.77,Delivered
SHP-02494,2025-06-18,2025-06-21,2025-06-23,South,QuickMove,WH-08,Prime Industries,406.33,346.0,13.75,In Transit
SHP-02666,2024-08-05,2024-08-09,2024-08-09,East,FastShip,WH-02,Prime LLC,568.27,563.97,6.05,Delivered
SHP-03286,2025-01-25,2025-01-28,2025-01-29,West,ReliableCo,WH-09,Global Inc,249.67,181.57,20.3,Delivered
SHP-03741,2025-03-22,2025-03-25,2025-03-25,South,GlobalFreight,WH-10,Sigma Inc,356.87,244.88,19.56,Delivered
SHP-03378,2024-05-04,2024-05-05,2024-05-07,South,QuickMove,WH-07,Alpha Co,124.74,84.35,14.42,Delivered
SHP-03164,2024-12-04,2024-12-06,2024-12-07,West,GlobalFreight,WH-07,Prime Co,605.19,392.29,62.2,Delivered
SHP-04685,2025-02-18,2025-02-19,2025-02-18,South,QuickMove,WH-02,Global Group,302.59,261.51,20.71,Delivered
SHP-02501,2024-11-22,2024-11-25,2024-11-25,North,FastShip,WH-06,Omega Corp,162.86,123.84,21.7,Delivered
SHP-01466,2025-04-23,2025-04-25,2025-04-26,Central,FastShip,WH-07,Acme LLC,515.97,412.66,5.72,Delayed
SHP-02896,2024-06-30,2024-07-03,2024-07-04,East,SpeedEx,WH-01,Sigma Enterprises,226.25,224.22,27.8,Delivered
SHP-00116,2024-03-07,2024-03-09,2024-03-09,North,QuickMove,WH-10,Alpha Partners,795.39,501.12,23.33,Delivered
SHP-01822,2024-09-26,2024-09-30,2024-09-30,North,SpeedEx,WH-06,Global Group,517.92,708.94,41.81,Delivered
SHP-01495,2025-04-16,2025-04-18,2025-04-19,South,ReliableCo,WH-08,Alpha Industries,659.83,526.53,28.23,Delivered
SHP-02402,2024-05-06,2024-05-08,2024-05-09,East,QuickMove,WH-01,Acme Partners,409.24,171.8,27.22,Delivered
SHP-01233,2025-02-24,2025-02-25,2025-02-25,East,QuickMove,WH-07,Beta Ltd,112.81,91.33,4.33,Delayed
SHP-02662,2025-03-24,2025-03-25,2025-03-25,Central,QuickMove,WH-06,Sigma Solutions,152.53,136.72,25.4,Delivered
SHP-02818,2024-12-31,2025-01-04,2025-01-05,West,SpeedEx,WH-07,Acme Partners,471.89,739.7,14.16,Delivered
SHP-04402,2025-04-22,2025-04-23,2025-04-24,East,speedex,WH-02,Omega Ltd,50.6,56.46,23.79,Delivered
SHP-04624,2024-02-04,2024-02-06,2024-02-06,North,QuickMove,WH-04,Beta Group,249.67,137.98,28.24,Delayed
SHP-01154,2024-03-23,2024-03-26,2024-03-26,West,SpeedEx,WH-06,Omega Industries,581.24,647.48,16.17,Delivered
SHP-03929,2025-01-19,2025-01-20,2025-01-21,South,Speed Ex,WH-02,Global LLC,266.18,353.2,11.28,Delivered
SHP-00058,2024-05-03,2024-05-06,2024-05-07,Central,SpeedEx,WH-04,Alpha Group,159.3,146.15,23.37,Delivered
SHP-03468,2025-02-13,2025-02-15,2025-02-15,Central,GlobalFreight,WH-01,Alpha Corp,365.01,117.42,22.99,Delivered
SHP-04338,2024-12-28,2024-12-30,2024-12-30,Central,FastShip,WH-01,Alpha Ltd,407.19,263.05,26.63,Delayed
SHP-02032,2024-05-06,2024-05-07,2024-05-08,East,GlobalFreight,WH-09,Global Industries,200.32,173.02,10.35,Delivered
SHP-01736,2025-04-25,2025-04-26,2025-04-26,Central,GlobalFreight,WH-05,Delta LLC,189.16,187.27,39.34,Delivered
SHP-02824,2025-06-24,2025-06-28,2025-06-29,Central,QuickMove,WH-10,Delta Corp,495.88,,8.49,Delivered
SHP-02197,2025-03-04,2025-03-05,2025-03-06,South,SpeedEx,WH-02,Beta Inc,118.82,149.4,16.29,Delivered
SHP-03629,2024-12-26,2024-12-29,2024-12-29,Central,SpeedEx,WH-09,Sigma Industries,138.9,147.1,26.62,Delivered
SHP-02476,2025-04-03,2025-04-07,2025-04-08,East,FastShip,WH-05,Prime Corp,428.72,292.56,19.51,Delayed
SHP-02565,2024-06-11,2024-06-13,2024-06-13,Central,QuickMove,WH-04,Prime Enterprises,369.27,242.4,19.63,Delivered
SHP-03228,2025-05-05,2025-05-06,2025-05-06,Central,FastShip,WH-01,Global Group,361.09,315.88,12.25,Delivered
SHP-02609,2024-09-22,2024-09-23,2024-09-23,North,GlobalFreight,WH-10,Delta Industries,295.69,199.68,22.77,Delivered
SHP-03734,2024-03-06,2024-03-09,2024-03-11,West,ReliableCo,WH-03,Alpha Solutions,232.47,225.69,14.02,In Transit
SHP-00708,2025-05-24,2025-05-28,2025-05-28,North,SpeedEx,WH-07,Omega Partners,433.06,291.89,10.52,Delivered
SHP-04330,2024-07-24,2024-07-25,2024-07-26,East,SpeedEx,WH-05,Acme Ltd,180.66,245.64,4.98,Delivered
SHP-01094,2024-10-20,2024-10-23,2024-10-23,West,GlobalFreight,WH-01,Beta Corp,127.07,114.15,31.57,Delivered
SHP-04495,2025-02-21,2025-02-25,2025-02-24,west,GlobalFreight,WH-05,Global Inc,821.28,786.26,42.5,Delayed
SHP-01377,2024-06-01,2024-06-02,2024-06-02,East,ReliableCo,,Sigma Corp,183.06,98.81,3.41,Delayed
SHP-04969,2024-01-25,2024-01-28,2024-01-29,South,QuickMove,WH-07,Alpha Industries,615.87,430.18,60.64,Delivered
SHP-00073,2024-02-05,2024-02-06,2024-02-07,South,QuickMove,WH-03,Acme Ltd,289.63,196.71,14.22,Returned
SHP-01923,2024-09-18,2024-09-21,2024-09-21,Central,FastShip,WH-03,Acme Corp,212.65,193.82,13.22,Delivered
SHP-04936,2025-02-21,2025-02-23,2025-02-23,Central,Quick Move,WH-08,Acme Partners,221.16,132.93,20.54,Delivered
SHP-01765,2024-03-07,2024-03-08,2024-03-09,South,FastShip,WH-05,Alpha Industries,208.05,237.79,32.49,In Transit
SHP-00744,2025-05-05,2025-05-08,2025-05-09,North,QuickMove,WH-06,Delta Ltd,107.66,85.18,21.63,Delivered
SHP-03743,2024-01-12,2024-01-14,2024-01-14,North,GlobalFreight,WH-06,Beta Corp,295.0,215.77,16.71,Delivered
SHP-01006,2024-10-24,2024-10-28,2024-10-28,North,ReliableCo,WH-01,Global Group,899.61,341.52,34.76,Delivered
SHP-02669,2024-07-28,2024-07-30,2024-07-30,South,QuickMove,WH-09,Omega Ltd,144.94,80.05,14.05,In Transit
SHP-01191,2024-07-01,2024-07-02,2024-07-02,North,SpeedEx,WH-08,Alpha Partners,114.21,144.81,26.28,Delivered
SHP-03260,2025-04-05,2025-04-08,2025-04-08,West,Speed Ex,WH-07,Prime Corp,748.19,954.29,51.26,Delivered
SHP-02602,2024-08-16,2024-08-17,2024-08-18,Central,FastShip,WH-03,Prime Partners,190.01,164.95,11.88,In Transit
SHP-01126,2024-01-03,2024-01-05,2024-01-04,West,QuickMove,WH-08,Global Enterprises,137.65,74.56,26.82,Delivered
SHP-01242,2024-09-09,2024-09-10,2024-09-10,Central,QuickMove,WH-01,Omega Partners,165.11,100.06,43.97,Delivered
SHP-04198,2025-03-07,2025-03-10,2025-03-09,central,QuickMove,WH-09,Sigma Ltd,191.9,,18.76,Delivered
SHP-04177,2024-08-29,2024-08-31,2024-08-31,Central,SpeedEx,WH-08,Acme Enterprises,143.83,196.0,11.24,Delivered
SHP-04326,2025-01-20,2025-01-22,2025-01-21,East,GlobalFreight,WH-10,Sigma Inc,83.74,44.04,6.74,In Transit
SHP-00999,2024-07-05,2024-07-06,2024-07-07,West,FastShip,WH-08,Sigma Ltd,74.79,40.41,20.49,Delivered
SHP-03459,2024-11-07,2024-11-09,2024-11-10,West,ReliableCo,WH-04,Omega Corp,248.15,126.17,63.08,Delivered
SHP-02685,2024-04-12,2024-04-15,2024-04-15,East,GlobalFreight,WH-01,Omega Enterprises,604.85,288.08,7.25,Delivered
SHP-01578,2024-09-28,2024-09-30,2024-09-30,North,SpeedEx,WH-08,Global LLC,234.85,247.46,46.92,Delivered
SHP-04845,2024-12-31,2025-01-02,2025-01-02,South,ReliableCo,WH-10,Alpha Industries,127.45,87.61,140.93,Delivered
SHP-01827,2024-05-09,2024-05-12,2024-05-10,South,SpeedEx,WH-04,Omega Ltd,321.74,436.09,54.9,Delivered
SHP-03363,2024-12-23,2024-12-26,2024-12-26,East,GlobalFreight,WH-09,Omega Ltd,266.71,225.8,22.16,Delivered
SHP-02297,2024-08-23,2024-08-24,2024-08-24,Central,ReliableCo,WH-04,Delta LLC,220.81,90.12,26.42,Delivered
SHP-03611,2025-05-25,2025-05-28,2025-05-29,Central,QuickMove,WH-05,Prime Corp,519.86,422.36,46.95,Delivered
SHP-00441,2024-07-13,2024-07-15,2024-07-15,Central,ReliableCo,WH-02,Beta Solutions,654.57,500.8,6.54,Delivered
SHP-01105,2024-09-04,2024-09-05,2024-09-04,North,ReliableCo,WH-07,Delta Inc,286.36,194.67,4.25,Delivered
SHP-01101,2025-04-30,2025-05-03,2025-05-05,South,SpeedEx,WH-07,Alpha Inc,327.79,288.52,25.64,Delivered
SHP-04096,2025-01-19,2025-01-22,2025-01-22,Central,FastShip,WH-04,Global LLC,139.36,99.73,24.28,Delivered
SHP-04073,2025-01-01,2025-01-02,2025-01-03,Central,FastShip,WH-09,Omega Inc,288.93,215.82,9.79,Delayed
SHP-00650,2024-07-14,2024-07-17,2024-07-18,NORTH,FastShip,WH-01,Prime Inc,170.03,175.13,14.23,Delivered
SHP-01547,2025-04-06,2025-04-07,2025-04-07,West,Global Freight,WH-02,Sigma LLC,235.88,171.03,45.47,Delivered
SHP-03614,2024-10-19,2024-10-22,2024-10-23,Central,FastShip,WH-04,Omega Partners,231.29,173.43,4.32,In Transit
SHP-03636,2024-06-07,2024-06-10,2024-06-11,North,ReliableCo,WH-02,Acme Inc,297.62,225.53,23.29,In Transit
SHP-03748,2024-12-05,2024-12-09,2024-12-09,north,FastShip,WH-03,Delta Enterprises,407.81,429.29,38.07,Delivered
SHP-04880,2024-11-25,2024-11-26,2024-11-26,North,SpeedEx,WH-02,Sigma Solutions,342.52,274.43,20.85,Delivered
SHP-03820,2024-02-08,2024-02-09,2024-02-08,North,QuickMove,WH-04,Beta LLC,111.31,79.87,23.77,Delivered
SHP-00631,2024-10-23,2024-10-25,2024-10-26,East,GlobalFreight,WH-05,Acme Solutions,271.82,193.06,16.13,Delivered
SHP-00673,2025-06-15,2025-06-16,2025-06-17,South,FastShip,WH-04,Omega Partners,385.32,268.76,16.93,In Transit
SHP-01250,2024-02-02,2024-02-03,2024-02-04,East,SpeedEx,WH-09,Delta Enterprises,374.97,488.21,11.09,In Transit
SHP-00483,2024-03-25,2024-03-27,2024-03-28,NORTH,QuickMove,WH-03,Omega Group,473.7,273.35,28.44,Delivered
SHP-01585,2024-02-23,2024-02-25,2024-02-26,South,QuickMove,WH-02,Global Partners,370.39,264.42,19.46,Delivered
SHP-04538,2024-11-20,2024-11-23,2024-11-24,Central,ReliableCo,WH-05,Beta Group,526.67,380.14,28.79,Delivered
SHP-04680,2024-01-27,2024-01-30,2024-01-29,East,ReliableCo,WH-08,Omega Partners,210.21,224.54,12.65,Delivered
SHP-04063,2024-09-27,2024-09-29,2024-09-30,South,GlobalFreight,WH-02,Omega Industries,322.9,194.83,4.06,Delivered
SHP-01463,2024-03-13,2024-03-14,2024-03-14,Central,FastShip,WH-02,Alpha Corp,140.77,124.79,14.45,Delivered
SHP-04012,2025-03-30,2025-03-31,2025-04-01,West,FastShip,WH-09,Beta Industries,251.36,179.4,7.99,Delivered
SHP-03700,2024-04-26,2024-04-28,2024-04-28,North,QuickMove,WH-10,,446.36,234.86,15.63,Delivered
SHP-00349,2025-06-24,2025-06-28,2025-06-29,Central,SpeedEx,WH-09,Beta Corp,818.96,826.06,22.86,Delivered
SHP-02579,2025-03-31,2025-04-01,2025-04-02,EAST,SpeedEx,WH-06,Acme Ltd,174.15,163.1,38.12,In Transit
SHP-03880,2025-03-23,2025-03-24,2025-03-25,South,ReliableCo,WH-04,Prime Partners,183.79,163.42,22.97,Delivered
SHP-00050,2025-03-05,2025-03-06,2025-03-06,Central,ReliableCo,WH-02,,143.98,109.66,9.02,Delivered
SHP-04339,2024-07-09,2024-07-11,2024-07-11,East,FastShip,WH-02,Acme Enterprises,315.2,356.2,6.72,Delivered
SHP-03124,2024-12-14,2024-12-16,2024-12-16,South,SpeedEx,WH-06,Prime Ltd,127.27,143.38,13.74,Delivered
SHP-00859,2025-02-26,2025-02-27,2025-02-27,South,SpeedEx,WH-08,Sigma Ltd,334.74,558.38,37.42,Delivered
SHP-01073,2024-04-02,2024-04-04,2024-04-05,North,SpeedEx,WH-09,Global Corp,605.15,742.61,14.86,Delivered
SHP-00720,2024-10-01,2024-10-04,2024-10-04,CENTRAL,QuickMove,WH-06,Delta Inc,139.5,101.73,17.62,Delivered
SHP-03227,2025-02-16,2025-02-18,2025-02-17,East,SpeedEx,WH-01,Global Industries,92.12,99.85,8.59,Delivered
SHP-02632,2025-06-04,2025-06-06,2025-06-06,North,SpeedEx,WH-04,Sigma Industries,280.64,269.2,10.35,Delivered
SHP-04929,2024-07-14,2024-07-16,2024-07-15,South,FastShip,WH-10,Prime Solutions,165.83,162.36,18.53,Delayed
SHP-01661,2024-04-01,2024-04-04,2024-04-06,West,SpeedEx,WH-06,Alpha Ltd,126.54,112.2,12.57,Delivered
SHP-01657,2024-06-18,2024-06-20,2024-06-20,North,GlobalFreight,WH-02,Global Solutions,165.22,117.65,55.63,Delivered
SHP-02426,2025-04-01,2025-04-02,2025-04-03,West,FastShip,WH-02,Acme Enterprises,211.11,198.04,20.18,Delivered
SHP-03756,2025-04-29,2025-05-01,2025-05-01,West,GlobalFreight,WH-07,Delta Solutions,368.88,366.46,9.03,Delivered
SHP-04769,2024-11-30,2024-12-01,2024-12-01,East,ReliableCo,WH-07,Delta Co,389.17,193.88,19.51,Delivered
SHP-02232,2024-07-10,2024-07-11,2024-07-11,North,SpeedEx,WH-06,Delta Ltd,125.07,95.33,16.28,Delayed
SHP-03380,2024-03-24,2024-03-27,2024-03-27,West,QuickMove,WH-09,Beta Inc,321.17,311.22,13.48,Delivered
SHP-04527,2024-06-11,2024-06-13,2024-06-14,South,GlobalFreight,WH-10,Beta LLC,433.89,164.86,10.77,Delivered
SHP-03376,2025-02-16,2025-02-18,2025-02-18,North,SpeedEx,WH-03,Acme Group,316.88,409.33,29.27,Delivered
SHP-04806,2024-09-30,2024-10-03,2024-10-04,South,QuickMove,WH-01,Beta LLC,338.64,255.7,36.88,Delivered
SHP-04173,2024-03-19,2024-03-20,2024-03-21,West,QuickMove,WH-07,Alpha Inc,303.84,199.24,23.74,In Transit
SHP-02607,2024-04-17,2024-04-20,2024-04-21,West,ReliableCo,WH-04,Sigma Solutions,138.01,102.4,14.13,Delayed
SHP-01386,2025-06-21,2025-06-24,2025-06-25,Central,QuickMove,WH-07,Alpha Inc,674.19,554.45,17.49,Delivered
SHP-03915,2024-03-24,2024-03-25,2024-03-25,West,FastShip,WH-02,Beta Co,105.36,90.36,12.0,Delivered
SHP-01400,2024-01-03,2024-01-05,2024-01-05,West,ReliableCo,WH-06,Global Inc,312.83,241.72,27.7,Delayed
SHP-01196,2024-03-27,2024-03-28,2024-03-28,North,FastShip,WH-08,Delta Partners,289.3,172.54,10.13,In Transit
SHP-01409,2025-05-27,2025-05-30,2025-05-30,East,QuickMove,WH-04,Prime LLC,267.96,166.6,32.95,Delivered
SHP-03904,2025-06-20,2025-06-22,2025-06-23,East,SpeedEx,WH-01,Sigma Corp,513.2,465.29,31.62,In Transit
SHP-01799,2024-08-04,2024-08-05,2024-08-07,South,QuickMove,WH-09,Omega Industries,232.96,180.48,24.74,Delivered
SHP-01476,2024-11-15,2024-11-16,2024-11-15,North,GlobalFreight,WH-09,Global Co,234.6,130.06,42.19,Delayed
SHP-03287,2024-06-13,2024-06-16,2024-06-17,South,FastShip,WH-03,Alpha Partners,170.75,154.1,37.73,Delivered
SHP-00036,2024-01-12,2024-01-13,2024-01-14,Central,FastShip,WH-01,Sigma Co,280.47,170.77,22.86,Delayed
SHP-03617,2024-12-07,2024-12-10,2024-12-10,East,GlobalFreight,WH-02,Sigma Partners,730.32,827.09,20.54,In Transit
SHP-02346,2024-01-03,2024-01-04,2024-01-04,South,SpeedEx,WH-09,Delta Corp,244.36,191.88,9.94,Delivered
SHP-04094,2024-03-11,2024-03-13,2024-03-15,South,SpeedEx,WH-08,Omega Inc,291.08,266.4,17.22,Delivered
SHP-02360,2025-02-24,2025-02-26,2025-02-26,East,GlobalFreight,WH-07,Acme Inc,262.09,222.27,18.68,Delivered
SHP-02207,2024-03-12,2024-03-14,2024-03-13,North,FastShip,WH-03,Global LLC,415.78,285.97,25.41,Delivered
SHP-03846,2025-04-21,2025-04-24,2025-04-25,CENTRAL,QuickMove,WH-04,Alpha Group,295.27,153.7,9.16,Delivered
SHP-01287,2025-03-10,2025-03-12,2025-03-13,West,FastShip,WH-04,Sigma Group,421.9,350.75,17.32,Delivered
SHP-00350,2024-07-06,2024-07-07,2024-07-07,South,QuickMove,WH-09,Sigma Corp,109.04,89.42,12.68,Delivered
SHP-02138,2024-10-28,2024-10-30,2024-10-31,North,GlobalFreight,WH-08,Omega Partners,188.47,37.94,11.95,Delivered
SHP-02692,2024-09-15,2024-09-17,2024-09-17,Central,FastShip,WH-02,Delta Group,622.57,247.29,60.66,Delivered
SHP-03045,2024-09-24,2024-09-25,2024-09-25,West,GlobalFreight,WH-08,Alpha LLC,74.26,10.68,26.28,Delivered
SHP-03194,2024-01-01,2024-01-02,2024-01-04,South,GlobalFreight,WH-05,Global Ltd,372.69,206.42,25.11,Delivered
SHP-01682,2025-06-11,2025-06-13,2025-06-13,Central,GLOBALFREIGHT,WH-03,Alpha Ltd,181.37,64.88,17.18,Delayed
SHP-04104,2025-02-12,2025-02-17,2025-02-17,North,fastship,WH-10,Acme Solutions,863.15,787.97,11.48,Delivered
SHP-01444,2025-02-22,2025-02-25,2025-02-24,West,GlobalFreight,WH-06,Omega Enterprises,371.87,257.49,8.07,Delivered
SHP-03314,2024-05-29,2024-06-01,2024-06-02,West,GlobalFreight,WH-02,Beta Group,141.9,75.86,17.05,In Transit
SHP-01672,2024-05-17,2024-05-19,2024-05-20,West,SpeedEx,WH-06,Acme Inc,247.07,239.91,10.51,Delayed
SHP-03018,2025-03-31,2025-04-03,2025-04-05,South,ReliableCo,WH-08,,329.56,293.62,35.4,Delayed
SHP-01180,2024-06-05,2024-06-09,2024-06-10,East,SpeedEx,WH-10,Alpha LLC,1025.59,1313.48,21.72,Delivered
SHP-02799,2025-05-31,2025-06-03,2025-06-03,West,SpeedEx,WH-10,Sigma LLC,206.78,209.57,36.41,Delivered
SHP-01693,2024-08-29,2024-08-31,2024-08-31,North,ReliableCo,WH-05,Omega Solutions,658.75,489.84,20.56,Delivered
SHP-03956,2025-04-15,2025-04-18,2025-04-19,Central,GlobalFreight,WH-04,Beta Industries,225.36,198.38,7.63,Delivered
SHP-00373,2025-01-23,2025-01-25,2025-01-25,East,FastShip,WH-03,Global Corp,97.96,75.16,120.39,Delivered
SHP-03689,2025-04-29,2025-05-02,2025-05-02,West,SpeedEx,WH-05,Acme LLC,249.28,337.57,31.16,Delivered
SHP-01917,2024-09-25,2024-09-29,2024-09-30,West,FastShip,WH-08,Global Corp,418.18,290.86,14.31,Delivered
SHP-01358,2024-07-14,2024-07-15,2024-07-15,North,GlobalFreight,WH-10,Prime LLC,154.05,60.72,13.04,Delivered
SHP-01826,2024-09-20,2024-09-23,2024-09-23,Central,ReliableCo,WH-08,Prime Partners,164.58,108.4,25.46,In Transit
SHP-00787,2024-05-18,2024-05-19,2024-05-20,North,FastShip,WH-01,Global Solutions,317.14,235.91,12.2,Delivered
SHP-00470,2024-06-23,2024-06-25,2024-06-25,Central,FastShip,WH-09,Delta Ltd,174.64,104.34,11.43,Delivered
SHP-00141,2025-05-27,2025-05-29,2025-05-30,North,ReliableCo,WH-10,Omega Group,291.16,269.1,15.99,Delayed
SHP-00789,2024-10-11,2024-10-12,2024-10-12,East,GlobalFreight,WH-05,Acme Solutions,50.0,14.42,6.41,Delivered
SHP-00324,2024-07-01,2024-07-03,2024-07-04,Central,FastShip,WH-05,Beta Co,243.8,210.22,18.74,In Transit
SHP-00051,2025-01-27,2025-01-29,2025-01-30,west,ReliableCo,WH-04,Alpha Ltd,303.28,293.16,42.0,Delivered
SHP-00715,2024-07-21,2024-07-22,2024-07-23,North,SpeedEx,WH-10,Acme Corp,159.05,221.87,23.01,Delivered
SHP-04539,2024-10-27,2024-10-30,2024-10-31,East,SpeedEx,WH-03,Prime LLC,149.95,123.36,5.77,Delivered
SHP-02841,2024-04-01,2024-04-03,2024-04-04,North,SpeedEx,WH-03,Prime Ltd,543.33,480.65,21.5,Delivered
SHP-02447,2024-10-29,2024-11-01,2024-11-01,West,ReliableCo,WH-02,Alpha Corp,96.68,76.25,,Delivered
SHP-04868,2024-04-27,2024-04-29,2024-04-29,Central,FastShip,WH-07,Prime Group,503.75,350.56,18.22,Delivered
SHP-04485,2025-01-28,2025-02-01,2025-02-01,East,ReliableCo,WH-02,Global Partners,597.42,573.24,25.94,Delivered
SHP-04663,2024-07-22,2024-07-25,2024-07-26,West,FastShip,WH-02,Global Partners,269.45,347.78,12.6,Delivered
SHP-03081,2025-02-02,2025-02-05,2025-02-05,East,ReliableCo,WH-04,Acme Ltd,355.55,125.89,15.04,Delivered
SHP-02667,2024-05-21,2024-05-24,2024-05-25,West,ReliableCo,WH-05,Alpha Inc,367.45,338.19,38.11,Delivered
SHP-00407,2025-01-10,2025-01-13,2025-01-14,South,SpeedEx,WH-04,Sigma Solutions,752.93,744.03,49.24,Delivered
SHP-03432,2024-02-21,2024-02-23,2024-02-24,East,SpeedEx,WH-08,Beta Industries,160.42,199.01,26.39,Delivered
SHP-01005,2025-04-26,2025-04-28,2025-04-29,West,GlobalFreight,WH-04,Global Corp,183.37,81.54,18.88,Delivered
SHP-04000,2024-10-13,2024-10-16,2024-10-16,South,SpeedEx,WH-02,Sigma Industries,499.8,631.59,29.83,Delayed
SHP-00891,2025-02-17,2025-02-19,2025-02-19,South,QuickMove,WH-05,Alpha Industries,281.37,135.34,46.35,In Transit
SHP-02412,2024-12-01,2024-12-02,2024-12-03,South,fastship,WH-07,Delta LLC,214.84,198.79,19.68,Delivered
SHP-02546,2024-02-02,2024-02-05,2024-02-06,South,QuickMove,,Beta Partners,104.41,80.78,30.98,Delivered
SHP-03535,2024-11-30,2024-12-01,2024-12-01,Central,FastShip,WH-10,Beta Solutions,319.06,156.72,25.61,Delivered
SHP-02391,2024-02-11,2024-02-13,2024-02-13,North,FastShip,WH-05,Beta Enterprises,202.3,189.29,53.17,Delivered
SHP-04023,2024-06-20,2024-06-21,2024-06-20,East,ReliableCo,WH-06,Beta Group,88.26,68.74,34.91,Delivered
SHP-00043,2025-04-06,2025-04-07,2025-04-07,East,GlobalFreight,WH-04,Omega Group,211.19,70.36,11.35,Delivered
SHP-02831,2024-02-13,2024-02-15,2024-02-15,East,ReliableCo,WH-06,Omega Solutions,307.45,,61.72,Delivered
SHP-03405,2024-06-30,2024-07-02,2024-07-02,North,QuickMove,WH-01,Delta Group,304.04,156.77,11.32,Delivered
SHP-00304,2024-02-18,2024-02-21,2024-02-22,South,GlobalFreight,WH-10,Sigma Corp,159.01,81.34,48.11,Delivered
SHP-04564,2025-02-11,2025-02-13,2025-02-13,West,GlobalFreight,WH-08,Omega Inc,157.75,77.1,95.56,Delivered
SHP-03826,2025-01-22,2025-01-25,2025-01-26,North,ReliableCo,WH-08,Prime Enterprises,56.9,48.62,16.53,Delivered
SHP-00665,2024-11-28,2024-11-29,2024-11-30,North,GlobalFreight,WH-06,Beta Corp,127.08,82.8,29.59,Delivered
SHP-01178,2024-08-21,2024-08-24,2024-08-25,South,GlobalFreight,WH-04,Global LLC,434.05,181.21,30.41,Delivered
SHP-02677,2024-02-27,2024-02-28,2024-02-28,west,FastShip,WH-09,Omega Ltd,348.24,297.69,10.74,Delayed
SHP-01948,2024-05-03,2024-05-06,2024-05-07,Central,GlobalFreight,WH-05,Prime Inc,236.35,149.89,11.53,Returned
SHP-02502,2024-11-25,2024-11-28,2024-11-28,East,QuickMove,WH-02,Alpha Co,501.85,401.52,11.62,Delivered
SHP-01474,2024-10-01,2024-10-02,2024-10-02,North,SpeedEx,WH-06,Alpha Partners,105.69,128.18,40.64,Delivered
SHP-03558,2024-07-25,2024-07-26,2024-07-27,East,QuickMove,WH-09,Delta Industries,195.9,147.92,17.44,Delivered
SHP-04002,2024-07-01,2024-07-02,2024-07-03,West,ReliableCo,WH-04,Global Enterprises,300.58,196.34,35.28,Delayed
SHP-02133,2024-10-05,2024-10-07,2024-10-07,Central,QuickMove,WH-07,Acme Industries,448.64,274.48,7.32,Delayed
SHP-01027,2025-01-03,2025-01-05,2025-01-05,West,GlobalFreight,WH-06,Alpha Enterprises,235.67,120.6,51.92,Delayed
SHP-02990,2025-05-07,2025-05-09,2025-05-10,North,FastShip,WH-03,Acme Group,561.67,407.23,42.36,Returned
SHP-00962,2025-03-06,2025-03-08,2025-03-09,East,ReliableCo,WH-04,Prime Inc,642.44,621.99,14.53,Delayed
SHP-02890,2025-06-03,2025-06-05,2025-06-04,Central,FastShip,WH-07,Delta Industries,315.32,273.62,9.2,Delivered
SHP-02207,2024-03-12,2024-03-14,2024-03-13,North,FastShip,WH-03,Global LLC,415.78,285.97,25.41,Delivered
SHP-02010,2025-04-03,2025-04-05,2025-04-04,Central,SpeedEx,WH-03,Global Co,96.37,103.99,97.3,Delivered
SHP-02150,2024-01-09,2024-01-12,2024-01-12,North,SpeedEx,WH-05,Omega Solutions,188.34,156.86,25.58,Delivered
SHP-03616,2024-10-02,2024-10-03,2024-10-03,Central,ReliableCo,WH-01,Beta Industries,123.84,96.38,18.39,Delivered
SHP-02339,2024-09-27,2024-09-29,2024-09-29,Central,QuickMove,WH-10,Prime Group,133.71,64.7,28.16,Delivered
SHP-03971,2024-05-24,2024-05-27,2024-05-28,South,FastShip,WH-09,Alpha Industries,158.82,118.08,43.14,Delayed
SHP-00305,2024-10-19,2024-10-21,2024-10-22,South,ReliableCo,WH-08,Sigma Enterprises,163.35,95.22,,Delayed
SHP-01441,2024-01-28,2024-01-29,2024-01-29,West,FastShip,WH-09,Alpha Inc,249.05,175.03,7.51,Returned
SHP-01497,2024-10-07,2024-10-11,2024-10-11,North,GlobalFreight,WH-03,Beta Inc,635.39,229.29,20.67,In Transit
SHP-02653,2024-09-14,2024-09-16,2024-09-15,Central,QuickMove,WH-03,Acme Group,483.37,328.53,44.06,Delayed
SHP-02876,2024-07-04,2024-07-07,2024-07-07,East,QuickMove,WH-09,Alpha Corp,341.1,258.96,48.5,In Transit
SHP-00917,2025-03-07,2025-03-10,2025-03-10,West,SpeedEx,WH-03,Prime Group,500.52,642.09,30.37,In Transit
SHP-04229,2025-02-24,2025-02-25,2025-02-25,Central,FastShip,WH-01,Alpha Industries,106.87,94.78,14.5,Delivered
SHP-03800,2024-02-21,2024-02-23,2024-02-23,East,Quick Move,WH-08,Sigma Industries,323.34,280.84,47.6,Delivered
SHP-02773,2024-11-09,2024-11-11,2024-11-11,East,FastShip,WH-01,Alpha Group,50.0,46.18,25.3,Delivered
SHP-01625,2024-04-17,2024-04-19,2024-04-20,North,QuickMove,WH-01,Beta LLC,445.13,308.63,15.63,Delivered
SHP-03917,2024-06-24,2024-06-25,2024-06-26,West,FastShip,WH-02,Prime Group,382.9,365.32,4.6,Delivered
SHP-00822,2025-02-10,2025-02-12,2025-02-13,West,QuickMove,WH-04,Sigma Co,95.88,63.95,17.32,Delivered
SHP-03371,2024-09-06,2024-09-10,2024-09-11,South,SpeedEx,WH-01,Delta Enterprises,868.01,1267.32,25.71,Delayed
SHP-01355,2025-05-22,2025-05-24,2025-05-24,South,QuickMove,WH-01,Delta LLC,194.52,125.07,8.8,Delivered
SHP-04548,2025-02-23,2025-02-26,2025-02-26,East,QuickMove,WH-01,Delta Inc,182.23,122.55,15.96,Delayed
SHP-00851,2025-05-16,2025-05-18,2025-05-19,North,GlobalFreight,WH-03,Delta Co,328.61,216.43,18.74,Delivered
SHP-01001,2024-05-05,2024-05-08,2024-05-08,Central,FastShip,WH-08,Alpha Co,145.75,124.28,27.96,Delivered
SHP-04459,2025-05-31,2025-06-02,2025-06-02,West,SpeedEx,WH-04,Omega Co,230.73,274.98,24.43,Delivered
SHP-00019,2025-06-12,2025-06-15,2025-06-16,East,ReliableCo,WH-09,Acme LLC,239.49,54.14,35.71,Delivered
SHP-01638,2025-06-13,2025-06-15,2025-06-16,West,FastShip,WH-10,Delta Ltd,309.43,262.26,45.14,Delivered
SHP-01668,2025-01-19,2025-01-20,2025-01-21,East,FastShip,WH-04,Alpha Group,308.42,273.3,12.6,Delivered
SHP-00494,2024-05-25,2024-05-27,2024-05-27,West,QuickMove,WH-06,Prime Enterprises,362.69,253.2,15.3,Delivered
SHP-01348,2024-06-16,2024-06-18,2024-06-18,South,QuickMove,WH-01,Sigma Partners,110.12,69.38,22.49,Delivered
SHP-03019,2024-10-07,2024-10-08,2024-10-07,West,ReliableCo,WH-06,Prime Industries,291.9,157.94,,Delivered
SHP-03806,2024-04-30,2024-05-03,2024-05-04,West,GlobalFreight,WH-09,Global Inc,272.51,109.41,9.04,Delivered
SHP-04183,2024-07-03,2024-07-04,2024-07-04,Central,QuickMove,WH-09,Prime Inc,261.2,173.74,17.27,Delivered
SHP-03693,2025-05-19,2025-05-20,2025-05-20,East,QuickMove,,Omega Ltd,60.25,39.75,36.63,Delayed
SHP-03556,2024-08-15,2024-08-18,2024-08-19,East,FastShip,WH-03,Beta Industries,395.12,390.56,29.54,Delivered
SHP-00688,2024-12-14,2024-12-17,2024-12-18,West,ReliableCo,WH-02,Prime Enterprises,308.52,339.71,60.41,Returned
SHP-03810,2025-02-01,2025-02-06,2025-02-06,East,QuickMove,WH-04,Alpha Industries,947.71,611.19,130.25,Delayed
SHP-01609,2025-05-09,2025-05-11,2025-05-10,Central,GLOBALFREIGHT,WH-07,Global Solutions,100.59,64.43,15.98,Returned
SHP-04478,2024-01-06,2024-01-07,2024-01-09,South,FastShip,WH-04,Omega Partners,373.38,219.83,11.05,Delivered
SHP-04886,2025-03-07,2025-03-08,2025-03-10,North,GlobalFreight,WH-09,Alpha Ltd,164.06,140.21,26.51,Delivered
SHP-01010,2024-02-19,2024-02-21,2024-02-21,East,SpeedEx,WH-05,Acme Solutions,333.68,365.18,12.4,Delivered
SHP-02409,2024-12-26,2024-12-27,2024-12-27,NORTH,QuickMove,WH-04,Alpha LLC,204.61,141.83,7.5,Delayed
SHP-01093,2025-02-03,2025-02-05,2025-02-06,South,SpeedEx,WH-07,Omega Inc,163.45,108.6,13.71,Delivered
SHP-01328,2024-05-25,2024-05-26,2024-05-25,North,GlobalFreight,WH-08,Acme Ltd,155.18,80.43,47.64,Delivered
SHP-01678,2024-07-28,2024-08-01,2024-08-01,Central,GlobalFreight,WH-08,Global Group,588.37,542.34,54.61,Delivered
SHP-02000,2024-04-22,2024-04-24,2024-04-24,Central,SpeedEx,WH-05,Beta Enterprises,297.73,450.54,86.01,Delivered
SHP-01311,2024-10-12,2024-10-14,2024-10-14,East,SpeedEx,WH-07,Delta Inc,230.17,,31.76,Delivered
SHP-03424,2024-04-30,2024-05-02,2024-05-02,West,FastShip,WH-10,Sigma Corp,720.43,520.29,24.71,Delayed
SHP-01988,2025-04-09,2025-04-12,2025-04-13,North,GlobalFreight,WH-10,Prime Enterprises,439.44,77.05,39.83,Delivered
SHP-03808,2024-01-29,2024-01-30,2024-01-30,East,SpeedEx,WH-07,Omega Solutions,199.53,220.93,,Delivered
SHP-00345,2024-08-12,2024-08-13,2024-08-14,Central,FastShip,WH-03,Sigma Group,163.79,124.34,72.11,In Transit
SHP-04233,2025-06-16,2025-06-17,2025-06-18,North,ReliableCo,WH-01,Beta Partners,178.71,146.43,32.71,Delivered
SHP-00987,2025-06-09,2025-06-11,2025-06-12,East,ReliableCo,WH-07,Prime Industries,191.08,163.85,27.11,Delivered
SHP-03932,2025-05-05,2025-05-07,2025-05-07,North,QuickMove,WH-09,Delta Partners,268.85,225.05,3.74,Delivered
SHP-03886,2025-05-09,2025-05-12,2025-05-11,Central,QuickMove,WH-07,Delta Partners,154.89,109.95,11.57,Delivered
SHP-04362,2025-04-28,2025-05-01,2025-05-02,East,GlobalFreight,WH-06,Beta Ltd,354.45,171.84,18.27,Delivered
SHP-04088,2025-01-17,2025-01-20,2025-01-22,South,FastShip,WH-02,Beta Inc,245.74,114.24,7.43,Delivered
SHP-03159,2025-01-21,2025-01-23,2025-01-23,East,reliable co,WH-03,Delta Enterprises,224.19,169.22,53.03,Delivered
SHP-03097,2024-07-18,2024-07-19,2024-07-20,Central,ReliableCo,WH-04,Alpha Co,193.05,132.1,7.5,In Transit
SHP-01143,2024-12-29,2024-12-31,2025-01-01,South,GlobalFreight,WH-08,Beta Ltd,584.8,246.25,16.29,Delivered
SHP-02359,2024-12-09,2024-12-10,2024-12-11,South,FastShip,WH-07,Delta Solutions,206.62,223.44,7.43,Delivered
SHP-01199,2024-09-16,2024-09-17,2024-09-18,East,FastShip,WH-03,Beta Solutions,228.43,189.02,8.29,Delivered
SHP-00086,2024-07-30,2024-08-01,2024-08-02,West,QuickMove,WH-08,Prime Partners,149.41,108.24,14.09,Delivered
SHP-01519,2024-05-20,2024-05-22,2024-05-24,South,Speed Ex,WH-02,Sigma Ltd,273.41,417.46,11.71,Delivered
SHP-00517,2024-02-07,2024-02-09,2024-02-09,North,ReliableCo,WH-02,Acme Corp,286.92,75.24,18.28,Delivered
SHP-01382,2024-07-07,2024-07-09,2024-07-09,West,SpeedEx,WH-07,Alpha LLC,146.38,201.95,20.27,Delivered
SHP-02717,2024-05-05,2024-05-07,2024-05-08,North,SpeedEx,WH-08,Prime Partners,237.45,271.74,11.52,Delivered
SHP-03152,2025-05-16,2025-05-19,2025-05-20,South,ReliableCo,WH-05,Omega Industries,409.54,331.01,35.05,In Transit
SHP-01015,2024-08-15,2024-08-18,2024-08-19,East,QuickMove,WH-09,Acme Inc,588.35,468.44,17.01,Delayed
SHP-00129,2025-05-21,2025-05-23,2025-05-22,West,QuickMove,WH-08,Sigma Solutions,212.01,136.18,34.08,Delayed
SHP-01365,2025-02-08,2025-02-10,2025-02-11,South,ReliableCo,WH-06,Acme Industries,167.81,91.07,17.42,Delivered
SHP-04117,2025-01-06,2025-01-08,2025-01-08,East,FastShip,WH-09,Sigma Ltd,150.53,128.41,6.87,Delayed
SHP-04061,2024-02-21,2024-02-25,2024-02-25,South,QuickMove,,Delta Inc,816.76,560.41,3.33,Delayed
SHP-03193,2024-05-17,2024-05-19,2024-05-20,South,Fast Ship,WH-09,Delta LLC,211.44,220.89,31.57,Delivered
SHP-00892,2024-07-31,2024-08-02,2024-08-02,West,reliable co,WH-03,Prime Corp,434.86,346.07,42.61,Delivered
SHP-02794,2024-12-05,2024-12-06,2024-12-07,south,SpeedEx,WH-09,Beta Enterprises,120.12,151.99,28.71,Delivered
SHP-04256,2025-01-18,2025-01-21,2025-01-21,North,GlobalFreight,WH-02,Alpha Inc,412.86,307.2,33.15,Delayed
SHP-01360,2024-01-14,2024-01-17,2024-01-18,West,speedex,WH-02,Beta Inc,236.46,280.31,19.26,Delayed
SHP-00308,2025-06-20,2025-06-24,2025-06-26,South,ReliableCo,WH-05,Prime Solutions,436.3,278.58,7.7,Delivered
SHP-01662,2024-11-30,2024-12-03,2024-12-04,East,QuickMove,WH-07,Sigma Group,136.05,102.76,10.43,Delivered
SHP-02432,2024-09-10,2024-09-13,2024-09-14,west,ReliableCo,WH-08,Global Enterprises,155.96,117.04,,Delayed
SHP-04017,2025-04-20,2025-04-22,2025-04-23,South,GlobalFreight,WH-07,Beta Partners,470.89,413.06,13.66,Delivered
SHP-01318,2024-04-25,2024-04-27,2024-04-28,Central,FastShip,WH-08,Sigma Industries,109.78,114.57,122.92,Delivered
SHP-04353,2025-04-03,2025-04-04,2025-04-05,East,QuickMove,WH-04,Omega Corp,53.93,27.9,8.54,Delivered
SHP-02475,2024-02-03,2024-02-05,2024-02-05,Central,FastShip,WH-02,Sigma LLC,187.53,204.77,38.96,In Transit
SHP-02543,2024-03-09,2024-03-11,2024-03-11,central,SpeedEx,WH-06,Beta Ltd,131.81,203.31,37.98,Delivered
SHP-01247,2025-06-08,2025-06-09,2025-06-10,Central,ReliableCo,WH-09,Omega Industries,343.4,242.37,21.08,Delivered
SHP-01209,2025-05-18,2025-05-20,2025-05-21,East,GlobalFreight,WH-08,Beta Group,348.18,9.26,21.44,In Transit
SHP-00217,2024-08-10,2024-08-11,2024-08-12,East,Fast Ship,WH-01,Beta Enterprises,169.41,151.26,25.38,Delivered
SHP-04739,2025-05-23,2025-05-24,2025-05-25,North,GlobalFreight,WH-09,Global Enterprises,162.72,92.91,14.88,Delivered
SHP-03130,2024-09-26,2024-09-28,2024-09-30,North,SpeedEx,WH-10,Omega Partners,327.49,432.97,18.88,Delivered
SHP-01240,2024-03-11,2024-03-12,2024-03-13,Central,ReliableCo,WH-07,Alpha Inc,217.58,160.95,28.56,Returned
SHP-02290,2025-02-23,2025-02-26,2025-02-26,Central,QuickMove,WH-10,Beta Ltd,295.21,247.91,46.24,In Transit
SHP-02741,2025-02-08,2025-02-09,2025-02-09,East,QuickMove,WH-08,Alpha Partners,50.0,31.26,24.63,Delivered
SHP-00276,2024-08-08,2024-08-10,2024-08-09,Central,QuickMove,WH-06,Sigma Solutions,445.33,-404.73,18.22,Delivered
SHP-00490,2024-11-07,2024-11-09,2024-11-11,West,QuickMove,WH-03,Prime Industries,67.94,54.73,23.48,Delivered
SHP-01036,2024-11-17,2024-11-18,2024-11-19,Central,ReliableCo,WH-03,Delta Group,354.72,293.09,24.98,In Transit
SHP-01230,2025-03-15,2025-03-18,2025-03-18,North,SpeedEx,WH-10,Alpha Co,462.94,665.6,49.65,Delayed
SHP-04636,2024-09-02,2024-09-03,2024-09-03,East,ReliableCo,WH-07,Alpha Corp,239.21,151.18,7.13,Delivered
SHP-01009,2024-09-05,2024-09-07,2024-09-07,Central,GlobalFreight,WH-04,Prime Partners,122.65,43.81,39.24,Delayed
SHP-04760,2025-04-18,2025-04-20,2025-04-21,North,SpeedEx,WH-09,Sigma LLC,462.49,515.52,44.27,Delivered
SHP-03996,2025-03-23,2025-03-24,2025-03-24,North,GlobalFreight,WH-01,Global Ltd,73.57,70.79,15.65,Delivered
SHP-04657,2024-06-09,2024-06-11,2024-06-11,North,GlobalFreight,WH-06,Delta LLC,217.22,20.91,39.75,Delivered
SHP-02533,2024-12-23,2024-12-24,2024-12-24,North,GlobalFreight,WH-02,Beta LLC,270.34,188.51,9.72,Delivered
SHP-04216,2024-10-29,2024-10-31,2024-11-01,North,SpeedEx,WH-06,Beta Ltd,423.08,477.85,9.7,Delivered
SHP-01059,2024-02-03,2024-02-04,2024-02-04,North,FastShip,WH-08,Delta Industries,169.61,104.4,8.8,Delivered
SHP-02167,2025-06-16,2025-06-19,2025-06-19,Central,GlobalFreight,WH-07,Alpha Solutions,201.36,61.49,12.42,Delivered
SHP-04145,2024-10-16,2024-10-17,2024-10-19,West,ReliableCo,WH-05,Alpha Inc,104.21,108.49,91.36,Delivered
SHP-04393,2024-12-16,2024-12-18,2024-12-17,West,ReliableCo,WH-08,Alpha Ltd,106.81,124.13,13.87,Delivered
SHP-00282,2025-06-18,2025-06-20,2025-06-20,West,ReliableCo,WH-08,Acme Co,652.01,528.47,11.85,Delivered
SHP-03642,2025-03-17,2025-03-20,2025-03-21,South,GlobalFreight,WH-07,Global Solutions,122.84,47.07,27.35,Delayed
SHP-01317,2024-09-26,2024-09-29,2024-09-29,Central,FastShip,WH-05,Alpha Solutions,500.02,506.93,13.69,Delayed
SHP-00940,2024-08-12,2024-08-14,2024-08-16,South,GlobalFreight,WH-07,Acme LLC,260.36,177.88,19.77,Delivered
SHP-00969,2024-02-05,2024-02-06,2024-02-06,North,FastShip,WH-08,Omega Co,126.67,93.62,46.26,Delivered
SHP-03195,2025-04-17,2025-04-18,2025-04-20,West,QuickMove,WH-04,Prime Partners,127.6,53.81,18.9,Delivered
SHP-04003,2024-02-28,2024-03-01,2024-03-02,West,SpeedEx,WH-08,Sigma Partners,200.97,297.21,34.3,Delivered
SHP-03236,2025-06-15,2025-06-17,2025-06-18,Central,ReliableCo,WH-09,Alpha Solutions,258.81,149.34,49.04,Delivered
SHP-03594,2025-01-01,2025-01-05,2025-01-06,North,GlobalFreight,WH-02,Delta Ltd,646.03,533.28,34.76,Delayed
SHP-00620,2025-05-25,2025-05-28,2025-05-30,West,QuickMove,WH-02,Beta Co,213.04,120.61,32.62,Delivered
SHP-04902,2024-11-03,2024-11-06,2024-11-06,Central,QuickMove,WH-08,Delta Group,226.3,138.09,31.23,Delivered
SHP-01743,2024-01-21,2024-01-22,2024-01-22,Central,QuickMove,WH-01,Acme Enterprises,236.26,140.2,19.37,Delivered
SHP-01391,2024-06-02,2024-06-04,2024-06-05,North,Reliable Co,WH-03,Global Enterprises,130.67,81.68,33.88,Delivered
SHP-04122,2024-03-07,2024-03-09,2024-03-09,West,QuickMove,WH-08,Delta Corp,155.64,101.54,18.76,Returned
SHP-01848,2025-01-10,2025-01-13,2025-01-14,South,Quick Move,WH-06,Delta Co,318.46,263.77,21.21,Delivered
SHP-01580,2024-11-07,2024-11-11,2024-11-11,Central,SpeedEx,WH-07,Prime Industries,987.15,1322.11,18.65,Delivered
SHP-01656,2024-08-30,2024-09-02,2024-09-02,Central,GLOBALFREIGHT,WH-09,Beta Corp,58.73,41.68,19.54,Delivered
SHP-02353,2025-03-05,2025-03-07,2025-03-09,South,GlobalFreight,WH-10,Alpha Group,193.71,114.19,10.64,In Transit
SHP-02213,2024-11-16,2024-11-19,2024-11-20,West,GlobalFreight,WH-05,Omega Solutions,181.33,210.48,11.85,Delivered
SHP-02021,2024-05-21,2024-05-24,2024-05-24,Central,QuickMove,WH-06,Acme Co,161.03,104.2,34.62,Delivered
SHP-02453,2024-12-16,2024-12-18,2024-12-18,West,ReliableCo,WH-03,Global Group,70.58,44.98,12.29,Delivered
SHP-01957,2024-05-29,2024-05-31,2024-06-02,West,SpeedEx,WH-09,Sigma Industries,435.94,473.12,17.21,Delivered
SHP-01308,2024-10-19,2024-10-22,2024-10-24,South,QuickMove,WH-05,Delta Group,350.77,308.94,28.63,Delivered
SHP-02004,2024-11-28,2024-11-30,2024-11-30,South,ReliableCo,WH-01,Beta LLC,228.57,154.18,51.49,Delivered
SHP-04506,2024-11-07,2024-11-09,2024-11-10,West,SpeedEx,WH-05,,239.73,233.17,23.02,Delivered
SHP-00576,2025-02-16,2025-02-18,2025-02-18,East,ReliableCo,WH-01,Beta LLC,459.97,309.66,23.93,Delivered
SHP-02361,2024-09-07,2024-09-08,2024-09-08,west,SpeedEx,WH-09,Beta Ltd,85.21,73.02,21.24,Delivered
SHP-04677,2025-02-05,2025-02-08,2025-02-08,East,FastShip,WH-05,Global Ltd,134.29,158.6,6.17,Delivered
SHP-04487,2025-05-01,2025-05-05,2025-05-05,West,QuickMove,WH-02,Alpha Ltd,623.81,452.25,14.86,Delivered
SHP-01707,2025-01-27,2025-01-29,2025-01-30,South,FastShip,WH-08,Acme Ltd,383.59,240.0,19.91,Delivered
SHP-03821,2025-02-18,2025-02-21,2025-02-21,Central,FastShip,WH-06,Delta Corp,290.02,275.84,33.16,Delivered
SHP-03545,2024-01-10,2024-01-14,2024-01-14,CENTRAL,QuickMove,WH-07,Global Group,598.94,323.04,14.27,Delayed
SHP-01281,2024-09-11,2024-09-14,2024-09-15,South,Fast Ship,WH-08,Sigma Solutions,106.87,86.71,19.13,Delivered
SHP-00862,2024-04-25,2024-04-26,2024-04-25,Central,QuickMove,WH-01,Prime Ltd,371.39,255.83,11.43,Delivered
SHP-04939,2025-02-23,2025-02-24,2025-02-24,East,QuickMove,WH-09,Sigma Inc,252.5,158.95,13.18,Delayed
SHP-01802,2024-08-04,2024-08-07,2024-08-07,North,QUICKMOVE,WH-07,Sigma Solutions,85.95,62.58,56.98,Delayed
SHP-01629,2025-04-01,2025-04-03,2025-04-03,West,SpeedEx,WH-02,Omega Group,154.94,176.07,12.27,Delivered
SHP-01994,2024-05-18,2024-05-19,2024-05-19,Central,SpeedEx,WH-08,Prime Corp,165.2,185.02,25.14,In Transit
SHP-02640,2025-03-20,2025-03-23,2025-03-23,North,GlobalFreight,WH-07,Prime LLC,288.42,164.17,52.17,Delivered
SHP-00270,2024-10-07,2024-10-10,2024-10-10,West,QuickMove,WH-08,Acme Ltd,96.16,81.75,36.42,Delivered
SHP-00630,2024-06-23,2024-06-26,2024-06-25,Central,FastShip,WH-10,Omega LLC,257.63,210.11,11.07,Delivered
SHP-03082,2024-04-06,2024-04-08,2024-04-09,East,ReliableCo,WH-03,Prime Co,432.6,220.93,3.67,Delivered
SHP-02335,2024-10-26,2024-10-30,2024-10-30,Central,SpeedEx,WH-09,Sigma Inc,563.9,624.91,20.39,Delivered
SHP-02967,2024-07-08,2024-07-09,2024-07-09,East,SpeedEx,WH-01,Beta Industries,220.59,238.98,4.23,Delivered
SHP-00301,2025-02-11,2025-02-14,2025-02-14,West,GlobalFreight,WH-08,Prime LLC,263.79,167.95,29.38,Delivered
SHP-00460,2025-05-07,2025-05-10,2025-05-11,North,ReliableCo,WH-07,Omega Industries,123.19,91.58,17.36,Delivered
SHP-01448,2024-03-05,2024-03-07,2024-03-08,West,QuickMove,WH-07,Delta Partners,85.77,46.1,3.47,Delivered
SHP-01473,2025-04-24,2025-04-26,2025-04-26,Central,GlobalFreight,WH-01,Delta Co,62.83,33.4,33.14,Delivered
SHP-02047,2025-05-24,2025-05-27,2025-05-27,East,ReliableCo,WH-03,Beta LLC,252.73,217.73,31.27,Delivered
SHP-04276,2025-05-09,2025-05-10,2025-05-10,North,FastShip,WH-06,Alpha Co,328.97,187.15,93.45,Delivered
SHP-03843,2024-04-05,2024-04-08,2024-04-08,North,SpeedEx,WH-08,Delta Partners,212.32,161.98,59.33,Delivered
SHP-02114,2024-11-12,2024-11-13,2024-11-13,South,QuickMove,WH-10,Sigma Industries,143.82,84.84,33.53,In Transit
SHP-00028,2024-06-23,2024-06-24,2024-06-24,Central,SpeedEx,WH-02,Alpha LLC,285.58,177.15,19.72,Delivered
SHP-03919,2025-03-13,2025-03-16,2025-03-15,South,FastShip,WH-05,Acme Industries,143.38,105.99,13.76,In Transit
SHP-04573,2024-03-16,2024-03-18,2024-03-20,North,SpeedEx,WH-06,Acme Inc,137.05,168.59,20.15,Delivered
SHP-00838,2024-11-15,2024-11-17,2024-11-17,North,FastShip,WH-06,Delta Inc,367.73,283.92,15.82,Delivered
SHP-03906,2024-10-27,2024-10-30,2024-10-30,Central,FastShip,WH-09,Global Enterprises,395.82,329.78,20.51,Delivered
SHP-03438,2024-08-22,2024-08-25,2024-08-25,East,QuickMove,WH-01,Acme LLC,927.22,630.24,19.33,Delivered
SHP-02009,2024-04-14,2024-04-18,2024-04-19,South,Reliable Co,WH-02,Sigma Corp,570.67,390.73,80.62,Delivered
SHP-04963,2024-06-29,2024-07-02,2024-07-03,EAST,ReliableCo,WH-07,Delta Partners,242.97,209.05,29.92,Delivered
SHP-00504,2025-03-16,2025-03-19,2025-03-19,West,GlobalFreight,WH-01,Beta Industries,154.24,130.93,17.54,Delivered
SHP-03277,2024-08-01,2024-08-03,2024-08-02,West,SpeedEx,WH-09,Global Corp,303.38,193.29,35.62,Delivered
SHP-04354,2024-07-21,2024-07-23,2024-07-23,West,GlobalFreight,WH-06,Prime LLC,109.82,47.81,14.29,Delivered
SHP-00381,2024-06-26,2024-06-29,2024-06-30,South,ReliableCo,WH-08,Sigma Inc,509.09,358.76,10.26,Delivered
SHP-01852,2024-01-08,2024-01-10,2024-01-11,East,GlobalFreight,WH-07,,153.96,75.03,32.77,Delivered
SHP-01526,2025-01-08,2025-01-11,2025-01-11,Central,FastShip,WH-04,Global Enterprises,171.96,116.93,25.66,Delayed
SHP-02366,2024-01-16,2024-01-18,2024-01-19,East,ReliableCo,WH-06,Beta Partners,307.58,224.77,24.08,Delivered
SHP-03299,2025-02-19,2025-02-22,2025-02-22,West,ReliableCo,WH-04,Beta Inc,179.33,98.51,7.12,Delayed
SHP-03053,2024-03-18,2024-03-21,2024-03-21,North,FastShip,WH-03,Delta Corp,533.26,342.41,20.0,Delivered
SHP-02885,2025-01-09,2025-01-12,2025-01-13,Central,GlobalFreight,WH-09,Acme Solutions,622.84,490.66,52.4,Delivered
SHP-02341,2024-05-27,2024-05-31,2024-06-01,North,GlobalFreight,WH-03,Alpha Enterprises,575.0,339.97,22.14,Delivered
SHP-00375,2024-02-06,2024-02-09,2024-02-10,West,GlobalFreight,WH-08,Alpha Group,842.95,764.74,30.41,Delivered
SHP-04807,2024-03-09,2024-03-10,2024-03-11,South,SpeedEx,WH-10,Omega Enterprises,158.3,166.87,9.34,Delivered
SHP-02382,2025-02-24,2025-02-27,2025-02-27,East,SpeedEx,WH-07,,140.69,112.94,27.36,Delivered
SHP-04359,2024-01-07,2024-01-09,2024-01-09,Central,Fast Ship,WH-09,Prime Group,773.33,544.88,16.62,Delivered
SHP-00940,2024-08-12,2024-08-14,2024-08-16,South,GlobalFreight,WH-07,Acme LLC,260.36,177.88,19.77,Delivered
SHP-03931,2025-03-07,2025-03-11,2025-03-12,East,FastShip,WH-03,Sigma Solutions,410.88,284.55,14.69,Delivered
SHP-04212,2024-03-29,2024-03-31,2024-04-01,North,SpeedEx,WH-01,Delta Partners,298.81,307.54,24.28,Delivered
SHP-02800,2024-07-19,2024-07-20,2024-07-22,North,reliable co,WH-04,Global Industries,77.66,,19.5,In Transit
SHP-02148,2024-06-08,2024-06-11,2024-06-11,Central,SpeedEx,WH-10,Alpha Co,160.81,235.38,6.39,Delivered
SHP-03927,2025-03-15,2025-03-18,2025-03-19,North,SpeedEx,WH-01,Sigma LLC,141.77,115.59,12.71,Delivered
SHP-04591,2024-08-21,2024-08-25,2024-08-25,Central,QuickMove,WH-02,Prime Inc,512.73,400.67,163.7,Delivered
SHP-04264,2024-11-21,2024-11-25,2024-11-25,East,QuickMove,WH-06,Global LLC,1049.06,799.74,78.07,Delivered
SHP-02069,2024-02-21,2024-02-22,2024-02-23,West,QuickMove,WH-10,Omega Solutions,177.81,104.48,26.17,In Transit
SHP-00530,2024-04-27,2024-04-30,2024-04-30,South,ReliableCo,WH-10,,213.33,50.67,,Delivered
SHP-03809,2025-04-02,2025-04-05,2025-04-05,East,QuickMove,WH-08,Global Partners,216.61,170.19,23.01,Delivered
SHP-00637,2025-04-08,2025-04-11,2025-04-11,Central,FastShip,WH-03,Beta LLC,1049.46,675.18,13.53,In Transit
SHP-01270,2024-12-14,2024-12-16,2024-12-18,South,ReliableCo,WH-07,Sigma Partners,250.83,204.9,56.52,Delivered
SHP-00186,2024-10-22,2024-10-25,2024-10-25,West,GlobalFreight,WH-09,Beta LLC,81.08,33.45,20.46,Delivered
SHP-03898,2025-05-27,2025-05-29,2025-05-28,Central,ReliableCo,WH-05,Prime Enterprises,127.07,73.86,17.19,Delivered
SHP-03249,2024-04-02,2024-04-05,2024-04-04,Central,ReliableCo,WH-02,Delta Co,533.85,,13.72,Delivered
SHP-03527,2025-05-26,2025-05-29,2025-05-30,East,SpeedEx,WH-08,,157.22,244.44,27.86,In Transit
SHP-01798,2025-06-07,2025-06-10,2025-06-09,Central,GlobalFreight,WH-10,Beta Enterprises,206.46,133.67,20.56,Delivered
SHP-02980,2025-03-03,2025-03-04,2025-03-06,South,ReliableCo,WH-06,Omega Corp,389.29,336.69,14.18,Delivered
SHP-01442,2024-11-24,2024-11-27,2024-11-27,East,ReliableCo,WH-09,Prime LLC,260.95,228.41,18.99,Delivered
SHP-03500,2024-08-16,2024-08-17,2024-08-17,West,QuickMove,WH-04,Prime Corp,314.19,225.93,21.65,Delivered
SHP-04930,2024-08-04,2024-08-07,2024-08-07,East,FastShip,WH-02,Global Co,204.01,230.69,25.74,Delivered
SHP-01536,2025-05-24,2025-05-25,2025-05-26,South,FastShip,WH-01,Global Co,182.99,155.09,32.41,Delivered
SHP-03516,2025-06-01,2025-06-03,2025-06-03,North,FastShip,WH-05,Alpha Corp,468.78,337.22,11.93,Delivered
SHP-03189,2025-04-19,2025-04-20,2025-04-21,Central,GlobalFreight,WH-03,Omega Inc,120.43,9.37,15.19,Delivered
SHP-01274,2025-01-02,2025-01-03,2025-01-04,Central,reliable co,WH-04,Global Ltd,106.15,77.17,15.77,Delayed
SHP-02468,2024-01-21,2024-01-23,2024-01-23,East ,ReliableCo,WH-07,Acme Inc,307.3,234.08,8.5,Delivered
SHP-00608,2025-01-21,2025-01-25,2025-01-25,Central,SpeedEx,WH-06,Global Industries,480.4,596.24,9.84,Delivered
SHP-03460,2025-02-14,2025-02-17,2025-02-18,North,GlobalFreight,,Prime Enterprises,420.34,233.45,28.12,Delivered
SHP-01713,2024-12-21,2024-12-24,2024-12-23,Central,QuickMove,WH-01,Alpha Solutions,1116.5,656.46,11.84,Delivered
SHP-02200,2024-11-12,2024-11-15,2024-11-16,South,ReliableCo,WH-09,Delta Group,179.75,179.97,46.13,Delivered
SHP-00956,2025-05-22,2025-05-25,2025-05-25,West,FastShip,WH-08,Global Co,192.49,162.32,22.82,Delivered
SHP-02580,2025-04-16,2025-04-20,2025-04-19,East,QuickMove,WH-03,Prime Enterprises,509.6,414.45,84.97,Delivered
SHP-03980,2025-02-16,2025-02-18,2025-02-19,East,QuickMove,WH-06,Acme LLC,94.24,,12.76,Delivered
SHP-04965,2024-06-26,2024-06-27,2024-06-28,South,ReliableCo,WH-07,Sigma Ltd,205.75,68.78,16.17,Delivered
SHP-04013,2024-10-12,2024-10-14,2024-10-14,North,GlobalFreight,WH-05,Sigma Industries,366.64,361.32,18.01,Delivered
SHP-04901,2024-07-04,2024-07-06,2024-07-06,West,ReliableCo,WH-02,Prime Group,208.79,149.91,13.66,Delayed
SHP-00404,2025-06-18,2025-06-22,2025-06-22,East,GlobalFreight,WH-09,Omega Group,415.66,226.89,187.76,Delivered
SHP-02072,2025-06-06,2025-06-07,2025-06-08,South,SpeedEx,WH-02,Omega Group,133.96,152.44,9.81,Delivered
SHP-04810,2025-03-02,2025-03-05,2025-03-06,West,FastShip,WH-07,Acme Corp,164.03,209.3,25.77,Returned
SHP-01978,2024-08-28,2024-08-29,2024-08-30,South,FastShip,WH-06,Prime Partners,389.05,350.25,29.83,Delivered
SHP-00159,2024-08-10,2024-08-11,2024-08-11,North,FastShip,WH-10,Sigma Ltd,222.56,155.39,6.31,Delivered
SHP-01749,2024-05-20,2024-05-23,2024-05-24,North,FastShip,WH-03,Delta Solutions,431.61,326.03,16.31,Delivered
SHP-02910,2024-02-05,2024-02-07,2024-02-07,South,ReliableCo,WH-06,Sigma Inc,237.54,168.19,30.75,Delivered
SHP-03812,2025-01-31,2025-02-03,2025-02-03,North,SpeedEx,,Delta Partners,337.44,402.19,7.95,Delivered
SHP-00903,2024-11-11,2024-11-14,2024-11-14,West,QuickMove,WH-09,Global Ltd,108.88,76.59,21.71,In Transit
SHP-00353,2024-05-27,2024-05-28,2024-05-29,East,ReliableCo,WH-02,Sigma Partners,201.62,204.77,29.65,Delivered
SHP-01231,2024-04-17,2024-04-21,2024-04-22,West,SpeedEx,WH-10,Global Solutions,663.97,827.87,54.05,Delivered
SHP-04723,2025-01-28,2025-01-30,2025-01-31,Central,SpeedEx,WH-03,Alpha Group,199.5,217.0,25.53,Delivered
SHP-02141,2024-10-25,2024-10-26,2024-10-27,North,FastShip,WH-01,Alpha Partners,192.34,190.27,23.24,Delivered
SHP-00445,2024-02-25,2024-02-26,2024-02-26,Central,SpeedEx,WH-03,Sigma LLC,169.51,168.27,12.37,Delivered
SHP-01519,2024-05-20,2024-05-22,2024-05-24,South,Speed Ex,WH-02,Sigma Ltd,273.41,417.46,11.71,Delivered
SHP-00755,2025-05-11,2025-05-14,2025-05-13,West,Global Freight,WH-07,Sigma Enterprises,98.34,45.69,29.55,Delivered
SHP-01738,2024-04-18,2024-04-19,2024-04-19,East,QuickMove,WH-06,Acme Enterprises,196.24,111.22,45.6,Delivered
SHP-02972,2024-08-30,2024-08-31,2024-08-31,North,GlobalFreight,WH-10,Delta Group,250.71,141.35,15.72,Delivered
SHP-01524,2024-03-05,2024-03-07,2024-03-07,North,FastShip,WH-03,Alpha LLC,221.93,191.05,33.68,Delivered
SHP-02921,2024-12-08,2024-12-09,2024-12-09,West,FastShip,WH-06,Prime Co,135.04,154.33,21.21,In Transit
SHP-00312,2024-03-25,2024-03-28,2024-03-28,East,GlobalFreight,WH-05,Global Enterprises,165.74,101.14,11.72,Delivered
SHP-00549,2024-07-12,2024-07-15,2024-07-15,North,QuickMove,WH-04,Acme Enterprises,824.34,592.68,12.64,Delivered
SHP-00662,2025-03-26,2025-03-28,2025-03-28,West,ReliableCo,WH-02,Prime Industries,127.26,86.01,7.51,Delayed
SHP-04816,2025-05-11,2025-05-13,2025-05-13,west,QuickMove,WH-10,Omega Enterprises,123.54,82.78,13.27,Delivered
SHP-01990,2024-11-12,2024-11-15,2024-11-17,West,speedex,WH-01,Alpha Inc,238.71,268.03,15.39,Delivered
SHP-00307,2024-05-29,2024-05-30,2024-05-30,West,ReliableCo,WH-10,Sigma LLC,218.95,166.13,18.12,Delivered
SHP-02336,2024-04-16,2024-04-18,2024-04-18,East,GlobalFreight,WH-10,Omega Ltd,139.66,142.32,27.43,Delivered
SHP-00695,2024-11-22,2024-11-24,2024-11-25,West,FastShip,WH-07,Sigma Solutions,209.83,176.41,28.1,Delayed
SHP-02357,2024-05-14,2024-05-16,2024-05-17,South,SpeedEx,WH-10,Prime LLC,412.11,352.56,13.08,Delivered
SHP-01928,2024-07-12,2024-07-13,2024-07-13,North,FastShip,WH-09,Delta Corp,158.21,,7.9,Delivered
SHP-00685,2025-04-05,2025-04-06,2025-04-06,North,FastShip,WH-03,Omega Ltd,200.12,216.75,36.52,Delivered
SHP-00750,2024-04-30,2024-05-01,2024-05-01,Central,FastShip,WH-05,Omega Co,285.62,257.09,18.02,Delivered
SHP-03564,2024-12-20,2024-12-21,2024-12-22,Central,ReliableCo,WH-05,Prime Enterprises,130.78,146.88,16.03,Delivered
SHP-03317,2024-01-28,2024-02-01,2024-02-01,central,QuickMove,WH-02,Omega Partners,489.84,331.11,34.38,Delivered
SHP-01267,2024-07-15,2024-07-18,2024-07-18,North,FastShip,WH-09,Omega Partners,382.29,326.75,61.89,Delivered
SHP-03356,2024-05-09,2024-05-10,2024-05-10,West,FastShip,WH-03,Acme Partners,141.59,107.1,16.55,Delivered
SHP-03604,2024-11-21,2024-11-24,2024-11-24,West,ReliableCo,WH-02,Acme Co,146.19,96.65,11.11,Delivered
SHP-04473,2024-07-02,2024-07-05,2024-07-06,West,FastShip,WH-06,Omega Group,63.84,33.15,9.44,Delivered
SHP-04809,2024-07-13,2024-07-15,2024-07-16,south,SpeedEx,WH-03,Delta Solutions,151.51,172.47,52.86,In Transit
SHP-03084,2024-08-08,2024-08-10,2024-08-11,South,ReliableCo,WH-10,Delta Partners,331.57,92.45,8.0,Delivered
SHP-03062,2025-06-15,2025-06-18,2025-06-19,North,FastShip,WH-05,Delta Corp,624.75,554.52,12.63,Delivered
SHP-03026,2024-05-21,2024-05-23,2024-05-23,South,GlobalFreight,WH-02,Alpha Group,91.73,50.91,43.75,Delivered
SHP-00971,2025-01-21,2025-01-24,2025-01-24,Central,FastShip,WH-02,Global Group,293.25,168.16,10.77,In Transit
SHP-00014,2025-05-24,2025-05-26,2025-05-26,Central,Global Freight,WH-06,Prime Enterprises,163.02,148.23,38.55,Delivered
SHP-00874,2024-11-17,2024-11-18,2024-11-18,West,QuickMove,WH-10,Delta Ltd,329.55,247.54,77.84,Delivered
SHP-00809,2024-09-05,2024-09-08,2024-09-09,East,ReliableCo,WH-09,Acme Industries,128.7,63.57,22.93,Delivered
SHP-03199,2024-01-05,2024-01-09,2024-01-10,North,ReliableCo,WH-10,Prime LLC,671.55,839.87,20.43,Delayed
SHP-00515,2025-05-09,2025-05-10,2025-05-10,North,ReliableCo,WH-06,Prime LLC,183.88,147.56,23.0,In Transit
SHP-04523,2025-01-17,2025-01-19,2025-01-20,South,GlobalFreight,WH-08,Global Inc,246.7,216.63,12.52,Delivered
SHP-00410,2024-06-29,2024-07-01,2024-07-01,North,GlobalFreight,WH-07,Delta Co,137.95,168.13,9.51,Delivered
SHP-03481,2025-03-13,2025-03-16,2025-03-17,South,FastShip,WH-08,Prime Corp,420.57,356.14,65.23,In Transit
SHP-04392,2024-05-21,2024-05-23,2024-05-23,North,GlobalFreight,WH-01,Prime Inc,192.59,198.29,14.57,Delivered
SHP-00208,2024-01-17,2024-01-19,2024-01-19,West,ReliableCo,WH-02,Delta LLC,190.16,91.49,10.56,Delivered
SHP-04087,2025-06-22,2025-06-24,2025-06-25,West,SpeedEx,WH-01,Beta Solutions,150.84,165.98,25.7,Delivered
SHP-00459,2025-02-01,2025-02-03,2025-02-03,North,FastShip,WH-05,Global Corp,433.5,328.65,25.87,Returned
SHP-03546,2024-08-20,2024-08-21,2024-08-23,West,ReliableCo,WH-02,Delta Industries,274.57,195.75,13.12,Delayed
SHP-02431,2024-12-26,2024-12-29,2024-12-29,Central,SpeedEx,WH-03,Sigma Ltd,201.39,226.72,20.43,Delayed
SHP-04310,2025-06-14,2025-06-15,2025-06-15,North,QuickMove,WH-06,Acme Enterprises,98.21,63.37,70.31,Delivered
SHP-00111,2024-03-19,2024-03-20,2024-03-20,Central,GlobalFreight,WH-10,Alpha Solutions,308.1,0.01,18.87,Delivered
SHP-03825,2024-02-21,2024-02-23,2024-02-23,East,SpeedEx,WH-05,Acme Inc,167.68,88.06,22.62,Delivered
SHP-01108,2024-11-23,2024-11-26,2024-11-27,South,SpeedEx,WH-09,Delta Industries,260.21,170.36,4.22,Delayed
SHP-01884,2025-04-17,2025-04-18,2025-04-18,North,SpeedEx,WH-01,Alpha Industries,257.95,249.64,9.46,Delivered
SHP-01714,2024-12-11,2024-12-12,2024-12-11,North,ReliableCo,WH-01,Omega Co,249.46,188.21,65.73,Delayed
SHP-04042,2025-06-08,2025-06-11,2025-06-11,Central,QuickMove,WH-07,Delta Enterprises,183.6,128.08,11.95,Delivered
SHP-03472,2024-08-16,2024-08-18,2024-08-18,East,SpeedEx,WH-03,Acme Enterprises,560.85,736.77,12.63,Delivered
SHP-00553,2024-10-27,2024-10-28,2024-10-28,Central,FastShip,WH-05,Acme Ltd,202.79,134.34,30.67,Delivered
SHP-01440,2024-01-31,2024-02-01,2024-02-01,North,SpeedEx,WH-06,Global Industries,344.55,334.33,36.5,Delivered
SHP-02271,2024-03-24,2024-03-25,2024-03-26,West,QuickMove,WH-02,Omega Partners,229.42,157.35,24.82,Delayed
SHP-03145,2024-02-08,2024-02-12,2024-02-12,Central,GlobalFreight,WH-07,Omega Partners,623.6,140.98,9.03,Delayed
SHP-02822,2025-04-28,2025-04-29,2025-04-29,East,FastShip,WH-04,Beta LLC,166.18,128.2,7.72,Delayed
SHP-04836,2024-01-11,2024-01-12,2024-01-12,West,GlobalFreight,WH-06,Alpha Solutions,201.67,116.35,48.69,Delayed
SHP-01926,2025-02-25,2025-02-28,2025-02-28,south,ReliableCo,WH-05,Acme Ltd,417.85,258.48,40.29,Delivered
SHP-00635,2024-02-01,2024-02-04,2024-02-04,Central,GlobalFreight,WH-02,,439.44,99.44,20.87,Delivered
SHP-04977,2025-04-17,2025-04-19,2025-04-18,North,ReliableCo,WH-07,Beta Solutions,336.4,169.3,23.97,Delivered
SHP-00317,2024-01-29,2024-01-31,2024-01-30,Central,QuickMove,WH-07,Prime Inc,270.86,186.59,10.67,In Transit
SHP-04265,2024-12-31,2025-01-01,2025-01-01,North,QuickMove,WH-04,Omega Co,393.05,272.5,11.21,Delayed
SHP-04753,2025-04-30,2025-05-03,2025-05-04,South,GlobalFreight,WH-05,Omega Enterprises,395.08,58.6,16.72,Delivered
SHP-01329,2024-08-14,2024-08-17,2024-08-17,Central,ReliableCo,WH-04,Prime Co,150.95,93.39,16.74,Delivered
SHP-00428,2024-05-08,2024-05-11,2024-05-11,East,ReliableCo,WH-10,Delta Group,225.97,219.51,18.46,Delivered
SHP-04795,2024-05-06,2024-05-09,2024-05-09,East,Quick Move,WH-02,Beta Inc,361.15,310.07,42.06,Delivered
SHP-00106,2024-06-21,2024-06-25,2024-06-26,East,FastShip,WH-02,,842.56,684.71,39.65,Delivered
SHP-03042,2025-02-14,2025-02-18,2025-02-19,Central,FastShip,WH-04,Delta Corp,623.29,465.25,18.91,Delivered
SHP-00143,2024-10-24,2024-10-25,2024-10-25,Central,QuickMove,WH-04,Omega Ltd,79.64,55.9,64.94,Delayed
SHP-02170,2024-05-04,2024-05-06,2024-05-07,South,QuickMove,WH-07,Alpha Inc,277.13,205.73,6.53,Delivered
SHP-03401,2024-09-18,2024-09-21,2024-09-21,East,FastShip,WH-03,Global LLC,143.39,160.96,51.59,Delivered
SHP-00090,2024-07-14,2024-07-15,2024-07-16,South,speedex,WH-05,Delta Ltd,241.99,285.71,11.26,Delivered
SHP-02919,2025-03-22,2025-03-24,2025-03-24,Central,FastShip,WH-02,Global Group,110.49,59.75,11.47,Returned
SHP-03238,2024-08-11,2024-08-15,2024-08-16,South,SpeedEx,WH-02,Global Enterprises,804.34,1016.26,6.9,Delivered
SHP-02242,2024-08-07,2024-08-08,2024-08-07,West,QuickMove,WH-09,Sigma Group,365.12,242.32,24.72,In Transit
SHP-03175,2025-01-08,2025-01-10,2025-01-10,Central,SpeedEx,WH-08,Sigma Enterprises,574.76,433.01,13.92,In Transit
SHP-03485,2025-06-28,2025-06-29,2025-06-29,west,QuickMove,WH-03,Delta Co,131.32,107.79,23.84,Returned
SHP-02164,2024-04-21,2024-04-22,2024-04-22,North,ReliableCo,WH-06,Acme Group,342.99,310.77,8.83,Delivered
SHP-02637,2024-12-31,2025-01-03,2025-01-04,South,ReliableCo,WH-02,Delta Corp,208.43,171.09,37.81,Delivered
SHP-01950,2025-02-20,2025-02-23,2025-02-23,South,FastShip,WH-06,Sigma Group,109.48,95.42,5.56,Delivered
SHP-01769,2024-06-18,2024-06-20,2024-06-21,North,ReliableCo,WH-08,Omega LLC,107.42,96.29,48.34,Delivered
SHP-03354,2025-01-26,2025-01-27,2025-01-28,East,ReliableCo,WH-08,Acme Industries,343.92,249.19,39.79,Delivered
SHP-02273,2024-10-12,2024-10-13,2024-10-13,East,QuickMove,WH-02,Acme Solutions,226.18,174.1,15.75,Delivered
SHP-00002,2024-11-23,2024-11-24,2024-11-24,West,GlobalFreight,WH-02,Omega Industries,212.62,228.3,34.37,Delivered
SHP-03353,2024-06-28,2024-07-02,2024-07-02,West,QuickMove,WH-04,Beta LLC,839.21,,26.92,Delivered
SHP-04423,2025-04-19,2025-04-21,2025-04-21,West,SpeedEx,WH-05,Global Group,70.23,95.64,19.31,Delivered
SHP-01952,2024-09-16,2024-09-18,2024-09-18,North,ReliableCo,WH-01,Sigma Partners,222.22,185.68,67.1,Delivered
SHP-00936,2024-07-03,2024-07-06,2024-07-07,NORTH,SpeedEx,WH-07,Beta Co,159.36,188.12,22.59,Delivered
SHP-04346,2024-01-13,2024-01-19,2024-01-18,Central,GlobalFreight,WH-03,Omega Partners,1545.04,1561.62,15.24,Delivered
SHP-02721,2024-12-29,2025-01-01,2025-01-01,North,ReliableCo,WH-04,Omega Solutions,146.87,96.0,23.8,Delayed
SHP-03561,2024-01-13,2024-01-14,2024-01-15,South,ReliableCo,WH-10,Omega Enterprises,185.13,74.2,17.68,Delivered
SHP-01110,2024-02-12,2024-02-14,2024-02-15,North,FastShip,WH-08,Acme Inc,494.76,395.27,28.51,Delivered
SHP-03665,2024-03-04,2024-03-07,2024-03-07,South,GlobalFreight,WH-03,Prime Inc,278.31,204.77,22.93,Delivered
SHP-00592,2024-12-20,2024-12-22,2024-12-23,North,FastShip,WH-05,Prime Co,167.74,129.1,6.08,Delivered
SHP-01696,2024-12-05,2024-12-07,2024-12-07,West,GlobalFreight,WH-03,Beta Partners,503.29,310.71,16.68,Delivered
SHP-04529,2024-08-05,2024-08-06,2024-08-07,West,FastShip,WH-01,Beta Co,303.79,295.48,28.29,Delivered
SHP-02937,2024-12-14,2024-12-18,2024-12-19,Central,FastShip,WH-07,Beta Solutions,413.16,377.15,2.4,Delivered
SHP-04252,2025-01-26,2025-01-27,2025-01-26,West,ReliableCo,,Beta Inc,143.79,122.59,23.88,Delivered
SHP-03484,2024-03-25,2024-03-28,2024-03-28,West,GlobalFreight,WH-09,Beta LLC,155.72,103.14,15.2,Delivered
SHP-01577,2024-05-02,2024-05-05,2024-05-06,North,FastShip,WH-05,,76.07,55.41,36.59,Delivered
SHP-04038,2024-12-11,2024-12-12,2024-12-12,North,SpeedEx,WH-08,Delta LLC,172.85,187.86,45.03,Delivered
SHP-00214,2025-05-14,2025-05-17,2025-05-18,West,GlobalFreight,WH-08,Omega Inc,166.93,171.29,13.47,Returned
SHP-00779,2025-06-19,2025-06-21,2025-06-21,West,SpeedEx,WH-04,Acme Inc,204.28,244.57,23.95,Delivered
SHP-01416,2024-10-28,2024-10-30,2024-10-30,South,GlobalFreight,,,236.78,142.59,7.14,Delivered
SHP-03838,2024-07-17,2024-07-20,2024-07-19,West,SpeedEx,WH-01,Omega Industries,95.31,95.52,10.78,Delivered
SHP-02044,2024-05-02,2024-05-03,2024-05-04,South,GlobalFreight,WH-09,Prime LLC,286.43,131.41,44.03,Delivered
SHP-02849,2024-06-07,2024-06-10,2024-06-09,North,FastShip,WH-03,Acme Solutions,335.33,243.06,12.38,Delivered
SHP-04588,2024-08-23,2024-08-26,2024-08-26,North,SpeedEx,WH-06,Delta Partners,318.67,331.31,16.41,Delayed
SHP-04404,2025-03-18,2025-03-20,2025-03-22,West,QuickMove,WH-09,Prime LLC,376.44,265.44,11.34,Delivered
SHP-03892,2025-03-27,2025-03-31,2025-03-31,Central,QuickMove,WH-04,Delta LLC,776.58,477.67,56.02,Delivered
SHP-01568,2024-07-04,2024-07-06,2024-07-07,West,SpeedEx,WH-01,Beta Co,437.16,441.28,33.76,Returned
SHP-00166,2024-10-13,2024-10-16,2024-10-16,North,GlobalFreight,WH-02,Delta Partners,173.43,102.36,13.73,Delivered
SHP-04768,2024-01-10,2024-01-11,2024-01-12,North,Quick Move,WH-07,Delta Partners,272.54,159.5,26.0,Delivered
SHP-03661,2025-04-25,2025-04-29,2025-04-30,North,SpeedEx,WH-05,Alpha Group,834.61,504.15,13.96,Delivered
SHP-04982,2024-04-21,2024-04-23,2024-04-23,Central,ReliableCo,WH-03,Beta Solutions,448.89,277.0,6.61,Delayed
SHP-01344,2025-01-11,2025-01-13,2025-01-14,South,QuickMove,WH-06,Delta Co,126.76,94.2,33.71,Delivered
SHP-02014,2025-06-10,2025-06-13,2025-06-13,South,ReliableCo,WH-06,Prime Industries,189.76,121.91,27.84,Delivered
SHP-00274,2024-04-10,2024-04-12,2024-04-12,Central,GlobalFreight,WH-10,Prime Ltd,378.64,310.4,18.98,Delivered
SHP-00072,2024-03-13,2024-03-16,2024-03-15,North,GlobalFreight,WH-10,Beta Inc,879.91,487.88,30.32,Delivered
SHP-04628,2024-08-25,2024-08-26,2024-08-26,West,ReliableCo,WH-06,Delta Corp,207.6,171.53,35.61,Delivered
SHP-01088,2024-08-08,2024-08-10,2024-08-10,East,SpeedEx,WH-10,,139.18,82.25,20.76,Delivered
SHP-00395,2024-10-19,2024-10-21,2024-10-22,West,GlobalFreight,WH-04,Beta LLC,92.84,35.25,11.39,In Transit
SHP-00584,2025-06-19,2025-06-20,2025-06-20,Central,FastShip,WH-01,Acme Solutions,98.42,96.8,30.04,Delivered
SHP-01368,2024-02-24,2024-02-25,2024-02-25,East,FastShip,WH-02,,201.14,216.69,26.24,Delivered
SHP-02348,2025-05-02,2025-05-05,2025-05-06,East,ReliableCo,WH-01,Delta Group,453.18,329.04,57.97,Delivered
SHP-04695,2024-02-07,2024-02-09,2024-02-10,South,FastShip,WH-10,Alpha Industries,163.88,133.77,9.57,Delivered
SHP-02549,2024-02-20,2024-02-22,2024-02-22,Central,GlobalFreight,WH-03,Global Solutions,467.02,233.33,29.84,Delivered
SHP-01014,2024-08-02,2024-08-03,2024-08-03,North,FastShip,WH-02,Prime LLC,322.52,224.81,23.21,Delivered
SHP-04953,2024-01-06,2024-01-09,2024-01-10,South,ReliableCo,WH-08,Global Corp,456.53,523.42,107.19,Delivered
SHP-03004,2024-10-07,2024-10-08,2024-10-09,North,GlobalFreight,WH-07,Beta Solutions,166.02,100.56,13.95,Delivered
SHP-04843,2024-02-02,2024-02-04,2024-02-04,South,ReliableCo,WH-06,Delta Enterprises,697.6,541.33,22.77,Delivered
SHP-04086,2024-07-19,2024-07-20,2024-07-21,North,FastShip,WH-10,Acme Co,223.87,175.3,39.48,Returned
SHP-03607,2024-02-14,2024-02-17,2024-02-18,North,GlobalFreight,WH-02,Delta Partners,189.29,88.57,11.41,In Transit
SHP-01764,2024-12-28,2025-01-01,2025-01-02,West,ReliableCo,WH-03,Beta Partners,459.45,357.73,6.0,Returned
SHP-01876,2025-06-24,2025-06-28,2025-06-28,West,SpeedEx,WH-07,Acme Industries,689.12,887.83,21.54,Delivered
SHP-01260,2024-10-14,2024-10-17,2024-10-17,North,FastShip,WH-02,Delta Co,907.83,992.79,26.26,Delivered
SHP-03345,2025-03-22,2025-03-25,2025-03-25,East,QuickMove,WH-02,Global Ltd,189.07,158.44,29.71,Delivered
SHP-04581,2025-01-20,2025-01-23,2025-01-25,South,FastShip,WH-10,Delta Industries,271.87,227.36,9.61,Returned
SHP-02254,2024-12-14,2024-12-15,2024-12-15,West,GlobalFreight,WH-02,Prime Solutions,53.92,28.89,10.14,Delivered
SHP-02782,2024-06-16,2024-06-19,2024-06-20,East,SpeedEx,WH-02,Global Co,462.42,390.95,9.39,Delivered
SHP-03671,2024-08-21,2024-08-23,2024-08-24,South,QuickMove,WH-10,Delta Co,161.46,128.17,47.2,Delayed
SHP-00527,2024-08-27,2024-08-29,2024-08-30,West,FastShip,WH-08,Global Group,119.86,85.69,31.4,Delivered
SHP-03494,2025-04-26,2025-04-27,2025-04-27,West,ReliableCo,WH-05,Alpha Corp,267.42,214.56,15.93,Delivered
SHP-02947,2025-05-23,2025-05-26,2025-05-26,North,QuickMove,WH-03,Beta Group,123.74,78.5,43.73,Delivered
SHP-00378,2024-10-25,2024-10-28,2024-10-28,East,SpeedEx,WH-09,Beta Inc,258.02,210.18,17.54,Delivered
SHP-01560,2024-02-04,2024-02-07,2024-02-08,South,FastShip,WH-10,Omega Inc,167.53,123.4,25.85,Returned
SHP-03900,2025-03-15,2025-03-17,2025-03-16,East,GlobalFreight,WH-03,Alpha Enterprises,311.89,285.94,6.98,Delivered
SHP-01964,2024-08-15,2024-08-17,2024-08-18,West,SpeedEx,WH-08,Acme Enterprises,303.73,258.12,11.04,In Transit
SHP-04787,2024-11-23,2024-11-26,2024-11-27,East,Speed Ex,WH-04,,462.91,517.87,24.32,Delivered
SHP-00349,2025-06-24,2025-06-28,2025-06-29,Central,SpeedEx,WH-09,Beta Corp,818.96,826.06,22.86,Delivered
SHP-02435,2024-11-20,2024-11-21,2024-11-21,West,ReliableCo,WH-04,Prime Ltd,314.54,293.97,26.69,In Transit
SHP-02247,2024-09-10,2024-09-13,2024-09-15,South,FastShip,WH-02,Acme Solutions,213.75,159.94,13.07,Delivered
SHP-04213,2024-09-06,2024-09-07,2024-09-07,East,FastShip,WH-09,Omega Enterprises,324.6,360.31,23.66,Delivered
SHP-01710,2025-02-01,2025-02-05,2025-02-04,North,QuickMove,WH-04,Prime LLC,427.03,274.23,16.77,Delivered
SHP-01051,2024-08-06,2024-08-08,2024-08-08,Central,FastShip,WH-03,Sigma Solutions,283.21,198.86,10.19,In Transit
SHP-00591,2024-04-25,2024-04-26,2024-04-26,North,FastShip,WH-10,Sigma Ltd,131.94,82.02,43.77,In Transit
SHP-00520,2024-07-21,2024-07-22,2024-07-23,Central,ReliableCo,WH-01,Beta Corp,354.06,255.67,14.66,Delivered
SHP-03381,2024-09-25,2024-09-28,2024-09-28,East,FastShip,WH-03,Beta LLC,188.46,196.31,15.47,Delivered
SHP-04544,2024-12-07,2024-12-10,2024-12-11,West,SpeedEx,WH-08,Delta Partners,145.99,150.09,15.35,Delivered
SHP-04170,2024-04-15,2024-04-17,2024-04-17,west,SpeedEx,WH-01,Delta Ltd,145.74,149.14,20.16,Delivered
SHP-02478,2024-04-08,2024-04-10,2024-04-11,North,FastShip,WH-08,Prime Enterprises,462.71,408.45,39.55,Delivered
SHP-01084,2025-03-08,2025-03-11,2025-03-11,East,FastShip,WH-01,Prime Inc,384.84,354.42,12.78,Delayed
SHP-03667,2025-06-15,2025-06-18,2025-06-19,Central,GLOBALFREIGHT,WH-09,Delta LLC,402.09,253.4,92.23,Delivered
SHP-04833,2024-10-28,2024-10-30,2024-10-30,East,FastShip,WH-08,Delta Co,479.02,428.07,12.74,Delayed
SHP-04560,2025-05-10,2025-05-12,2025-05-12,Central,SpeedEx,WH-09,Sigma Enterprises,98.21,99.16,15.4,Delivered
SHP-01295,2024-08-08,2024-08-09,2024-08-09,South,Fast Ship,WH-04,Prime Industries,112.06,93.15,20.31,Delivered
SHP-01810,2024-05-01,2024-05-04,2024-05-04,Central,QuickMove,WH-02,Beta LLC,209.72,127.23,,Delivered
SHP-00792,2025-02-07,2025-02-08,2025-02-07,West,ReliableCo,WH-02,Prime Enterprises,122.41,82.26,22.44,Delivered
SHP-00793,2025-02-12,2025-02-15,2025-02-16,South,SpeedEx,WH-04,Prime Group,230.91,199.41,30.75,Delivered
SHP-04161,2024-06-25,2024-06-26,2024-06-26,East,ReliableCo,WH-04,Beta Ltd,256.69,204.19,9.36,Delivered
SHP-01856,2025-01-03,2025-01-04,2025-01-04,Central,QuickMove,WH-03,Sigma Enterprises,189.24,111.0,41.28,Delivered
SHP-04812,2024-06-08,2024-06-09,2024-06-09,West,QuickMove,WH-03,Global Group,294.09,179.86,32.65,Delivered
SHP-01981,2024-02-22,2024-02-25,2024-02-25,East,FastShip,WH-06,Sigma Group,537.2,355.36,49.52,Delivered
SHP-03234,2024-09-14,2024-09-16,2024-09-16,Central,FastShip,WH-10,Acme LLC,430.91,439.55,7.95,Delivered
SHP-03991,2024-11-12,2024-11-14,2024-11-14,Central,FastShip,WH-05,Global LLC,104.56,64.2,22.34,Delivered
SHP-04896,2025-04-29,2025-05-02,2025-05-02,West,GlobalFreight,WH-08,Beta Solutions,139.53,97.11,38.86,Delivered
SHP-03329,2024-04-15,2024-04-16,2024-04-16,West,QuickMove,WH-07,Delta Ltd,360.55,276.99,24.6,Delivered
SHP-01531,2024-03-26,2024-03-27,2024-03-28,West,FastShip,WH-08,Prime LLC,228.45,168.08,23.27,Delivered
SHP-01411,2025-02-19,2025-02-22,2025-02-22,South,SpeedEx,WH-02,Global Enterprises,392.23,153.65,52.01,Delivered
SHP-04344,2025-06-03,2025-06-04,2025-06-05,West,SpeedEx,WH-09,Sigma Inc,285.24,169.98,25.05,Delivered
SHP-04701,2024-11-01,2024-11-04,2024-11-06,South,GlobalFreight,WH-02,Prime Co,206.44,47.6,42.86,Delayed
SHP-00084,2025-03-23,2025-03-25,2025-03-25,central,SpeedEx,WH-10,Acme Inc,256.08,344.11,18.12,Delivered
SHP-00869,2025-05-03,2025-05-06,2025-05-06,South,FastShip,WH-02,Omega Ltd,252.49,,8.17,Returned
SHP-02351,2024-02-01,2024-02-04,2024-02-04,South,FastShip,WH-07,Prime Solutions,375.83,229.98,,Delivered
SHP-00021,2025-01-29,2025-01-30,2025-01-30,North,ReliableCo,WH-09,Prime Inc,214.48,224.25,13.97,Delayed
SHP-03497,2024-02-16,2024-02-17,2024-02-17,North,ReliableCo,WH-06,Beta Group,316.14,244.08,43.62,Delivered
SHP-02796,2024-10-22,2024-10-25,2024-10-25,East,FastShip,WH-03,Prime Group,50.0,48.23,15.28,Delivered
SHP-04623,2024-05-28,2024-05-31,2024-05-31,North,GlobalFreight,WH-09,Beta Enterprises,226.67,35.16,20.01,In Transit
SHP-01563,2025-01-26,2025-01-27,2025-01-27,Central,FastShip,WH-06,Delta Inc,88.54,67.69,15.64,Delivered
SHP-03094,2024-08-31,2024-09-03,2024-09-04,South,ReliableCo,WH-04,Global Corp,337.91,196.35,20.97,Delivered
SHP-03156,2025-01-29,2025-02-01,2025-02-01,North,ReliableCo,WH-10,Beta Partners,183.08,111.11,19.47,Delivered
SHP-00974,2024-07-31,2024-08-01,2024-08-01,East,reliable co,WH-02,Global Industries,151.42,101.66,40.49,In Transit
SHP-01711,2025-06-02,2025-06-03,2025-06-03,South,SpeedEx,WH-05,Alpha Enterprises,167.05,261.89,11.07,Delayed
SHP-03202,2025-05-14,2025-05-15,2025-05-15,Central,SpeedEx,WH-10,Sigma Partners,137.52,144.04,16.04,Delivered
SHP-04069,2024-10-25,2024-10-27,2024-10-27,North,SpeedEx,WH-03,Sigma LLC,118.99,144.2,15.11,Delivered
SHP-04874,2025-03-01,2025-03-04,2025-03-04,East,ReliableCo,WH-08,Sigma Ltd,252.54,139.93,11.46,Delivered
SHP-01099,2025-03-15,2025-03-18,2025-03-19,North,ReliableCo,WH-05,Acme Partners,297.26,272.86,7.77,Delivered
SHP-04208,2025-02-21,2025-02-25,2025-02-25,East,SpeedEx,WH-01,Alpha Corp,512.23,824.03,35.7,Delivered
SHP-02845,2025-02-20,2025-02-21,2025-02-22,East,SpeedEx,WH-01,Acme Corp,243.47,303.42,20.9,Delivered
SHP-00887,2025-02-04,2025-02-08,2025-02-09,East,ReliableCo,WH-03,Global Inc,558.86,495.94,56.07,Returned
SHP-04987,2024-02-14,2024-02-16,2024-02-16,North,GlobalFreight,WH-03,Alpha Partners,695.42,362.41,23.62,In Transit
SHP-04191,2024-03-05,2024-03-08,2024-03-09,East,SpeedEx,WH-03,Omega Partners,167.69,174.11,15.06,Delivered
SHP-04631,2024-06-22,2024-06-25,2024-06-26,South,ReliableCo,WH-01,Beta Group,184.75,98.81,15.06,Delivered
SHP-03807,2024-04-13,2024-04-14,2024-04-15,East,SpeedEx,WH-02,Sigma Industries,294.38,363.77,19.7,Delivered
SHP-04451,2024-04-19,2024-04-23,2024-04-23,North,SpeedEx,WH-10,Prime Inc,493.37,499.75,22.98,Delivered
SHP-00516,2024-07-24,2024-07-26,2024-07-27,West,ReliableCo,WH-08,Acme LLC,407.7,337.62,18.69,Delivered
SHP-04673,2024-09-18,2024-09-19,2024-09-19,East,SpeedEx,WH-03,Global Partners,195.46,176.72,10.83,Delivered
SHP-00738,2025-06-20,2025-06-21,2025-06-20,Central,FastShip,WH-07,Global Inc,218.74,225.49,34.61,Delivered
SHP-01454,2024-10-19,2024-10-20,2024-10-20,West,ReliableCo,WH-01,Global Inc,279.05,73.37,32.42,Delivered
SHP-04055,2024-12-13,2024-12-14,2024-12-14,East,ReliableCo,WH-07,Alpha Solutions,105.07,61.92,28.58,Delivered
SHP-04754,2025-04-22,2025-04-24,2025-04-24,CENTRAL,QuickMove,WH-06,Prime Ltd,200.13,110.35,28.36,In Transit
SHP-02507,2024-02-26,2024-02-27,2024-02-28,North,Speed Ex,WH-07,Sigma Partners,387.32,449.83,16.8,Delivered
SHP-02995,2024-12-22,2024-12-24,2024-12-24,West,QuickMove,WH-08,Delta Partners,276.47,203.39,96.15,Delivered
SHP-02127,2024-05-17,2024-05-19,2024-05-19,Central,GlobalFreight,WH-06,Omega Ltd,107.4,,11.17,Delivered
SHP-02927,2025-04-29,2025-05-02,2025-05-03,East,FastShip,WH-07,Global LLC,333.01,245.16,31.05,Delivered
SHP-04800,2025-01-28,2025-02-01,2025-02-02,Central,QuickMove,WH-06,Beta Corp,419.65,313.99,33.34,Delivered
SHP-00907,2024-03-29,2024-04-02,2024-04-02,South,FastShip,WH-10,Sigma Inc,764.07,553.84,34.29,Delivered
SHP-03726,2024-03-06,2024-03-08,2024-03-08,North,SpeedEx,WH-06,Beta LLC,176.08,171.61,16.93,In Transit
SHP-01031,2024-08-03,2024-08-04,2024-08-05,West,GlobalFreight,WH-09,Prime Partners,169.93,150.79,23.23,Delivered
SHP-02508,2024-06-15,2024-06-16,2024-06-16,Central,speedex,WH-03,Prime Partners,87.99,114.9,38.94,Delivered
SHP-02429,2025-01-02,2025-01-05,2025-01-05,West,GlobalFreight,WH-05,Prime Solutions,113.2,83.36,19.18,Delivered
SHP-00948,2024-04-10,2024-04-12,2024-04-14,West,FastShip,WH-02,Omega Enterprises,272.77,255.84,15.05,Delivered
SHP-04973,2024-02-11,2024-02-13,2024-02-14,South,SpeedEx,WH-09,Omega Co,214.77,275.31,4.29,Delayed
SHP-00763,2024-04-16,2024-04-18,2024-04-19,South,QuickMove,WH-02,Prime Ltd,315.86,177.78,12.22,Delivered
SHP-00716,2024-09-21,2024-09-22,2024-09-22,North,FastShip,WH-09,Alpha Enterprises,177.91,121.81,32.36,In Transit
SHP-00285,2024-12-15,2024-12-17,2024-12-17,South,SpeedEx,WH-02,Alpha Group,499.54,624.1,,Delivered
SHP-00687,2025-05-10,2025-05-11,2025-05-11,East,SpeedEx,,Omega Inc,53.64,62.24,8.97,Delayed
SHP-00704,2024-12-12,2024-12-16,2024-12-17,West,QuickMove,WH-02,Prime Co,694.58,613.49,35.51,Delayed
SHP-03342,2024-06-23,2024-06-24,2024-06-25,North,ReliableCo,WH-06,Global Inc,251.09,170.84,4.15,Delivered
SHP-02354,2024-06-19,2024-06-20,2024-06-20,North,GlobalFreight,WH-10,Beta Corp,342.14,79.61,10.75,In Transit
SHP-02258,2025-01-17,2025-01-18,2025-01-18,West,FastShip,,Alpha Enterprises,292.11,247.77,16.98,Delivered
SHP-03627,2025-05-25,2025-05-26,2025-05-27,South,GlobalFreight,WH-10,Omega Solutions,338.13,220.33,13.31,Delivered
SHP-00474,2024-08-24,2024-08-27,2024-08-27,North,QuickMove,WH-05,Omega Inc,188.32,130.16,15.5,Delivered
SHP-00022,2024-04-28,2024-04-30,2024-05-01,South,GlobalFreight,WH-10,Prime Industries,150.64,131.75,25.28,In Transit
SHP-02753,2024-08-06,2024-08-09,2024-08-09,North,QuickMove,WH-03,,236.62,170.53,18.35,Delivered
SHP-00886,2024-09-21,2024-09-23,2024-09-23,East,GlobalFreight,WH-03,Prime Group,298.42,257.78,9.45,Delivered
SHP-02449,2024-07-19,2024-07-20,2024-07-20,Central,Fast Ship,WH-02,Global Solutions,272.65,207.59,48.02,Delivered
SHP-00918,2025-06-04,2025-06-05,2025-06-06,South,SpeedEx,WH-03,Alpha Solutions,224.69,304.98,36.99,Delivered
SHP-03836,2025-02-02,2025-02-06,2025-02-07,South,QuickMove,WH-03,Acme Co,488.71,379.97,57.85,Delivered
SHP-03830,2024-06-25,2024-06-27,2024-06-27,South,reliable co,WH-03,Prime Co,605.57,401.08,19.36,Delivered
SHP-02240,2025-04-14,2025-04-17,2025-04-18,South,ReliableCo,WH-08,Beta Corp,121.78,114.55,16.28,Delivered
SHP-04822,2024-12-31,2025-01-01,2025-01-01,North,GlobalFreight,WH-01,Acme Corp,201.03,112.77,37.43,Delivered
SHP-03396,2025-01-31,2025-02-02,2025-02-02,Central,SpeedEx,WH-09,Delta Solutions,252.93,90.53,51.66,In Transit
SHP-01266,2025-02-10,2025-02-13,2025-02-14,North,ReliableCo,WH-10,,203.75,139.15,7.86,In Transit
SHP-00484,2025-02-20,2025-02-22,2025-02-22,East,ReliableCo,WH-07,Global Industries,185.08,236.7,7.01,Delayed
SHP-04387,2024-01-24,2024-01-25,2024-01-25,North,QuickMove,WH-03,Global Partners,97.15,68.43,,Delayed
SHP-02964,2024-03-23,2024-03-26,2024-03-26,North,SpeedEx,WH-03,Alpha Solutions,512.51,491.52,3.94,Delivered
SHP-01220,2024-04-11,2024-04-13,2024-04-13,East,FastShip,WH-01,Delta Group,109.5,-81.89,39.55,Delivered
SHP-00278,2024-04-29,2024-04-30,2024-05-02,North,QuickMove,WH-10,Omega Group,168.3,114.6,23.39,Delivered
SHP-00989,2024-02-12,2024-02-16,2024-02-17,South,SpeedEx,WH-10,Sigma Inc,907.29,866.31,13.09,Delivered
SHP-02085,2024-01-31,2024-02-02,2024-02-02,West,GlobalFreight,WH-07,Delta Corp,136.71,88.13,17.82,Delivered
SHP-01246,2024-11-12,2024-11-15,2024-11-16,East,FastShip,WH-08,Acme Ltd,119.25,106.49,18.12,Delivered
SHP-02383,2025-03-24,2025-03-27,2025-03-27,East,GlobalFreight,WH-06,Omega Enterprises,271.88,229.13,47.59,In Transit
SHP-00572,2024-05-20,2024-05-21,2024-05-21,Central,SpeedEx,WH-03,Beta Corp,185.19,239.97,16.84,Delivered
SHP-01436,2024-04-07,2024-04-08,2024-04-08,West,SpeedEx,WH-05,Omega Ltd,299.77,331.28,7.2,Delivered
SHP-00994,2024-03-08,2024-03-10,2024-03-10,Central,GlobalFreight,WH-09,Prime Co,301.43,213.02,22.97,Delayed
SHP-03525,2025-02-24,2025-02-25,2025-02-27,South,GlobalFreight,WH-09,Prime Group,369.47,212.99,23.6,Returned
SHP-03520,2025-01-10,2025-01-12,2025-01-12,Central,fastship,WH-05,Sigma Co,188.65,144.54,32.08,Delivered
SHP-00586,2025-05-28,2025-05-29,2025-05-30,West,FastShip,WH-05,Delta Ltd,372.15,343.79,13.9,Delivered
SHP-04720,2025-03-29,2025-03-30,2025-03-30,West,ReliableCo,WH-10,Omega Group,177.73,157.98,7.29,Delivered
SHP-02515,2024-05-13,2024-05-14,2024-05-14,West,FastShip,WH-05,Prime Group,214.1,197.34,7.33,Delivered
SHP-01350,2024-07-12,2024-07-14,2024-07-15,East,FastShip,WH-07,Prime Industries,282.53,159.93,24.98,Delayed
SHP-01008,2024-03-29,2024-04-02,2024-04-03,South,ReliableCo,WH-04,Sigma Co,638.5,588.98,7.45,Delivered
SHP-00675,2024-06-18,2024-06-21,2024-06-21,North,SpeedEx,WH-06,Acme Industries,468.28,587.93,50.92,Delivered
SHP-02413,2024-08-27,2024-08-28,2024-08-28,CENTRAL,ReliableCo,WH-06,Global Industries,295.59,288.11,32.26,Delivered
SHP-02904,2024-12-20,2024-12-22,2024-12-22,East,fastship,WH-08,Sigma Inc,325.89,259.06,20.53,Delivered
SHP-00448,2025-05-02,2025-05-05,2025-05-07,West,SpeedEx,WH-06,Prime Enterprises,296.34,187.05,21.77,Delivered
SHP-04644,2025-03-06,2025-03-09,2025-03-10,Central,FastShip,WH-07,Alpha LLC,148.08,144.71,19.03,Delivered
SHP-03837,2024-06-26,2024-06-28,2024-06-28,East,FastShip,WH-05,Global Inc,186.16,151.48,38.35,In Transit
SHP-03782,2024-08-30,2024-08-31,2024-08-31,West,FastShip,WH-08,Prime Group,236.24,216.8,24.21,Delivered
SHP-00360,2024-07-21,2024-07-24,2024-07-25,East,QuickMove,WH-03,Acme Inc,210.77,157.89,33.6,Delayed
SHP-02065,2025-06-12,2025-06-14,2025-06-14,East,ReliableCo,WH-03,Global Inc,479.63,328.72,24.24,Delivered
SHP-04831,2025-01-05,2025-01-09,2025-01-09,West,GlobalFreight,WH-02,Beta Partners,489.09,595.74,14.68,Delivered
SHP-03889,2024-09-15,2024-09-18,2024-09-18,North,SpeedEx,WH-07,Beta Enterprises,50.0,66.49,9.57,In Transit
SHP-01691,2024-03-03,2024-03-06,2024-03-06,Central,QuickMove,WH-07,Omega Group,400.15,292.0,64.53,Delivered
SHP-04376,2024-04-02,2024-04-06,2024-04-07,East,ReliableCo,WH-06,Alpha Partners,515.21,544.98,38.01,Delivered
SHP-01549,2025-02-13,2025-02-16,2025-02-17,East,QuickMove,WH-08,Global Enterprises,163.32,70.02,18.09,Delayed
SHP-01248,2024-11-11,2024-11-13,2024-11-15,East,QuickMove,WH-05,Omega Inc,274.67,134.6,32.4,Delivered
SHP-01986,2024-03-17,2024-03-20,2024-03-21,South,GlobalFreight,WH-08,Delta Co,74.94,12.5,27.42,Delayed
SHP-00295,2024-04-16,2024-04-19,2024-04-16,East,FastShip,WH-01,Acme Group,88.61,62.18,9.28,Delivered
SHP-01548,2024-01-10,2024-01-13,2024-01-15,South,FastShip,WH-04,Acme Co,241.33,244.34,9.45,In Transit
SHP-02013,2024-06-15,2024-06-16,2024-06-17,West,ReliableCo,WH-06,Delta Enterprises,112.63,60.14,8.81,Delivered
SHP-00589,2024-11-14,2024-11-16,2024-11-16,South,GlobalFreight,WH-04,Beta Industries,368.76,355.33,24.12,Delivered
SHP-03330,2024-01-08,2024-01-12,2024-01-13,North,GlobalFreight,WH-10,Acme Ltd,992.1,553.22,11.03,Delivered
SHP-02404,2024-10-16,2024-10-18,2024-10-17,North,SpeedEx,WH-06,Omega Partners,181.35,179.07,26.7,Delayed
SHP-02130,2024-05-30,2024-06-02,2024-06-02,East,QuickMove,WH-02,Sigma Ltd,140.27,89.29,44.26,Delivered
SHP-04438,2024-05-12,2024-05-14,2024-05-15,West,GlobalFreight,WH-06,Acme Industries,574.53,365.16,17.76,Delayed
SHP-03509,2024-06-29,2024-07-03,2024-07-02,west,FastShip,WH-08,Beta Enterprises,469.71,362.49,10.61,Delivered
SHP-02411,2025-01-08,2025-01-11,2025-01-12,South,QuickMove,WH-03,Omega Co,88.17,64.05,21.0,Delivered
SHP-02720,2025-03-19,2025-03-20,2025-03-20,Central,SpeedEx,WH-01,Prime Ltd,365.16,279.46,10.81,Delivered
SHP-04605,2025-03-19,2025-03-21,2025-03-22,north,SpeedEx,WH-06,Delta Ltd,685.77,1242.45,14.48,Delayed
SHP-00426,2024-08-19,2024-08-20,2024-08-21,South,SpeedEx,WH-02,Alpha LLC,301.99,380.1,43.68,Delivered
SHP-02583,2024-07-03,2024-07-05,2024-07-06,West,ReliableCo,WH-01,Beta Ltd,333.52,198.46,13.83,Delayed
SHP-01055,2025-06-20,2025-06-23,2025-06-23,Central,SpeedEx,WH-06,Alpha Co,745.45,880.46,5.68,Delivered
SHP-04050,2024-07-17,2024-07-20,2024-07-20,West,GlobalFreight,WH-01,Alpha Solutions,215.95,93.68,22.75,Delivered
SHP-04613,2024-12-16,2024-12-19,2024-12-19,Central,ReliableCo,WH-05,Global Partners,393.84,246.57,34.01,Delivered
SHP-00557,2024-12-22,2024-12-24,2024-12-25,West,SpeedEx,WH-07,Beta Group,165.73,241.12,13.19,Delivered
SHP-04408,2025-01-18,2025-01-19,2025-01-19,South,QuickMove,WH-03,Delta Corp,373.26,223.61,94.93,In Transit
SHP-04021,2024-05-07,2024-05-10,2024-05-10,South,FastShip,WH-07,Beta Industries,215.68,195.96,42.63,Delivered
SHP-04766,2024-09-25,2024-09-26,2024-09-27,South,SpeedEx,WH-10,Beta Corp,266.96,299.13,11.63,Delivered
SHP-02470,2024-04-06,2024-04-08,2024-04-07,North,ReliableCo,WH-06,Beta Corp,763.32,403.11,66.61,Delivered
SHP-04764,2025-05-26,2025-05-29,2025-05-29,North,GlobalFreight,WH-06,Beta Group,233.88,167.56,84.38,Delivered
SHP-00356,2025-06-24,2025-06-27,2025-06-28,North,FastShip,WH-08,Alpha LLC,337.98,268.78,11.16,Delivered
SHP-01194,2024-07-19,2024-07-21,2024-07-22,South,GlobalFreight,WH-04,Sigma Inc,360.45,0.01,34.74,In Transit
SHP-01717,2024-09-20,2024-09-22,2024-09-23,north,QuickMove,WH-06,Omega Inc,243.01,196.71,11.43,Delivered
SHP-03417,2025-06-15,2025-06-18,2025-06-18,West,SpeedEx,WH-03,Beta Industries,322.7,496.67,59.29,Delivered
SHP-02605,2024-06-16,2024-06-19,2024-06-19,East,FastShip,WH-08,Prime Inc,525.03,513.6,20.22,Delivered
SHP-04507,2024-03-05,2024-03-08,2024-03-09,East,FastShip,WH-10,Omega Partners,421.57,376.83,15.59,Delivered
SHP-02829,2025-02-21,2025-02-24,2025-02-24,North,Fast Ship,WH-04,,147.03,121.59,10.95,In Transit
SHP-01705,2024-01-06,2024-01-08,2024-01-07,North,QuickMove,WH-05,Alpha Co,75.28,52.68,13.73,Delivered
SHP-02864,2025-02-03,2025-02-04,2025-02-04,Central,FastShip,WH-01,Global Ltd,82.46,100.29,30.77,Delivered
SHP-02619,2024-02-21,2024-02-23,2024-02-23,Central,ReliableCo,WH-01,Acme Solutions,181.6,149.38,8.83,Delivered
SHP-02401,2024-11-20,2024-11-21,2024-11-22,North,SpeedEx,WH-10,Prime Group,65.46,75.12,15.4,Delivered
SHP-02140,2024-05-14,2024-05-17,2024-05-20,South,GlobalFreight,WH-10,Sigma Co,198.05,113.25,45.34,Delivered
SHP-03240,2025-01-01,2025-01-02,2025-01-03,NORTH,QuickMove,,Acme Partners,168.78,135.49,8.25,Delayed
SHP-02384,2024-05-09,2024-05-12,2024-05-12,East,ReliableCo,WH-09,Delta Inc,97.96,89.54,14.48,Delayed
SHP-03219,2024-06-20,2024-06-21,2024-06-22,Central,ReliableCo,WH-09,Global Ltd,281.18,139.29,7.98,Delivered
SHP-03823,2024-10-04,2024-10-07,2024-10-07,Central,QuickMove,WH-05,Alpha Group,678.47,425.4,37.37,Delivered
SHP-01286,2024-01-07,2024-01-10,2024-01-11,South,ReliableCo,WH-05,Beta Enterprises,173.39,165.89,15.1,Delivered
SHP-04040,2024-02-08,2024-02-11,2024-02-11,North,QuickMove,WH-03,Acme Ltd,163.1,116.65,12.43,Delivered
SHP-03920,2025-01-18,2025-01-21,2025-01-21,South,FastShip,WH-02,Delta Industries,197.77,146.34,19.93,Delivered
SHP-04519,2024-09-19,2024-09-21,2024-09-21,South,FastShip,WH-08,Alpha Co,305.51,229.47,17.03,Delivered
SHP-02088,2024-01-23,2024-01-26,2024-01-26,Central,FastShip,WH-05,Delta Inc,347.35,216.72,13.6,Delivered
SHP-01890,2024-09-02,2024-09-05,2024-09-05,South,ReliableCo,WH-03,Omega Inc,538.22,310.23,17.3,Delivered
SHP-03581,2025-06-14,2025-06-17,2025-06-17,East,FastShip,WH-09,Delta LLC,125.01,139.32,16.77,Delivered
SHP-01592,2024-01-03,2024-01-06,2024-01-09,South,SpeedEx,WH-05,Sigma Solutions,563.49,585.14,4.01,Delayed
SHP-01347,2025-06-10,2025-06-13,2025-06-13,West,QuickMove,WH-02,Acme LLC,405.6,338.72,6.97,Delivered
SHP-04481,2025-06-23,2025-06-25,2025-06-25,West,SpeedEx,WH-08,Acme Partners,79.88,107.42,12.8,Delivered
SHP-02163,2025-02-18,2025-02-19,2025-02-19,North,FastShip,WH-07,Sigma Solutions,283.76,194.86,29.76,Delivered
SHP-02397,2024-12-06,2024-12-09,2024-12-09,South,GlobalFreight,WH-10,Global Industries,487.7,352.27,,Delivered
SHP-03722,2024-04-16,2024-04-17,2024-04-18,West,ReliableCo,WH-03,Acme Industries,350.65,252.47,9.2,Delivered
SHP-02272,2024-08-23,2024-08-26,2024-08-26,West,FastShip,WH-05,Acme Corp,558.56,645.32,81.0,Delivered
SHP-04541,2024-11-19,2024-11-21,2024-11-21,East,SpeedEx,WH-09,Beta Group,697.98,433.13,4.36,In Transit
SHP-03112,2025-03-21,2025-03-24,2025-03-25,Central,GlobalFreight,WH-07,Global Corp,146.59,53.12,8.71,Delivered
SHP-01138,2024-12-30,2024-12-31,2024-12-31,South,SpeedEx,,Acme LLC,313.04,453.37,36.15,Delayed
SHP-03978,2025-04-23,2025-04-27,2025-04-27,East,QuickMove,WH-08,Delta LLC,498.97,301.0,16.24,Delivered
SHP-00973,2024-09-06,2024-09-07,2024-09-08,Central,GlobalFreight,WH-09,Global Enterprises,266.62,215.39,30.2,In Transit
SHP-00796,2025-02-18,2025-02-22,2025-02-23,East,GlobalFreight,WH-06,Prime Corp,440.12,118.35,15.93,Delivered
SHP-03021,2024-04-08,2024-04-10,2024-04-10,Central,SpeedEx,WH-04,Alpha Industries,520.78,467.76,19.29,Delivered
SHP-01712,2025-06-25,2025-06-28,2025-06-29,East,ReliableCo,WH-07,Beta Co,1058.63,813.46,28.03,Delivered
SHP-03388,2024-10-23,2024-10-28,2024-10-29,West,QuickMove,WH-05,Alpha Co,865.68,674.39,22.62,Delivered
SHP-00037,2025-01-08,2025-01-09,2025-01-10,Central,QuickMove,WH-07,Sigma Inc,285.98,164.81,7.97,Delayed
SHP-00454,2024-01-10,2024-01-13,2024-01-13,EAST,GlobalFreight,WH-02,Sigma Enterprises,643.76,334.4,10.76,Delayed
SHP-00914,2025-03-02,2025-03-03,2025-03-03,North,ReliableCo,WH-01,Beta Enterprises,319.53,249.2,25.92,Delivered
SHP-04530,2024-03-03,2024-03-06,2024-03-06,Central,GlobalFreight,WH-08,Prime Co,75.22,84.0,2.44,In Transit
SHP-01200,2025-01-02,2025-01-04,2025-01-04,South,SpeedEx,WH-01,Alpha LLC,327.57,192.42,33.7,Delivered
SHP-01275,2024-02-26,2024-03-01,2024-03-01,central,ReliableCo,WH-09,Alpha Corp,417.17,248.89,21.07,Delivered
SHP-02376,2025-03-05,2025-03-07,2025-03-09,West,GlobalFreight,WH-02,Delta Co,208.38,136.0,9.8,Delivered
SHP-00038,2024-10-30,2024-11-01,2024-11-01,Central,QuickMove,WH-07,Acme Corp,334.68,242.66,25.6,Delayed
SHP-00975,2024-12-06,2024-12-08,2024-12-09,North,reliable co,WH-09,Prime LLC,564.57,471.91,26.2,Delayed
SHP-03196,2024-05-25,2024-05-28,2024-05-27,East,GlobalFreight,WH-04,Beta Group,485.19,349.3,12.47,Delivered
SHP-00984,2024-06-11,2024-06-14,2024-06-15,Central,FastShip,WH-06,Alpha Solutions,416.76,358.0,26.36,Delivered
SHP-03987,2024-09-07,2024-09-10,2024-09-10,South,QuickMove,WH-04,Global Corp,340.13,277.55,27.43,Delivered
SHP-04128,2024-03-25,2024-03-27,2024-03-28,Central,ReliableCo,WH-02,Delta Solutions,294.74,154.68,8.42,Delivered
SHP-01419,2025-05-31,2025-06-03,2025-06-05,East,GlobalFreight,WH-05,Global Partners,166.56,34.03,20.37,Delivered
SHP-03333,2024-05-04,2024-05-05,2024-05-06,North,FastShip,,Prime LLC,252.96,183.58,11.84,Delivered
SHP-01561,2024-08-27,2024-08-28,2024-08-28,East,FastShip,WH-06,Global LLC,214.88,225.6,38.48,Returned
SHP-00040,2025-02-25,2025-02-27,2025-02-27,North,QuickMove,WH-01,Omega Group,749.54,435.39,31.8,Delivered
SHP-01487,2025-06-28,2025-06-29,2025-06-30,North,ReliableCo,WH-02,Alpha Ltd,328.89,207.13,45.43,Delivered
SHP-03965,2025-03-03,2025-03-04,2025-03-05,East,SpeedEx,WH-05,Global Solutions,174.15,274.49,19.99,Delivered
SHP-00170,2024-07-01,2024-07-04,2024-07-06,South,SpeedEx,WH-02,Global Inc,125.67,167.63,48.92,Delivered
SHP-01356,2025-05-19,2025-05-22,2025-05-22,South,QuickMove,WH-02,Alpha Industries,249.72,197.93,18.84,Delivered
SHP-02786,2025-05-27,2025-05-28,2025-05-29,North,ReliableCo,WH-03,Delta Industries,121.6,58.97,51.54,Delivered
SHP-03711,2025-02-16,2025-02-18,2025-02-19,East,FastShip,WH-09,Omega Ltd,240.24,254.06,27.97,Delivered
SHP-04803,2024-01-06,2024-01-09,2024-01-10,North,ReliableCo,WH-09,Sigma Group,194.84,152.96,25.61,In Transit
SHP-03613,2024-12-16,2024-12-18,2024-12-19,NORTH,GlobalFreight,WH-05,Omega Inc,270.15,148.46,,In Transit
SHP-04090,2024-01-24,2024-01-27,2024-01-27,Central,QuickMove,WH-07,Acme LLC,148.88,108.26,40.71,Delivered
SHP-02683,2024-08-08,2024-08-09,2024-08-08,Central,ReliableCo,WH-03,Global Ltd,61.88,26.98,25.42,Delivered
SHP-04758,2025-01-06,2025-01-07,2025-01-08,EAST,ReliableCo,WH-09,Sigma Ltd,256.58,304.91,120.65,In Transit
SHP-04630,2024-02-28,2024-03-02,2024-03-02,Central,FastShip,WH-08,Sigma Solutions,323.13,272.92,25.58,Delivered
SHP-01641,2025-05-14,2025-05-17,2025-05-19,South,FastShip,WH-05,Acme Inc,204.03,167.51,56.27,Returned
SHP-01291,2025-05-11,2025-05-12,2025-05-11,Central,SpeedEx,WH-04,Acme Corp,288.24,310.44,20.31,Delivered
SHP-01381,2025-01-14,2025-01-17,2025-01-17,East,reliable co,WH-06,Sigma Industries,156.4,,13.06,Delivered
SHP-01934,2025-06-23,2025-06-24,2025-06-25,South,GlobalFreight,WH-09,Alpha LLC,192.0,121.98,6.23,Delivered
SHP-00580,2024-05-26,2024-05-28,2024-05-28,Central,reliable co,WH-08,Beta Industries,404.79,258.39,9.3,Delayed
SHP-04268,2025-02-11,2025-02-14,2025-02-14,North,ReliableCo,WH-02,Omega Partners,149.34,140.76,20.69,Delivered
SHP-03161,2025-04-14,2025-04-15,2025-04-15,East,GlobalFreight,WH-02,Global Partners,102.5,54.25,41.85,Delivered
SHP-02031,2024-04-06,2024-04-08,2024-04-08,East,QuickMove,WH-07,Omega Industries,485.0,359.81,19.89,Delayed
SHP-00893,2025-02-25,2025-02-27,2025-02-28,West,GlobalFreight,WH-02,Prime Solutions,279.95,142.98,50.32,Delivered
SHP-04035,2025-05-19,2025-05-22,2025-05-22,North,FastShip,WH-04,Prime Co,174.9,161.59,16.23,Delivered
SHP-00781,2024-09-27,2024-09-29,2024-09-28,East,GlobalFreight,WH-03,Sigma Co,183.07,136.82,15.63,Delivered
SHP-00160,2025-06-10,2025-06-14,2025-06-15,South,QuickMove,WH-10,Alpha Inc,400.98,228.96,8.11,In Transit
SHP-00003,2025-03-11,2025-03-12,2025-03-14,South,GlobalFreight,WH-10,Acme Ltd,184.62,85.11,14.5,Delivered
SHP-02264,2024-01-23,2024-01-25,2024-01-25,South,FastShip,WH-05,Delta Enterprises,234.5,137.96,12.39,Delivered
SHP-03217,2024-12-22,2024-12-23,2024-12-23,Central,QuickMove,WH-07,Global Enterprises,218.26,159.92,22.38,Delivered
SHP-02110,2025-03-10,2025-03-13,2025-03-13,Central,FastShip,WH-09,Delta Enterprises,268.96,227.65,28.72,Delivered
SHP-00850,2024-11-24,2024-11-26,2024-11-26,Central,ReliableCo,WH-08,Prime LLC,331.41,399.11,15.13,Delivered
SHP-02738,2024-01-25,2024-01-27,2024-01-28,Central,FastShip,WH-02,Omega Co,155.51,116.02,41.19,Delivered
SHP-02467,2024-02-27,2024-03-01,2024-03-01,Central,ReliableCo,WH-06,Delta Inc,262.27,213.57,21.79,Delivered
SHP-03775,2024-10-29,2024-11-01,2024-11-01,East,FastShip,WH-04,Beta Solutions,230.98,220.02,8.16,Delivered
SHP-03729,2024-06-14,2024-06-21,2024-06-22,North,SpeedEx,WH-05,Alpha LLC,1610.43,2189.67,8.44,Delivered
SHP-01597,2024-03-29,2024-03-30,2024-03-30,Central,SpeedEx,WH-09,Beta Inc,318.52,348.42,7.42,Delivered
SHP-01777,2024-04-21,2024-04-22,2024-04-22,West,FastShip,WH-07,Alpha Solutions,357.79,200.27,18.09,Delivered
SHP-01914,2024-05-26,2024-05-27,2024-05-27,Central,QuickMove,WH-03,Sigma Ltd,235.56,190.42,15.9,Delivered
SHP-01044,2025-03-15,2025-03-17,2025-03-17,North,ReliableCo,,Sigma LLC,183.0,0.0,28.33,Delayed
SHP-04767,2024-07-28,2024-08-01,2024-08-01,West,QuickMove,WH-05,Delta Enterprises,458.56,,36.18,Delivered
SHP-01545,2024-02-13,2024-02-16,2024-02-16,Central,QUICKMOVE,WH-04,Prime Partners,222.69,191.32,,Delivered
SHP-02737,2024-10-24,2024-10-27,2024-10-28,West,FastShip,WH-02,Global Group,424.39,319.68,35.0,Delivered
SHP-03785,2024-01-03,2024-01-06,2024-01-07,West,GlobalFreight,WH-03,Prime Industries,177.25,122.62,49.76,Delivered
SHP-04670,2025-06-21,2025-06-24,2025-06-24,West,QuickMove,WH-01,Sigma Inc,133.18,89.22,15.84,Delivered
SHP-00054,2024-01-28,2024-01-31,2024-02-01,North,FastShip,WH-03,Sigma Co,433.72,348.15,34.17,Delivered
SHP-01797,2025-04-02,2025-04-05,2025-04-06,East,SpeedEx,WH-03,Prime Ltd,251.09,146.56,88.69,Delivered
SHP-03589,2024-10-05,2024-10-08,2024-10-09,West,Fast Ship,WH-02,Alpha Solutions,341.73,258.93,73.74,Delivered
SHP-01912,2025-04-17,2025-04-19,2025-04-19,EAST,GlobalFreight,WH-01,Prime Partners,431.47,16.44,84.03,In Transit
SHP-02307,2024-12-16,2024-12-17,2024-12-17,East,ReliableCo,WH-05,Omega Corp,99.83,65.06,12.95,Delivered
SHP-02554,2024-05-12,2024-05-15,2024-05-15,North,SpeedEx,WH-10,Alpha Enterprises,365.65,227.31,,Delivered
SHP-02801,2025-01-18,2025-01-22,2025-01-22,East,ReliableCo,WH-07,Acme Industries,421.62,260.16,18.45,Delivered
SHP-00937,2024-02-12,2024-02-15,2024-02-15,West,QuickMove,WH-10,Beta Group,134.68,64.96,22.76,Delivered
SHP-04174,2025-02-01,2025-02-04,2025-02-04,North,ReliableCo,WH-09,Global Industries,253.87,202.86,,Delivered
SHP-00825,2025-05-27,2025-05-30,2025-05-30,East,FastShip,WH-02,Beta Co,669.03,452.93,44.53,Delivered
SHP-04788,2024-07-12,2024-07-13,2024-07-13,Central,SpeedEx,WH-05,Acme LLC,100.56,112.41,10.67,Delayed
SHP-03179,2024-05-06,2024-05-09,2024-05-10,NORTH,FastShip,WH-01,Alpha Solutions,227.09,198.45,21.41,Delivered
SHP-03402,2024-07-18,2024-07-22,2024-07-23,South,ReliableCo,WH-03,Beta Industries,422.11,375.63,45.2,In Transit
SHP-01390,2025-05-23,2025-05-25,2025-05-26,West,SpeedEx,WH-09,Delta Ltd,256.04,279.78,34.56,Delivered
SHP-03565,2024-11-18,2024-11-21,2024-11-23,South,GlobalFreight,WH-08,Beta Group,405.31,366.85,21.93,Delayed
SHP-04932,2025-03-06,2025-03-08,2025-03-08,Central,FastShip,WH-06,Delta Inc,210.5,206.33,28.44,Delivered
SHP-00885,2024-12-10,2024-12-13,2024-12-13,North,FastShip,WH-04,Global LLC,367.74,309.87,17.95,Delivered
SHP-03884,2024-05-14,2024-05-16,2024-05-16,South,SpeedEx,WH-07,Acme Corp,352.02,356.27,78.5,Delivered
SHP-03647,2024-02-26,2024-02-29,2024-02-29,North,QuickMove,WH-06,Prime Partners,135.63,110.85,14.39,Delivered
SHP-01608,2025-05-15,2025-05-18,2025-05-19,South,SpeedEx,WH-04,Omega Partners,550.97,519.47,3.21,In Transit
SHP-01595,2024-10-09,2024-10-10,2024-10-10,Central,GlobalFreight,WH-01,Beta Enterprises,303.26,264.43,21.13,Delivered
SHP-00772,2024-04-04,2024-04-06,2024-04-07,North,FastShip,WH-09,Sigma Solutions,218.87,184.18,47.15,Delivered
SHP-02612,2025-03-12,2025-03-14,2025-03-14,East,FastShip,WH-04,Acme LLC,327.68,316.55,9.62,In Transit
SHP-03935,2024-08-22,2024-08-25,2024-08-25,East,FastShip,WH-01,Sigma Ltd,317.29,272.84,3.13,Returned
SHP-02274,2024-11-20,2024-11-23,2024-11-23,Central,ReliableCo,WH-02,Alpha Industries,122.25,121.43,22.4,Delivered
SHP-01869,2025-05-07,2025-05-09,2025-05-10,NORTH,GlobalFreight,WH-04,Prime LLC,116.53,66.58,67.44,Delivered
SHP-01086,2025-05-27,2025-05-31,2025-05-31,East,FastShip,WH-10,Sigma Inc,430.4,-491.62,41.16,Delivered
SHP-00011,2025-02-18,2025-02-21,2025-02-22,West,FastShip,WH-10,Prime LLC,381.11,317.33,16.27,Delivered
SHP-03690,2025-04-05,2025-04-06,2025-04-06,North,QuickMove,WH-10,Acme Industries,341.78,212.8,23.49,Returned
SHP-01326,2024-03-25,2024-03-27,2024-03-27,North,SpeedEx,WH-04,Sigma Corp,215.9,283.79,29.59,Delivered
SHP-03391,2024-04-25,2024-04-27,2024-04-28,South,QuickMove,WH-05,Sigma Inc,252.28,129.02,15.47,Delivered
SHP-01464,2024-01-09,2024-01-11,2024-01-11,North,ReliableCo,WH-09,Sigma Ltd,353.33,167.37,5.7,Delivered
SHP-00807,2024-09-16,2024-09-18,2024-09-18,Central,SpeedEx,WH-02,Acme Enterprises,290.11,257.7,48.17,Delayed
SHP-03814,2024-05-12,2024-05-15,2024-05-15,Central,SpeedEx,WH-04,Global Inc,326.58,309.7,16.73,Delayed
SHP-04070,2024-02-24,2024-02-27,2024-02-27,Central,QuickMove,WH-05,Beta Corp,221.52,188.75,48.58,Delivered
SHP-03850,2024-02-18,2024-02-21,2024-02-22,West,QuickMove,WH-04,Beta Group,659.17,400.64,12.17,Delivered
SHP-02109,2025-04-04,2025-04-06,2025-04-06,North,GlobalFreight,WH-08,Sigma Ltd,166.98,85.76,22.32,Delivered
SHP-04284,2024-01-02,2024-01-04,2024-01-05,South,ReliableCo,WH-03,Alpha Enterprises,246.59,185.78,25.75,Delivered
SHP-00307,2024-05-29,2024-05-30,2024-05-30,West,ReliableCo,WH-10,Sigma LLC,218.95,166.13,18.12,Delivered
SHP-02235,2024-07-12,2024-07-14,2024-07-16,South,GlobalFreight,WH-10,Alpha Corp,135.22,100.46,18.04,Delivered
SHP-03212,2025-01-26,2025-01-30,2025-01-30,North,GlobalFreight,WH-04,Omega Enterprises,892.77,1021.58,8.85,Delivered
SHP-00964,2024-01-28,2024-01-30,2024-01-30,North,SpeedEx,WH-04,Global Enterprises,532.53,537.12,18.07,Delivered
SHP-03416,2024-02-05,2024-02-09,2024-02-10,North,SpeedEx,WH-09,Delta Ltd,582.26,867.36,4.33,Delivered
SHP-03832,2024-01-19,2024-01-21,2024-01-21,East,Global Freight,WH-07,Beta Co,185.09,89.25,7.02,Delayed
SHP-00399,2024-12-14,2024-12-17,2024-12-18,West,SpeedEx,WH-07,Acme Co,317.96,161.93,9.91,Delivered
SHP-02633,2024-04-04,2024-04-06,2024-04-06,East,GlobalFreight,WH-06,Beta Partners,482.18,512.18,13.89,Delivered
SHP-04906,2025-01-30,2025-02-01,2025-02-02,East,GlobalFreight,WH-07,Sigma Solutions,677.3,,36.63,Delivered
SHP-02997,2025-06-14,2025-06-17,2025-06-18,West,GlobalFreight,WH-02,Delta Ltd,359.83,224.25,37.43,Returned
SHP-00705,2025-03-03,2025-03-06,2025-03-07,North,GlobalFreight,WH-07,Beta Ltd,326.76,234.66,5.21,Delivered
SHP-00432,2024-09-07,2024-09-08,2024-09-09,North,QuickMove,WH-04,Global Partners,139.59,90.23,35.36,In Transit
SHP-00293,2024-04-02,2024-04-03,2024-04-04,West,ReliableCo,WH-10,Omega Partners,349.62,315.28,24.45,Returned
SHP-04922,2024-11-29,2024-11-30,2024-12-01,West,QuickMove,WH-02,Alpha Ltd,100.94,69.33,15.8,Delivered
SHP-00146,2025-02-12,2025-02-14,2025-02-15,South,FastShip,WH-08,Global Inc,299.79,,98.44,Delivered
SHP-04193,2024-12-09,2024-12-10,2024-12-12,South,GlobalFreight,WH-02,Beta LLC,168.88,56.44,5.88,Delivered
SHP-02034,2024-07-17,2024-07-20,2024-07-21,North,GlobalFreight,WH-06,Sigma LLC,289.66,40.82,18.44,Delivered
SHP-04254,2024-04-23,2024-04-25,2024-04-25,Central,QuickMove,WH-10,Global Co,242.26,175.29,44.97,In Transit
SHP-01166,2024-04-09,2024-04-13,2024-04-13,North,SpeedEx,WH-05,Global Co,595.37,570.72,14.44,Delayed
SHP-03501,2025-02-21,2025-02-22,2025-02-22,North,SpeedEx,WH-03,Acme Corp,213.89,354.81,35.39,Delivered
SHP-02051,2025-02-05,2025-02-08,2025-02-10,South,SpeedEx,WH-10,Sigma Solutions,50.0,48.25,11.46,Returned
SHP-02625,2024-03-12,2024-03-15,2024-03-15,East,ReliableCo,WH-01,Omega LLC,100.24,100.19,22.08,Delayed
SHP-04428,2024-10-23,2024-10-25,2024-10-26,South,GlobalFreight,WH-03,Sigma LLC,267.72,277.68,32.47,Delivered
SHP-00340,2025-06-07,2025-06-10,2025-06-10,Central,FastShip,WH-05,Delta Co,176.31,110.75,22.84,Delivered
SHP-03961,2024-02-01,2024-02-04,2024-02-04,West,reliable co,WH-08,Omega LLC,252.31,0.0,461.9,In Transit
SHP-03751,2025-02-02,2025-02-05,2025-02-06,West,GlobalFreight,WH-08,Acme Partners,224.52,139.04,38.97,Delivered
SHP-02974,2024-07-17,2024-07-19,2024-07-20,South,GlobalFreight,WH-03,Acme Co,141.51,68.46,16.89,Returned
SHP-00266,2024-06-04,2024-06-05,2024-06-04,South,GlobalFreight,WH-05,Sigma Inc,388.78,367.26,5.94,Delivered
SHP-02425,2024-06-12,2024-06-13,2024-06-14,East,QuickMove,WH-05,Beta LLC,263.58,216.23,7.08,Delivered
SHP-01263,2024-06-01,2024-06-05,2024-06-05,Central,GlobalFreight,WH-04,Acme Corp,479.68,392.72,25.68,Delivered
SHP-01772,2024-03-29,2024-04-01,2024-04-01,North,GlobalFreight,WH-01,Prime Co,203.29,130.39,5.36,Delivered
SHP-03512,2024-06-26,2024-06-27,2024-06-27,Central,SpeedEx,WH-02,,263.73,269.4,19.45,Delivered
SHP-00272,2024-11-14,2024-11-17,2024-11-17,Central,SpeedEx,WH-09,Delta Inc,307.71,417.74,23.74,Delivered
SHP-00697,2024-04-13,2024-04-15,2024-04-16,West,GlobalFreight,WH-02,Delta Group,182.67,67.41,8.11,Delivered
SHP-00748,2024-06-12,2024-06-13,2024-06-15,North,QuickMove,WH-05,Global Corp,124.2,105.77,30.61,Delivered
SHP-00245,2024-08-14,2024-08-16,2024-08-15,West,GlobalFreight,WH-04,Global Partners,186.53,23.28,34.2,Delivered
SHP-00318,2024-08-19,2024-08-22,2024-08-23,North,ReliableCo,WH-01,Acme LLC,157.38,152.39,30.77,Delivered
SHP-00477,2024-08-26,2024-08-27,2024-08-28,Central,ReliableCo,WH-01,Beta Partners,229.43,99.99,9.13,Delivered
SHP-02033,2024-11-18,2024-11-19,2024-11-19,East,GlobalFreight,WH-06,Beta Corp,219.36,113.65,30.25,Delivered
SHP-00958,2024-12-04,2024-12-07,2024-12-08,East,GlobalFreight,WH-08,Sigma LLC,497.27,268.15,13.88,In Transit
SHP-03896,2024-04-27,2024-04-29,2024-04-29,Central,SpeedEx,WH-08,Omega Industries,237.94,268.31,7.14,Delivered
SHP-00814,2024-06-02,2024-06-04,2024-06-05,West,QuickMove,WH-08,Omega LLC,358.95,264.46,22.28,Delivered
SHP-04218,2024-04-19,2024-04-21,2024-04-21,Central,GlobalFreight,WH-09,Delta Ltd,321.66,99.01,12.51,Delivered
SHP-01915,2024-11-26,2024-11-28,2024-11-27,East,ReliableCo,WH-07,Prime Ltd,609.09,549.38,11.16,Delivered
SHP-04654,2024-07-23,2024-07-26,2024-07-27,Central,ReliableCo,WH-07,Sigma LLC,266.08,178.85,18.98,Delivered
SHP-03488,2025-05-16,2025-05-21,2025-05-22,East,SpeedEx,WH-08,Delta Corp,1263.42,1190.81,25.62,In Transit
SHP-01298,2024-08-24,2024-08-26,2024-08-28,West,FastShip,WH-06,Prime Solutions,141.06,106.46,19.51,Delivered
SHP-04112,2024-03-09,2024-03-10,2024-03-10,Central,ReliableCo,WH-04,Acme Co,191.02,163.67,18.96,Returned
SHP-01805,2025-03-04,2025-03-07,2025-03-09,West,Quick Move,WH-02,Prime Solutions,171.6,100.99,5.95,In Transit
SHP-00759,2024-11-30,2024-12-02,2024-12-02,East,speedex,WH-05,Acme LLC,321.21,358.07,27.46,Delivered
SHP-00251,2024-04-14,2024-04-16,2024-04-17,West,SpeedEx,WH-08,Prime Ltd,566.58,631.68,12.77,Delivered
SHP-02462,2024-01-06,2024-01-08,2024-01-08,CENTRAL,ReliableCo,WH-06,Delta Ltd,188.93,151.84,23.94,Delayed
SHP-00546,2025-05-16,2025-05-17,2025-05-17,Central,ReliableCo,WH-07,Omega Enterprises,218.32,155.87,52.51,Delivered
SHP-03242,2025-03-07,2025-03-09,2025-03-09,East,QUICKMOVE,WH-10,Beta Group,102.09,76.36,11.05,Delivered
SHP-00739,2024-09-16,2024-09-18,2024-09-19,Central,SpeedEx,WH-02,Delta Enterprises,323.76,279.33,68.25,Delivered
SHP-00311,2025-01-07,2025-01-08,2025-01-08,West,ReliableCo,WH-08,Alpha Inc,194.91,123.51,9.87,Delivered
SHP-03859,2024-08-02,2024-08-04,2024-08-04,Central,FastShip,WH-05,Beta Solutions,154.26,103.45,12.63,Delivered
SHP-02942,2024-12-11,2024-12-14,2024-12-15,West,QuickMove,WH-06,Alpha Enterprises,234.62,159.83,9.71,Delivered
SHP-01132,2025-04-25,2025-04-28,2025-04-29,West,QuickMove,WH-01,Delta LLC,496.75,278.78,34.28,Delivered
SHP-01450,2025-05-25,2025-05-31,2025-05-31,Central,QuickMove,WH-06,Omega Inc,1570.23,1179.26,12.75,In Transit
SHP-04975,2024-08-05,2024-08-06,2024-08-07,South,QuickMove,WH-04,Delta Partners,280.34,225.48,30.48,Delivered
SHP-00016,2024-11-06,2024-11-08,2024-11-08,East,GlobalFreight,WH-07,Omega Group,183.55,49.21,8.69,Delivered
SHP-03233,2024-11-26,2024-11-27,2024-11-26,East,SpeedEx,WH-03,Beta Corp,100.77,92.72,12.97,Delivered
SHP-02770,2024-11-08,2024-11-09,2024-11-09,North,QuickMove,WH-04,Omega Enterprises,175.61,102.26,59.96,In Transit
SHP-03469,2024-12-19,2024-12-23,2024-12-23,North,QuickMove,WH-07,Global Solutions,587.28,418.7,16.95,Delivered
SHP-00921,2025-03-04,2025-03-06,2025-03-06,West,SpeedEx,WH-09,Delta Group,124.99,,47.49,Delivered
SHP-03030,2025-05-16,2025-05-19,2025-05-20,South,FastShip,WH-01,Sigma Partners,270.92,199.43,11.3,Delivered
SHP-01373,2024-12-08,2024-12-10,2024-12-11,South,SpeedEx,WH-03,Sigma Corp,159.67,159.23,41.06,Delivered
SHP-03588,2024-09-10,2024-09-13,2024-09-13,East,QuickMove,WH-02,Alpha Corp,461.38,378.15,37.23,Delivered
SHP-02545,2024-09-06,2024-09-08,2024-09-09,North,ReliableCo,WH-09,Prime Co,233.52,245.61,43.94,Delivered
SHP-03599,2024-02-07,2024-02-08,2024-02-08,East,ReliableCo,WH-01,Delta Enterprises,176.46,142.79,13.31,Delivered
SHP-00039,2025-05-29,2025-06-01,2025-06-01,West,ReliableCo,WH-07,Omega LLC,162.71,131.57,12.18,Delivered
SHP-00364,2025-02-25,2025-02-28,2025-03-01,North,GlobalFreight,WH-08,Prime Ltd,282.72,217.6,5.86,Delayed
SHP-04158,2025-03-12,2025-03-14,2025-03-15,West,Reliable Co,WH-01,Alpha Corp,579.88,468.52,24.4,Delivered
SHP-00183,2025-05-14,2025-05-15,2025-05-15,Central,GlobalFreight,WH-05,Delta Partners,177.0,116.6,10.13,Delivered
SHP-03034,2025-01-21,2025-01-22,2025-01-22,Central,SpeedEx,WH-01,Global Group,130.88,131.43,27.22,Delivered
SHP-02984,2025-01-30,2025-02-01,2025-02-02,North,GlobalFreight,WH-08,Prime Inc,192.57,93.82,24.11,Delivered
SHP-01195,2025-06-20,2025-06-23,2025-06-24,West,GlobalFreight,WH-05,Global Co,241.16,65.46,2.17,Delivered
SHP-02853,2024-07-15,2024-07-17,2024-07-19,West,QuickMove,WH-09,Beta LLC,202.6,128.81,4.86,In Transit
SHP-03845,2024-01-25,2024-01-27,2024-01-29,West,QuickMove,WH-05,Prime Inc,490.02,375.77,9.11,In Transit
SHP-01122,2025-05-15,2025-05-17,2025-05-17,Central,QuickMove,WH-08,Beta Corp,239.76,177.92,13.4,In Transit
SHP-02236,2024-10-25,2024-10-27,2024-10-28,Central,ReliableCo,WH-09,Global Inc,571.99,412.37,25.62,Delivered
SHP-02668,2025-04-19,2025-04-21,2025-04-21,East,QuickMove,WH-03,Beta Industries,254.54,198.03,19.26,Delivered
SHP-04814,2025-05-08,2025-05-11,2025-05-11,East,FastShip,WH-03,Sigma Group,179.76,217.84,10.81,Delayed
SHP-03224,2025-04-04,2025-04-07,2025-04-07,West,SpeedEx,WH-07,Global Ltd,110.12,111.54,40.28,Delivered
SHP-01183,2025-02-02,2025-02-06,2025-02-07,South,SpeedEx,WH-07,Sigma Inc,636.26,510.76,19.4,Delivered
SHP-04231,2024-03-29,2024-04-02,2024-04-02,East,QuickMove,WH-03,Omega Solutions,477.49,376.31,42.95,Delivered
SHP-04343,2024-11-26,2024-11-27,2024-11-26,North,ReliableCo,WH-08,Delta Enterprises,109.19,72.43,38.54,Delivered
SHP-00615,2025-04-19,2025-04-20,2025-04-21,West,SpeedEx,WH-02,Alpha Inc,172.77,211.63,27.95,Delivered
SHP-04964,2024-01-08,2024-01-10,2024-01-10,West,ReliableCo,WH-07,Omega Enterprises,50.0,23.37,26.58,Delayed
SHP-01467,2024-07-08,2024-07-11,2024-07-11,West,SpeedEx,WH-09,Beta Group,174.16,162.96,12.32,Delivered
SHP-00402,2025-05-16,2025-05-19,2025-05-18,North,GlobalFreight,WH-01,Omega Inc,183.16,116.64,62.63,Delivered
SHP-03043,2024-04-04,2024-04-05,2024-04-05,East,QuickMove,WH-01,Prime Industries,233.8,222.68,26.04,Delivered
SHP-00935,2024-04-22,2024-04-25,2024-04-25,West,FastShip,WH-06,Global Corp,185.92,147.69,7.82,Delayed
SHP-02420,2024-10-30,2024-11-01,2024-11-02,North,FastShip,WH-04,Prime LLC,132.18,117.98,19.99,Delivered
SHP-04111,2025-06-25,2025-06-27,2025-06-28,North,GlobalFreight,WH-05,Delta Partners,50.0,35.31,33.17,In Transit
SHP-04565,2024-07-14,2024-07-15,2024-07-15,Central,SpeedEx,WH-04,Acme Co,221.96,296.52,38.37,In Transit
SHP-02642,2025-02-26,2025-03-03,2025-03-02,East,FastShip,WH-09,Prime Inc,972.61,1014.79,31.8,Returned
SHP-04101,2025-01-19,2025-01-20,2025-01-21,West,ReliableCo,WH-04,Global Partners,219.39,203.76,62.43,Delivered
SHP-00727,2024-05-22,2024-05-25,2024-05-25,Central,GlobalFreight,WH-05,Sigma Inc,98.46,46.78,9.11,Delivered
SHP-00827,2025-01-11,2025-01-15,2025-01-15,Central,GlobalFreight,WH-02,Beta Corp,473.66,359.79,25.87,Delivered
SHP-01522,2025-02-13,2025-02-14,2025-02-14,East,SpeedEx,WH-07,Global Inc,231.12,236.3,6.8,Delivered
SHP-04993,2025-05-24,2025-05-26,2025-05-26,East,ReliableCo,WH-02,Global Enterprises,535.03,517.4,15.35,Delayed
SHP-02931,2024-07-17,2024-07-20,2024-07-20,central,QuickMove,WH-06,Delta Solutions,215.24,142.94,8.08,In Transit
SHP-00137,2024-12-24,2024-12-25,2024-12-25,East,FastShip,WH-04,Global Group,55.53,52.01,17.42,Delivered
SHP-03591,2024-10-12,2024-10-14,2024-10-14,Central,SpeedEx,WH-04,Acme Corp,325.83,294.11,7.34,Returned
SHP-00629,2024-06-07,2024-06-10,2024-06-10,West,QuickMove,WH-01,Alpha Enterprises,340.13,233.82,,Delivered
SHP-00335,2024-06-18,2024-06-21,2024-06-21,West,SpeedEx,WH-05,Acme Corp,169.35,169.85,22.63,Delivered
SHP-00391,2024-05-31,2024-06-02,2024-06-02,CENTRAL,SpeedEx,WH-10,Omega Partners,241.57,119.32,37.29,Delivered
SHP-04437,2024-12-11,2024-12-15,2024-12-14,West,GlobalFreight,WH-06,Delta Inc,518.97,600.0,2.92,Delivered
SHP-04931,2025-06-03,2025-06-05,2025-06-06,South,GlobalFreight,WH-04,Delta Group,340.31,231.75,53.47,Delivered
SHP-03912,2025-05-13,2025-05-15,2025-05-16,South,FastShip,WH-02,Prime Ltd,323.51,231.19,14.33,Delivered
SHP-01818,2025-02-16,2025-02-19,2025-02-18,West,QuickMove,WH-06,Sigma LLC,273.09,144.25,23.7,Delayed
SHP-00401,2024-07-11,2024-07-14,2024-07-15,Central,GLOBALFREIGHT,WH-02,Global Ltd,219.26,89.07,11.48,Delivered
SHP-00711,2024-10-06,2024-10-07,2024-10-06,West,GlobalFreight,WH-03,Acme Group,292.18,304.77,,Delivered
SHP-01040,2024-02-02,2024-02-04,2024-02-04,Central,Reliable Co,WH-09,Sigma Inc,335.6,208.08,21.3,In Transit
SHP-04075,2024-08-15,2024-08-16,2024-08-16,East,FastShip,WH-02,Sigma Group,220.69,134.62,32.94,Delivered
SHP-03360,2025-03-17,2025-03-18,2025-03-19,North,GlobalFreight,WH-09,Omega Ltd,50.0,44.01,14.84,Delivered
SHP-00047,2024-04-12,2024-04-14,2024-04-15,North,QuickMove,WH-09,Alpha Ltd,213.99,159.92,19.09,Delayed
SHP-01562,2024-09-01,2024-09-03,2024-09-03,West,SpeedEx,WH-09,Prime Group,170.21,210.1,31.49,Delivered
SHP-04854,2025-06-10,2025-06-12,2025-06-13,North,GlobalFreight,WH-01,Alpha Ltd,176.66,60.1,24.41,Delivered
SHP-03643,2025-02-18,2025-02-19,2025-02-19,Central,FastShip,WH-06,Delta LLC,165.86,135.49,7.77,Delayed
SHP-03727,2024-12-09,2024-12-11,2024-12-12,West,QuickMove,WH-07,Acme Enterprises,101.61,76.31,34.99,Delivered
SHP-04898,2024-05-09,2024-05-13,2024-05-13,West,SpeedEx,WH-05,Alpha Inc,960.17,1067.59,10.25,Delivered
SHP-01113,2025-01-20,2025-01-21,2025-01-22,North,GlobalFreight,WH-09,Alpha Inc,326.51,147.42,14.18,Delivered
SHP-02514,2024-01-21,2024-01-24,2024-01-24,Central,SpeedEx,WH-09,Prime LLC,163.59,134.78,,Delivered
SHP-03609,2024-09-16,2024-09-20,2024-09-20,Central,SpeedEx,WH-03,Alpha Inc,582.95,669.21,89.34,Delivered
SHP-01224,2025-06-23,2025-06-24,2025-06-24,East,GlobalFreight,WH-09,Global Industries,173.87,48.81,19.95,Delivered
SHP-04988,2024-05-10,2024-05-13,2024-05-14,South,QuickMove,WH-03,Global LLC,323.43,184.86,25.0,Returned
SHP-03024,2024-10-23,2024-10-25,2024-10-25,East,ReliableCo,WH-06,Omega Ltd,243.63,214.97,23.56,Delivered
SHP-02422,2024-03-15,2024-03-17,2024-03-18,East,ReliableCo,WH-03,Sigma Industries,153.26,57.23,6.91,Delivered
SHP-01509,2024-08-18,2024-08-21,2024-08-21,West,ReliableCo,WH-05,Prime Partners,330.8,153.7,21.08,Delivered
SHP-01751,2025-02-26,2025-02-27,2025-02-26,North,FastShip,WH-02,,391.94,375.17,17.05,Delivered
SHP-04925,2024-12-24,2024-12-26,2024-12-26,West,GlobalFreight,WH-09,Sigma Enterprises,159.39,79.56,18.47,Delivered
SHP-04142,2025-01-19,2025-01-22,2025-01-22,West,ReliableCo,WH-01,Beta LLC,102.78,61.2,34.83,Delivered
SHP-01800,2025-02-11,2025-02-14,2025-02-15,East,FastShip,WH-10,Sigma Solutions,320.57,357.86,7.13,Delivered
SHP-00339,2024-04-08,2024-04-11,2024-04-12,North,GlobalFreight,WH-07,Sigma Enterprises,338.62,144.61,3.27,Returned
SHP-00216,2024-09-30,2024-10-03,2024-10-03,South,ReliableCo,WH-10,Acme Enterprises,276.37,292.82,70.61,Delivered
SHP-03664,2024-08-02,2024-08-03,2024-08-03,South,ReliableCo,WH-02,Sigma Co,58.04,5.8,88.1,Returned
SHP-01342,2024-02-26,2024-02-29,2024-02-29,South,Fast Ship,WH-08,Acme Ltd,218.3,230.19,16.24,Delivered
SHP-00012,2025-06-15,2025-06-17,2025-06-17,East,ReliableCo,WH-09,Prime Partners,100.77,66.3,42.1,In Transit
SHP-01521,2024-05-25,2024-05-27,2024-05-28,South,QuickMove,WH-07,Omega Enterprises,619.67,509.45,22.06,Delivered
SHP-03641,2025-04-17,2025-04-19,2025-04-19,North,SpeedEx,WH-07,Delta Group,540.63,796.38,16.82,Delivered
SHP-04020,2024-02-02,2024-02-03,2024-02-03,South,QuickMove,WH-09,Global Enterprises,365.57,253.32,14.04,Delivered
SHP-03854,2024-10-18,2024-10-20,2024-10-21,West,QuickMove,WH-08,Delta Solutions,188.61,116.87,47.07,In Transit
SHP-03005,2024-12-08,2024-12-10,2024-12-10,South,ReliableCo,WH-05,Acme Group,354.62,311.23,23.31,Delivered
SHP-02865,2025-02-03,2025-02-05,2025-02-05,EAST,SpeedEx,WH-09,Alpha Solutions,773.07,707.01,15.38,In Transit
SHP-03116,2024-05-31,2024-06-02,2024-06-04,West,QuickMove,WH-01,Alpha LLC,97.3,58.71,17.93,Delivered
SHP-04895,2024-01-26,2024-01-28,2024-01-29,West,QuickMove,WH-10,Prime Inc,500.21,396.79,22.65,Delivered
SHP-02323,2025-03-30,2025-04-02,2025-04-03,West,FastShip,WH-09,Alpha Group,247.66,185.54,25.42,Delivered
SHP-02572,2024-01-07,2024-01-08,2024-01-08,East,SpeedEx,WH-09,Sigma Enterprises,263.19,283.35,20.22,Delayed
SHP-02914,2025-01-25,2025-01-26,2025-01-27,Central,ReliableCo,WH-08,Prime Inc,287.2,93.4,12.39,Delayed
SHP-00102,2024-01-23,2024-01-25,2024-01-25,East,GlobalFreight,WH-07,Beta Ltd,186.79,52.25,18.18,Delayed
SHP-03550,2024-08-03,2024-08-05,2024-08-05,West,QuickMove,WH-10,Acme Industries,265.78,188.72,17.61,In Transit
SHP-01459,2024-04-20,2024-04-22,2024-04-24,South,GlobalFreight,WH-03,Global Solutions,126.23,82.72,14.97,Delivered
SHP-00172,2024-01-26,2024-01-29,2024-01-29,Central,GlobalFreight,WH-07,Alpha Industries,117.53,62.05,15.45,Delivered
SHP-00108,2025-06-29,2025-07-02,2025-07-02,Central,GlobalFreight,WH-06,Beta Industries,461.76,113.14,4.82,Delivered
SHP-04244,2025-04-08,2025-04-10,2025-04-10,West,SpeedEx,WH-02,Delta Ltd,297.17,229.44,28.34,Delivered
SHP-03570,2024-01-16,2024-01-18,2024-01-18,North,SpeedEx,WH-09,Beta Co,352.14,452.29,24.35,Returned
SHP-03262,2024-09-22,2024-09-23,2024-09-24,East,SpeedEx,WH-07,Alpha Ltd,109.43,153.12,27.18,Delivered
SHP-04413,2024-11-27,2024-12-01,2024-12-02,North,GlobalFreight,WH-09,Beta Ltd,516.82,225.69,41.83,Delivered
SHP-00025,2024-04-07,2024-04-08,2024-04-09,North,SpeedEx,WH-02,Sigma Partners,292.27,321.87,17.04,Delivered
SHP-03942,2025-04-08,2025-04-12,2025-04-13,North,SpeedEx,WH-10,Sigma Co,605.3,663.43,10.79,Delivered
SHP-04169,2024-09-24,2024-09-26,2024-09-26,South,FastShip,WH-08,Alpha Partners,283.4,234.27,16.02,Delivered
SHP-00939,2025-06-14,2025-06-18,2025-06-19,West,GlobalFreight,WH-04,Beta Partners,518.9,203.58,5.06,Delivered
SHP-00061,2025-05-13,2025-05-16,2025-05-17,South,FastShip,WH-05,Beta Group,152.09,140.8,36.82,Delivered
SHP-01241,2024-07-17,2024-07-18,2024-07-18,East,ReliableCo,WH-03,Prime Ltd,202.1,146.59,24.94,Delivered
SHP-04690,2025-03-11,2025-03-15,2025-03-14,North,ReliableCo,WH-08,Delta Inc,476.1,327.81,47.98,Delivered
SHP-01041,2024-01-21,2024-01-22,2024-01-24,South,GlobalFreight,WH-08,Prime Partners,246.58,128.08,5.55,Delivered
SHP-04234,2025-02-02,2025-02-03,2025-02-04,North,SpeedEx,WH-03,Global Solutions,121.97,121.15,9.3,Delivered
SHP-02761,2024-03-18,2024-03-20,2024-03-20,Central,SpeedEx,WH-09,Prime Co,180.61,188.53,42.63,Delivered
SHP-02121,2024-11-07,2024-11-08,2024-11-09,South,FastShip,WH-03,Alpha Ltd,201.73,229.35,7.95,Delivered
SHP-01525,2025-02-25,2025-02-28,2025-02-28,West,FastShip,WH-01,Global Ltd,123.22,109.05,12.15,In Transit
SHP-03522,2024-03-15,2024-03-17,2024-03-16,East,GlobalFreight,WH-07,Beta Industries,171.88,173.91,8.26,Delayed
SHP-00154,2024-04-21,2024-04-22,2024-04-21,East,QuickMove,WH-08,Omega Group,289.45,273.41,21.99,Delivered
SHP-02249,2025-05-14,2025-05-16,2025-05-16,East,ReliableCo,WH-10,Acme Group,223.01,166.39,21.57,Delivered
SHP-00482,2024-09-04,2024-09-08,2024-09-08,South,ReliableCo,WH-07,Beta LLC,849.33,207.19,16.44,Delivered
SHP-04281,2024-09-26,2024-09-27,2024-09-27,East,QuickMove,WH-03,Omega Inc,220.05,151.42,28.53,Delivered
SHP-04355,2024-09-11,2024-09-14,2024-09-15,south,QuickMove,WH-01,Prime Group,364.51,185.86,21.29,Delivered
SHP-03579,2025-06-04,2025-06-07,2025-06-08,North,ReliableCo,WH-06,Acme Inc,195.92,178.67,18.1,Delivered
SHP-04583,2025-03-02,2025-03-06,2025-03-07,North,FastShip,WH-09,Global Co,492.17,416.28,35.89,Delivered
SHP-03563,2024-06-21,2024-06-23,2024-06-24,East,SpeedEx,WH-02,Alpha Enterprises,327.79,552.57,22.23,Delivered
SHP-03316,2024-02-22,2024-02-25,2024-02-26,South,QuickMove,WH-01,Alpha Ltd,353.39,236.04,22.57,In Transit
SHP-01763,2024-11-25,2024-11-28,2024-11-27,Central,ReliableCo,WH-09,Delta Co,114.1,107.66,26.56,Delivered
SHP-03539,2025-06-23,2025-06-25,2025-06-25,CENTRAL,QuickMove,WH-07,Acme Corp,492.91,373.47,15.74,Delivered
SHP-04858,2024-12-01,2024-12-04,2024-12-03,East,SpeedEx,WH-10,Acme Group,73.38,116.08,20.09,Delayed
SHP-00751,2024-08-08,2024-08-10,2024-08-10,central,ReliableCo,WH-04,Alpha LLC,77.89,51.98,75.29,Delivered
SHP-03620,2024-08-02,2024-08-05,2024-08-05,Central,QuickMove,WH-09,Beta Enterprises,389.18,244.96,34.11,Delivered
SHP-01786,2024-03-02,2024-03-04,2024-03-05,West,SpeedEx,WH-07,Beta Solutions,50.0,55.43,6.19,Delivered
SHP-04320,2025-04-09,2025-04-11,2025-04-10,West,ReliableCo,WH-07,Sigma Industries,362.82,377.97,17.08,Delivered
SHP-03384,2024-03-08,2024-03-10,2024-03-11,East,GlobalFreight,WH-03,Delta Partners,682.54,499.55,37.82,Delivered
SHP-04185,2025-04-03,2025-04-04,2025-04-04,West,FastShip,WH-06,Alpha Enterprises,203.31,220.9,11.17,Delivered
SHP-00406,2024-03-31,2024-04-03,2024-04-02,East,ReliableCo,WH-07,Global Corp,261.9,244.57,12.58,Delivered
SHP-00758,2025-02-19,2025-02-20,2025-02-20,Central,ReliableCo,WH-05,Sigma Corp,180.21,45.47,12.67,Delivered
SHP-02712,2024-05-14,2024-05-15,2024-05-15,Central,FastShip,WH-06,Prime Ltd,194.66,202.55,49.72,Delivered
SHP-02671,2024-09-19,2024-09-22,2024-09-23,South,ReliableCo,WH-03,Sigma Partners,148.49,106.03,34.65,Returned
SHP-04067,2024-11-28,2024-12-01,2024-12-02,west,GlobalFreight,WH-05,Delta Group,343.68,239.48,43.55,Delivered
SHP-00098,2025-01-15,2025-01-17,2025-01-17,North,ReliableCo,WH-01,Delta Ltd,432.79,246.83,28.34,Delivered
SHP-01334,2024-01-06,2024-01-07,2024-01-08,West,SpeedEx,WH-05,Prime Industries,285.35,258.83,14.17,Delivered
SHP-04502,2025-01-10,2025-01-12,2025-01-12,South,GLOBALFREIGHT,WH-06,Acme Corp,383.65,32.11,10.1,Delivered
SHP-02792,2024-07-20,2024-07-24,2024-07-25,Central,FastShip,WH-09,Delta LLC,954.7,629.55,39.42,Delivered
SHP-02855,2024-04-23,2024-04-24,2024-04-24,West,ReliableCo,WH-08,Beta Ltd,239.67,165.26,36.2,In Transit
SHP-00187,2025-06-29,2025-06-30,2025-06-29,East,Global Freight,WH-07,Global Inc,333.82,218.99,11.84,Delayed
SHP-04089,2024-02-04,2024-02-05,2024-02-04,North,ReliableCo,WH-01,Global Inc,314.27,202.35,19.34,Delivered
SHP-02724,2024-11-04,2024-11-07,2024-11-08,West,FastShip,WH-03,Beta Solutions,240.36,192.19,24.24,In Transit
SHP-03584,2025-02-20,2025-02-21,2025-02-21,Central,GlobalFreight,WH-02,Omega Inc,112.95,36.09,42.95,Delivered
SHP-02059,2025-02-26,2025-02-27,2025-02-27,South,ReliableCo,WH-07,Acme Ltd,71.75,68.97,34.88,Delivered
SHP-01320,2024-08-31,2024-09-01,2024-08-31,West,SpeedEx,WH-06,Global Corp,101.26,91.75,21.23,Delivered
SHP-04246,2024-02-11,2024-02-13,2024-02-14,South,GlobalFreight,WH-10,Omega Group,252.97,0.01,9.5,Delivered
SHP-00149,2025-04-24,2025-04-25,2025-04-25,Central,SpeedEx,WH-09,Acme Group,326.16,443.38,14.06,Delivered
SHP-00029,2024-01-06,2024-01-07,2024-01-08,East,QuickMove,WH-10,Prime Partners,253.7,,24.81,Delivered
SHP-04533,2024-02-03,2024-02-06,2024-02-07,North,GlobalFreight,WH-05,Sigma Partners,266.87,129.14,16.39,Delivered
SHP-04095,2024-08-08,2024-08-12,2024-08-12,Central,GlobalFreight,WH-07,Beta Co,652.47,143.41,,In Transit
SHP-03364,2024-08-21,2024-08-24,2024-08-24,North,FastShip,WH-09,Beta Ltd,124.62,90.05,22.33,Returned
SHP-00693,2025-04-22,2025-04-25,2025-04-25,North,FastShip,WH-03,Sigma Corp,179.49,147.03,11.91,Delivered
SHP-02867,2024-06-12,2024-06-19,2024-06-20,South,SpeedEx,WH-01,Sigma Partners,1759.27,1791.94,21.74,Delayed
SHP-03777,2024-01-11,2024-01-14,2024-01-17,South,SpeedEx,WH-05,Sigma Industries,350.98,367.39,16.79,Delivered
SHP-01387,2024-11-15,2024-11-18,2024-11-18,East,SpeedEx,WH-10,Alpha Co,196.54,316.22,27.89,Delayed
SHP-01846,2024-09-06,2024-09-10,2024-09-11,South,ReliableCo,WH-03,Acme Group,427.95,294.2,11.51,Delivered
SHP-04785,2024-09-14,2024-09-15,2024-09-15,North,ReliableCo,WH-04,Delta Partners,182.79,141.2,107.16,Delivered
SHP-00130,2024-03-11,2024-03-13,2024-03-13,North,GlobalFreight,WH-07,Sigma Inc,330.48,208.14,33.99,Delivered
SHP-01600,2024-03-21,2024-03-23,2024-03-23,North,FastShip,WH-10,Delta Inc,262.46,257.74,7.36,Delivered
SHP-03630,2024-08-21,2024-08-23,2024-08-24,West,ReliableCo,WH-07,Acme LLC,432.49,439.85,38.75,Delivered
SHP-04554,2024-01-26,2024-01-28,2024-01-29,East,QuickMove,WH-08,Acme Solutions,393.35,144.13,49.34,Delayed
SHP-00702,2025-03-04,2025-03-07,2025-03-07,Central,SpeedEx,WH-04,Delta Inc,231.07,249.52,11.21,Delivered
SHP-04066,2024-09-17,2024-09-21,2024-09-22,West,FastShip,WH-08,Sigma LLC,638.17,508.54,18.95,Delivered
SHP-03029,2024-06-19,2024-06-22,2024-06-23,Central,SpeedEx,WH-10,Delta Inc,186.1,189.41,33.23,In Transit
SHP-02970,2024-12-20,2024-12-22,2024-12-22,North,FastShip,WH-05,Beta Inc,217.7,194.82,12.98,In Transit
SHP-04406,2025-03-11,2025-03-12,2025-03-13,South,ReliableCo,WH-08,Global Solutions,159.3,168.82,56.84,Delivered
SHP-01709,2024-04-05,2024-04-07,2024-04-07,East,GLOBALFREIGHT,WH-08,Omega Partners,122.58,87.74,8.81,Delivered
SHP-02954,2025-02-25,2025-02-27,2025-02-28,West,ReliableCo,WH-02,Acme Co,206.33,181.39,32.88,Delivered
SHP-00455,2025-02-28,2025-03-03,2025-03-03,North,GlobalFreight,WH-07,Beta Solutions,67.28,36.11,10.06,Delivered
SHP-02869,2025-05-14,2025-05-17,2025-05-18,East,FastShip,WH-06,Alpha Corp,121.8,95.04,54.42,Delivered
SHP-02041,2024-03-25,2024-03-26,2024-03-27,Central,QuickMove,WH-03,Beta Solutions,224.75,175.09,19.78,Delivered
SHP-01773,2024-02-02,2024-02-05,2024-02-06,West,SpeedEx,WH-10,Beta Corp,252.61,247.75,64.97,Delivered
SHP-02316,2025-06-22,2025-06-24,2025-06-25,East,SpeedEx,WH-01,Sigma Enterprises,77.07,96.55,11.75,Delivered
SHP-00610,2025-03-12,2025-03-13,2025-03-14,West,GlobalFreight,WH-05,Sigma Industries,226.13,106.05,6.52,Delivered
SHP-00168,2024-06-20,2024-06-23,2024-06-25,West,GlobalFreight,WH-06,Omega Partners,50.0,48.69,4.71,Delivered
SHP-00731,2024-10-07,2024-10-10,2024-10-12,South,GlobalFreight,WH-02,Beta LLC,158.97,86.1,19.2,Delayed
SHP-04991,2025-05-27,2025-05-28,2025-05-28,West,GLOBALFREIGHT,WH-01,Beta Solutions,228.14,0.01,12.06,Delivered
SHP-03359,2024-07-04,2024-07-07,2024-07-08,South,ReliableCo,WH-07,Delta Partners,301.4,149.7,45.47,Delivered
SHP-03897,2024-06-01,2024-06-04,2024-06-05,East,QuickMove,WH-08,Delta Ltd,109.18,73.07,30.24,Delivered
SHP-02075,2024-02-24,2024-02-28,2024-02-29,North,GlobalFreight,WH-08,,799.87,434.99,41.38,Delivered
SHP-04731,2024-12-13,2024-12-14,2024-12-15,East,GlobalFreight,WH-09,Omega Solutions,245.54,43.78,6.85,Delivered
SHP-03701,2024-01-10,2024-01-11,2024-01-11,East,ReliableCo,WH-07,Beta Partners,217.03,72.91,20.67,Delayed
SHP-01623,2024-07-16,2024-07-17,2024-07-18,East,FastShip,WH-03,Sigma Solutions,311.49,269.81,10.65,Delivered
SHP-00588,2024-06-03,2024-06-06,2024-06-06,North,FastShip,WH-02,Sigma Ltd,370.96,374.29,30.94,Delivered
SHP-01402,2025-04-25,2025-04-28,2025-04-28,west,QuickMove,WH-06,Delta Enterprises,314.59,180.23,15.41,Delivered
SHP-03046,2024-04-25,2024-04-26,2024-04-26,Central,ReliableCo,WH-04,Alpha Corp,244.77,178.46,7.57,Delivered
SHP-03225,2024-03-16,2024-03-19,2024-03-20,South,ReliableCo,WH-07,Alpha Enterprises,238.56,119.35,34.81,Delivered
SHP-01701,2024-02-12,2024-02-13,2024-02-13,West,SpeedEx,WH-09,Delta Partners,138.47,70.95,64.78,Delivered
SHP-03089,2024-01-30,2024-02-02,2024-02-02,South,QuickMove,WH-08,Prime Industries,59.06,46.8,29.88,Delivered
SHP-04440,2024-03-10,2024-03-11,2024-03-11,East,ReliableCo,WH-09,Global Enterprises,272.16,121.39,19.32,Delivered
SHP-02982,2024-09-20,2024-09-21,2024-09-22,East,GlobalFreight,WH-01,Acme Solutions,181.61,241.9,24.8,Delivered
SHP-00041,2025-02-16,2025-02-17,2025-02-18,North,GlobalFreight,WH-08,Sigma Group,136.35,129.2,11.31,Delivered
SHP-01380,2025-03-15,2025-03-16,2025-03-16,North,FastShip,WH-02,Beta Co,331.21,219.94,7.01,Delivered
SHP-02090,2024-06-11,2024-06-14,2024-06-14,North,SpeedEx,WH-05,Prime Corp,236.49,226.78,13.26,In Transit
SHP-03925,2024-07-19,2024-07-22,2024-07-22,South,QuickMove,WH-02,Prime Industries,225.28,184.14,9.85,Delayed
SHP-02176,2024-11-01,2024-11-03,2024-11-03,West,ReliableCo,WH-05,Prime Enterprises,636.01,293.43,31.4,Delivered
SHP-03218,2025-02-26,2025-02-27,2025-02-27,South,GlobalFreight,WH-01,Acme Inc,329.22,217.02,21.75,Delivered
SHP-02886,2024-09-01,2024-09-03,2024-09-04,West,GLOBALFREIGHT,WH-03,Prime Group,166.53,113.67,38.08,Delivered
SHP-00075,2024-04-24,2024-04-28,2024-04-29,West,SpeedEx,WH-07,,419.79,547.08,31.21,Delivered
SHP-04828,2025-05-01,2025-05-05,2025-05-05,South,GlobalFreight,WH-09,Beta Inc,575.89,164.06,11.63,Delivered
SHP-03973,2025-02-25,2025-02-28,2025-03-03,south,QuickMove,WH-09,Omega Enterprises,476.87,382.79,19.85,Delivered
SHP-02658,2024-10-30,2024-11-02,2024-11-04,South,GlobalFreight,WH-07,Delta Enterprises,427.75,412.56,21.63,Delivered
SHP-03181,2025-04-22,2025-04-24,2025-04-24,West,FastShip,WH-02,Sigma Corp,108.2,76.37,19.37,Delivered
SHP-02077,2025-02-10,2025-02-12,2025-02-12,East,SpeedEx,WH-05,Prime Partners,402.98,299.8,76.56,Delivered
SHP-00442,2025-04-30,2025-05-02,2025-05-02,Central,QuickMove,WH-01,Delta Corp,211.11,193.6,17.76,Delivered
SHP-04123,2025-06-09,2025-06-13,2025-06-15,South,QuickMove,WH-09,Omega Enterprises,498.19,418.31,36.68,Delivered
SHP-02052,2024-10-18,2024-10-21,2024-10-21,South,QuickMove,WH-06,Delta Group,192.66,146.66,6.74,Delivered
SHP-02542,2024-02-07,2024-02-08,2024-02-09,East,FastShip,WH-01,Omega Solutions,55.36,59.68,21.79,Delivered
SHP-03307,2024-07-03,2024-07-06,2024-07-08,west,reliable co,WH-06,Global Group,457.89,353.96,8.02,Delivered
SHP-01302,2024-02-11,2024-02-16,2024-02-16,East,QuickMove,WH-06,Alpha LLC,1021.5,833.53,14.1,In Transit
SHP-01782,2025-03-22,2025-03-26,2025-03-25,North,QuickMove,WH-10,Sigma Group,547.47,384.49,31.11,Delivered
SHP-04869,2024-11-23,2024-11-26,2024-11-26,East,FastShip,WH-02,Prime LLC,90.86,74.93,19.52,Delivered
SHP-03431,2024-12-20,2024-12-23,2024-12-23,East,SpeedEx,WH-09,Beta Industries,505.54,498.79,101.33,Delivered
SHP-01305,2025-02-07,2025-02-09,2025-02-09,West,GlobalFreight,WH-06,Sigma Ltd,291.37,129.9,8.68,Delivered
SHP-00237,2024-03-12,2024-03-14,2024-03-14,South,GlobalFreight,WH-03,Delta Industries,740.99,105.47,12.37,In Transit
SHP-02600,2024-09-13,2024-09-16,2024-09-17,East,GlobalFreight,WH-04,Global Partners,184.54,95.68,5.43,Delivered
SHP-00521,2025-02-28,2025-03-01,2025-03-02,North,SpeedEx,WH-03,,244.77,180.89,4.03,Delivered
SHP-02574,2024-01-11,2024-01-12,2024-01-12,North,QuickMove,WH-10,Sigma Enterprises,144.34,102.53,16.61,Delivered
SHP-03281,2024-01-17,2024-01-20,2024-01-19,Central,ReliableCo,WH-09,Sigma Partners,295.56,167.15,19.74,Delivered
SHP-03187,2024-07-08,2024-07-11,2024-07-12,west,ReliableCo,WH-03,Alpha Group,294.13,336.64,11.5,Delayed
SHP-03954,2024-04-20,2024-04-23,2024-04-24,West,QuickMove,WH-03,Prime Co,178.04,129.18,31.11,Delivered
SHP-02769,2024-01-24,2024-01-25,2024-01-25,West,GlobalFreight,WH-05,Sigma Ltd,125.33,50.56,23.02,Delivered
SHP-00736,2024-05-17,2024-05-20,2024-05-20,Central,QUICKMOVE,WH-08,Acme LLC,444.94,339.96,17.58,Delivered
SHP-04757,2024-07-19,2024-07-20,2024-07-20,Central,QuickMove,WH-01,Delta Group,146.4,104.95,23.6,Delivered
SHP-04985,2024-04-25,2024-04-26,2024-04-29,south,ReliableCo,WH-05,Beta Corp,99.59,71.16,23.98,In Transit
SHP-02107,2024-08-31,2024-09-01,2024-09-01,Central,GlobalFreight,WH-08,Sigma Partners,353.57,,10.65,In Transit
SHP-02680,2024-09-11,2024-09-12,2024-09-13,South,SpeedEx,WH-02,Beta LLC,251.57,370.7,23.13,Delivered
SHP-03230,2024-02-03,2024-02-05,2024-02-05,Central,QuickMove,WH-10,Omega Solutions,259.42,160.01,9.4,Delivered
SHP-02762,2024-11-25,2024-11-28,2024-11-29,West,FastShip,WH-08,Prime Corp,244.07,260.74,,Delivered
SHP-00593,2024-10-06,2024-10-09,2024-10-10,North,QuickMove,WH-01,Alpha Enterprises,125.22,85.7,13.68,Delivered
SHP-01304,2025-01-30,2025-02-01,2025-02-01,East,GlobalFreight,WH-02,Prime LLC,220.26,155.97,28.59,In Transit
SHP-01388,2024-07-27,2024-07-30,2024-07-31,North,GlobalFreight,WH-06,Global Partners,182.15,56.13,26.7,Delivered
SHP-04748,2024-11-24,2024-11-28,2024-11-28,North,SpeedEx,WH-10,Alpha Corp,441.92,631.53,65.81,Delivered
SHP-04577,2024-11-05,2024-11-08,2024-11-08,East,QuickMove,WH-09,Prime Enterprises,178.66,112.23,13.06,Delivered
SHP-04915,2024-01-31,2024-02-01,2024-02-01,North,ReliableCo,WH-09,Acme LLC,167.14,45.63,17.69,Delivered
SHP-01891,2024-07-20,2024-07-23,2024-07-23,North,QuickMove,WH-03,Alpha Enterprises,97.55,77.77,37.0,Delivered
SHP-02988,2025-02-11,2025-02-14,2025-02-14,South,ReliableCo,WH-04,Global Solutions,149.16,149.88,3.36,Delivered
SHP-04980,2025-05-05,2025-05-07,2025-05-07,South,SpeedEx,WH-03,Omega Inc,530.47,591.64,6.12,Delivered
SHP-03298,2024-01-28,2024-01-30,2024-01-30,South,FastShip,WH-07,Acme Co,409.07,294.62,11.73,Delivered
SHP-00905,2025-01-09,2025-01-11,2025-01-12,South,QuickMove,WH-09,Prime Corp,135.44,110.99,37.57,Delivered
SHP-04661,2025-01-19,2025-01-22,2025-01-23,North,QuickMove,WH-02,Beta Partners,379.41,259.29,23.43,Delivered
SHP-01280,2024-11-28,2024-12-02,2024-12-02,West,SpeedEx,WH-07,Delta Co,667.82,470.41,35.58,Delivered
SHP-00934,2025-06-28,2025-06-29,2025-06-29,West,ReliableCo,WH-03,Alpha Ltd,72.89,66.23,18.44,Delivered
SHP-04955,2025-05-20,2025-05-21,2025-05-22,South,SpeedEx,WH-03,Prime Group,277.6,425.4,11.28,Delayed
SHP-02309,2025-02-20,2025-02-23,2025-02-23,North,ReliableCo,WH-10,Beta Co,255.02,251.3,8.01,Delivered
SHP-01556,2024-02-12,2024-02-15,2024-02-15,West,SpeedEx,WH-07,Prime LLC,502.49,541.8,74.88,Delivered
SHP-04684,2024-07-01,2024-07-03,2024-07-03,East,FastShip,WH-04,Delta Co,126.22,87.63,12.24,Delivered
SHP-03191,2025-04-18,2025-04-21,2025-04-22,North,GlobalFreight,WH-04,Sigma Group,490.81,208.09,21.19,Delivered
SHP-04574,2024-08-02,2024-08-03,2024-08-03,West,GlobalFreight,WH-08,Alpha Inc,369.56,214.06,7.94,In Transit
SHP-00707,2024-06-21,2024-06-23,2024-06-24,West,FastShip,WH-02,Alpha Ltd,237.12,245.9,19.23,Delivered
SHP-04743,2024-10-08,2024-10-10,2024-10-10,CENTRAL,SpeedEx,WH-04,Delta Inc,144.33,213.97,54.87,Delivered
SHP-03071,2025-01-05,2025-01-08,2025-01-08,East,ReliableCo,WH-03,Acme Enterprises,840.46,740.63,34.41,In Transit
SHP-00746,2024-07-29,2024-07-31,2024-08-01,West,ReliableCo,WH-10,Delta Corp,286.69,257.02,24.58,In Transit
SHP-03595,2025-06-10,2025-06-11,2025-06-12,North,SpeedEx,WH-05,Prime Partners,172.74,201.57,,Delivered
SHP-01940,2024-01-10,2024-01-12,2024-01-15,South,SpeedEx,WH-08,Omega LLC,137.88,103.16,8.1,Delivered
SHP-04450,2025-02-21,2025-02-23,2025-02-24,West,ReliableCo,WH-04,Delta Industries,155.55,115.28,12.25,Delivered
SHP-02863,2024-06-27,2024-06-30,2024-06-29,East,QuickMove,WH-05,Omega Co,435.57,279.57,11.04,In Transit
SHP-04082,2024-02-01,2024-02-04,2024-02-05,East,SpeedEx,WH-07,Alpha Enterprises,198.86,260.1,17.58,Delivered
SHP-00514,2025-01-20,2025-01-21,2025-01-21,Central,QuickMove,WH-10,Global Ltd,164.87,93.22,11.32,Delivered
SHP-00082,2025-06-23,2025-06-24,2025-06-23,north,QuickMove,WH-04,Beta Co,133.81,109.16,34.96,Delivered
SHP-02311,2024-11-27,2024-11-28,2024-11-28,North,ReliableCo,WH-10,Beta Inc,391.18,292.33,9.26,Delivered
SHP-01309,2024-04-14,2024-04-15,2024-04-15,Central,ReliableCo,WH-09,Global Corp,129.85,105.38,85.44,Delivered
SHP-04958,2025-03-03,2025-03-05,2025-03-05,West,QuickMove,WH-03,Prime LLC,228.31,180.14,24.54,In Transit
SHP-00915,2024-01-25,2024-01-26,2024-01-25,East,ReliableCo,WH-02,Alpha Solutions,245.75,192.2,94.52,Delivered
SHP-03453,2024-06-26,2024-06-30,2024-07-01,South,SpeedEx,WH-06,Alpha Co,633.59,1004.81,20.88,Delivered
SHP-03696,2024-08-10,2024-08-14,2024-08-14,East,QuickMove,WH-01,Beta Corp,461.1,320.81,28.64,Delivered
SHP-04859,2024-05-14,2024-05-16,2024-05-16,East,FastShip,WH-06,Global Ltd,432.74,364.07,,Delivered
SHP-03157,2025-01-20,2025-01-22,2025-01-23,West,ReliableCo,WH-04,Delta Enterprises,60.25,43.72,15.87,Delivered
SHP-02199,2025-06-24,2025-06-27,2025-06-27,Central,SpeedEx,WH-07,Acme Group,254.15,205.95,5.64,Delivered
SHP-04280,2025-03-28,2025-03-31,2025-04-02,South,SpeedEx,WH-07,Delta Industries,155.93,189.24,29.55,Delayed
SHP-00775,2025-06-18,2025-06-22,2025-06-23,North,FastShip,WH-10,Sigma Corp,457.16,379.71,30.14,Delivered
SHP-00330,2025-02-14,2025-02-17,2025-02-17,Central,FastShip,WH-09,Delta Enterprises,129.14,97.97,17.62,Delivered
SHP-02055,2024-11-11,2024-11-14,2024-11-13,East,ReliableCo,WH-04,Omega Ltd,596.62,421.13,,Returned
SHP-02002,2024-10-01,2024-10-05,2024-10-06,East,SpeedEx,,Delta Inc,526.74,592.81,57.32,In Transit
SHP-00944,2025-06-10,2025-06-13,2025-06-13,West,QuickMove,WH-09,Beta Ltd,153.06,80.03,27.94,Returned
SHP-00823,2025-03-28,2025-03-31,2025-04-01,West,QuickMove,WH-01,Beta Partners,167.9,141.35,3.52,Delivered
SHP-04578,2024-09-17,2024-09-20,2024-09-21,North,fastship,WH-02,Alpha Ltd,460.28,342.72,20.34,Returned
SHP-00910,2024-04-23,2024-04-26,2024-04-27,north,QuickMove,WH-10,Acme Corp,199.64,137.28,27.67,Delivered
SHP-02517,2024-04-14,2024-04-15,2024-04-15,North,SpeedEx,WH-04,Omega Co,107.9,111.23,27.21,Delivered
SHP-00182,2024-02-03,2024-02-06,2024-02-06,North,GlobalFreight,WH-04,Omega Partners,271.11,164.16,25.62,In Transit
SHP-00165,2024-10-11,2024-10-12,2024-10-12,North,QuickMove,WH-07,Omega LLC,246.75,177.61,18.16,In Transit
SHP-01524,2024-03-05,2024-03-07,2024-03-07,North,FastShip,WH-03,Alpha LLC,221.93,191.05,33.68,Delivered
SHP-00452,2025-02-06,2025-02-09,2025-02-08,West,FastShip,WH-05,Prime Solutions,82.94,73.82,28.68,Delivered
SHP-03984,2024-10-25,2024-10-26,2024-10-27,South,ReliableCo,WH-10,Acme Ltd,192.01,169.55,43.4,In Transit
SHP-02539,2025-04-11,2025-04-14,2025-04-14,South,FastShip,WH-09,Global Partners,186.01,160.26,42.06,Delivered
SHP-04152,2024-08-21,2024-08-24,2024-08-24,CENTRAL,GlobalFreight,WH-04,Alpha Inc,830.17,238.84,30.22,Delayed
SHP-04830,2025-06-05,2025-06-07,2025-06-08,Central,SpeedEx,WH-09,Prime Partners,177.6,201.6,25.54,Delivered
SHP-01312,2024-07-25,2024-07-29,2024-07-29,East,QuickMove,WH-08,Prime Co,438.44,280.61,6.75,Delivered
SHP-03150,2024-06-20,2024-06-23,2024-06-23,East,SpeedEx,WH-05,Alpha LLC,247.65,320.93,27.38,Delivered
SHP-01112,2025-03-19,2025-03-22,2025-03-22,East,QuickMove,WH-04,Global Group,76.55,46.86,21.54,Delivered
SHP-04598,2025-03-27,2025-03-29,2025-03-29,West,QuickMove,WH-05,Sigma Corp,151.02,108.11,45.73,Delayed
SHP-03875,2025-03-15,2025-03-17,2025-03-19,South,ReliableCo,WH-06,Omega Industries,785.57,762.49,18.01,Delivered
SHP-03490,2024-12-17,2024-12-20,2024-12-22,South,Global Freight,WH-06,Acme Inc,103.8,110.65,20.65,Delivered
SHP-01288,2024-09-22,2024-09-23,2024-09-23,North,QuickMove,WH-04,Acme Partners,382.97,355.24,11.06,Delivered
SHP-04224,2024-11-19,2024-11-20,2024-11-20,South,FastShip,WH-02,Delta Partners,300.98,310.52,35.13,Delivered
SHP-04698,2025-04-10,2025-04-13,2025-04-13,West,SpeedEx,WH-06,Sigma Corp,520.83,701.81,58.42,In Transit
SHP-03681,2025-05-12,2025-05-14,2025-05-16,South,FastShip,WH-09,Global Enterprises,413.94,379.53,,Delivered
SHP-04380,2024-01-14,2024-01-15,2024-01-15,Central,SpeedEx,WH-10,Global LLC,255.44,321.69,22.62,Delayed
SHP-04215,2024-10-09,2024-10-11,2024-10-11,West,ReliableCo,WH-06,Alpha Ltd,218.03,150.76,32.13,Delivered
SHP-03301,2024-06-15,2024-06-16,2024-06-17,East,FastShip,WH-03,Sigma Inc,270.48,205.12,21.64,Delivered
SHP-03311,2024-06-08,2024-06-11,2024-06-11,West,FastShip,WH-09,Sigma Ltd,86.65,58.49,4.9,Delivered
SHP-04607,2024-08-25,2024-08-26,2024-08-27,South,GlobalFreight,WH-05,Delta Enterprises,263.66,161.32,12.72,Delivered
SHP-03126,2024-01-13,2024-01-14,2024-01-14,West,QuickMove,WH-01,Global Enterprises,332.43,207.49,10.12,Delivered
SHP-00328,2025-04-15,2025-04-18,2025-04-18,Central,Speed Ex,WH-03,Delta Partners,469.44,513.45,35.6,Delivered
SHP-01791,2024-11-21,2024-11-23,2024-11-23,Central,FastShip,WH-03,Global Industries,288.11,268.58,7.86,In Transit
SHP-02491,2024-02-16,2024-02-19,2024-02-19,North,SpeedEx,WH-03,Acme Enterprises,128.71,163.74,17.04,Delivered
SHP-02007,2024-07-13,2024-07-15,2024-07-15,Central,FastShip,WH-07,Sigma Inc,50.0,33.94,,Returned
SHP-02008,2025-05-11,2025-05-13,2025-05-14,East,FastShip,WH-02,Acme Enterprises,92.29,72.7,57.48,Delivered
SHP-01859,2024-06-24,2024-06-26,2024-06-26,East,FastShip,WH-06,Omega LLC,322.71,252.47,24.67,Delivered
SHP-04979,2024-09-23,2024-09-26,2024-09-25,West,ReliableCo,WH-06,Acme Ltd,559.12,479.97,19.6,Delayed
SHP-00313,2025-05-10,2025-05-11,2025-05-11,South,FastShip,WH-09,Prime Partners,281.54,253.28,36.0,Delivered
SHP-00833,2025-03-20,2025-03-21,2025-03-22,West,QuickMove,WH-07,Alpha Corp,127.07,100.56,6.81,Delivered
SHP-03080,2025-04-13,2025-04-15,2025-04-15,Central,ReliableCo,WH-04,Global Group,732.15,720.25,16.92,Delivered
SHP-04771,2024-07-12,2024-07-13,2024-07-13,North,FastShip,WH-06,Delta Corp,188.91,173.23,18.66,Delivered
SHP-03463,2024-01-05,2024-01-07,2024-01-08,West,ReliableCo,WH-04,Alpha Ltd,267.26,151.73,17.4,In Transit
SHP-01202,2024-04-17,2024-04-19,2024-04-18,North,GlobalFreight,WH-07,Prime Co,209.0,79.06,31.71,Delivered
SHP-04441,2024-11-04,2024-11-06,2024-11-07,EAST,QuickMove,WH-10,Beta Enterprises,173.41,133.97,57.1,Delivered
SHP-03548,2025-05-26,2025-05-28,2025-05-28,North,QuickMove,WH-08,Sigma Corp,75.71,63.75,22.9,Delivered
SHP-04079,2025-06-21,2025-06-24,2025-06-25,South,FastShip,WH-06,Sigma LLC,73.83,64.69,48.57,Delivered
SHP-02135,2025-02-09,2025-02-11,2025-02-11,Central,GlobalFreight,WH-10,Sigma Partners,358.93,251.12,31.57,In Transit
SHP-04065,2024-08-07,2024-08-08,2024-08-07,East,GlobalFreight,WH-09,Prime Corp,122.33,111.09,20.03,Delivered
SHP-03452,2025-01-08,2025-01-11,2025-01-12,South,SpeedEx,WH-09,Prime Co,382.92,344.33,10.53,Delivered
SHP-02210,2025-01-29,2025-01-30,2025-01-29,West,FastShip,WH-08,Prime Ltd,176.34,187.46,30.4,Delivered
SHP-01902,2025-01-28,2025-01-29,2025-01-29,West,ReliableCo,WH-01,Prime Co,293.95,167.69,12.86,Delivered
SHP-04051,2024-09-27,2024-09-30,2024-10-01,South,ReliableCo,WH-04,Acme Partners,567.06,334.17,138.0,Delivered
SHP-01482,2025-06-13,2025-06-16,2025-06-16,North,SpeedEx,WH-09,Sigma Ltd,85.5,108.43,22.57,Delivered
SHP-00778,2024-09-03,2024-09-06,2024-09-05,West,QuickMove,WH-08,Prime Co,320.65,187.2,16.47,In Transit
SHP-00800,2025-02-06,2025-02-07,2025-02-06,North,ReliableCo,WH-10,Acme Inc,375.26,253.5,27.28,Returned
SHP-03715,2025-01-03,2025-01-06,2025-01-06,East,QuickMove,WH-04,Sigma LLC,221.38,135.81,19.86,Delivered
SHP-03943,2025-04-14,2025-04-16,2025-04-16,East,ReliableCo,WH-07,Beta Co,232.07,115.65,,Delivered
SHP-00055,2024-10-10,2024-10-11,2024-10-11,North,Quick Move,WH-01,Alpha Co,153.9,100.26,21.27,Delayed
SHP-02973,2024-01-07,2024-01-10,2024-01-10,South,QuickMove,WH-07,Prime Inc,219.54,145.77,83.25,Delivered
SHP-03336,2025-01-20,2025-01-21,2025-01-21,South,ReliableCo,WH-07,Global Group,71.4,45.55,17.77,Delivered
SHP-01921,2025-01-02,2025-01-05,2025-01-05,Central,SpeedEx,WH-09,Beta Enterprises,336.86,352.43,59.12,Delivered
SHP-03716,2024-05-24,2024-05-25,2024-05-25,South,FastShip,WH-02,Omega Inc,172.31,138.1,17.14,Delivered
SHP-04699,2024-06-15,2024-06-18,2024-06-19,East,ReliableCo,WH-01,Prime Partners,613.81,579.13,16.25,Delivered
SHP-00947,2025-05-25,2025-05-26,2025-05-26,north,FastShip,WH-01,Omega Solutions,323.31,290.16,10.81,Delayed
SHP-01702,2024-03-16,2024-03-18,2024-03-18,Central,FastShip,WH-06,Omega Solutions,145.71,103.96,32.68,Delivered
SHP-03294,2024-08-13,2024-08-14,2024-08-15,South,FastShip,WH-02,Beta Partners,172.16,163.23,44.27,Delivered
SHP-02162,2024-04-21,2024-04-24,2024-04-23,West,ReliableCo,WH-09,Prime Corp,284.67,88.08,17.21,Delayed
SHP-01137,2025-04-24,2025-04-26,2025-04-27,north,ReliableCo,WH-05,Alpha Corp,305.55,223.03,19.29,Delayed
SHP-00988,2024-11-16,2024-11-17,2024-11-17,North,QuickMove,WH-02,Alpha Corp,206.85,155.46,11.2,Delivered
SHP-02550,2025-02-14,2025-02-15,2025-02-16,North,FastShip,WH-07,Alpha Inc,288.16,300.76,24.9,Delayed
SHP-00194,2024-09-28,2024-10-01,2024-10-03,South,SpeedEx,WH-04,Global Ltd,357.61,448.96,6.69,Delivered
SHP-03058,2024-04-29,2024-05-02,2024-05-02,West,GlobalFreight,WH-05,Alpha Inc,437.09,302.85,29.38,Delivered
SHP-03247,2025-01-01,2025-01-02,2025-01-01,South,SpeedEx,WH-05,Alpha Group,398.9,356.19,7.23,In Transit
SHP-01395,2025-01-06,2025-01-08,2025-01-08,north,FastShip,WH-10,Alpha Corp,163.88,106.15,20.31,Delivered
SHP-02638,2024-05-12,2024-05-13,2024-05-13,North,SpeedEx,WH-08,Sigma Industries,193.93,179.9,7.48,Delivered
SHP-00769,2024-04-04,2024-04-07,2024-04-08,North,ReliableCo,WH-07,Acme LLC,276.28,166.7,71.71,Delivered
SHP-04756,2024-03-31,2024-04-01,2024-04-01,West,SpeedEx,WH-09,Global Group,144.51,152.11,28.63,Delivered
SHP-03496,2024-05-10,2024-05-12,2024-05-12,North,QuickMove,WH-03,Acme Corp,538.63,398.73,19.12,Delivered
SHP-00286,2024-07-11,2024-07-12,2024-07-13,North,SpeedEx,WH-10,Delta Ltd,204.68,217.47,21.93,In Transit
SHP-04994,2025-03-06,2025-03-09,2025-03-09,South,SpeedEx,WH-01,Global LLC,144.22,120.26,31.86,Delivered
SHP-04499,2025-01-29,2025-01-31,2025-01-31,Central,FastShip,WH-04,Acme Corp,189.08,123.6,40.02,Delayed
SHP-02333,2024-08-03,2024-08-05,2024-08-06,West,QuickMove,WH-01,Beta Enterprises,280.1,235.59,16.17,Delivered
SHP-02718,2024-07-16,2024-07-19,2024-07-19,Central,GlobalFreight,WH-06,Alpha Ltd,159.69,158.03,24.47,In Transit
SHP-02080,2025-06-02,2025-06-04,2025-06-04,Central,GlobalFreight,WH-06,Delta Ltd,218.63,77.05,14.22,Returned
SHP-03390,2024-03-09,2024-03-11,2024-03-11,South,FastShip,WH-02,Omega Co,84.55,80.01,28.61,Delivered
SHP-00723,2025-01-22,2025-01-25,2025-01-25,Central,ReliableCo,WH-03,Prime Group,194.22,151.15,4.52,Delivered
SHP-00952,2024-07-24,2024-07-25,2024-07-25,East,ReliableCo,WH-01,Alpha Ltd,143.21,108.4,5.06,Delivered
SHP-04416,2025-03-22,2025-03-24,2025-03-24,South,ReliableCo,WH-10,Beta LLC,195.18,107.44,29.87,Delivered
SHP-02263,2024-09-16,2024-09-17,2024-09-18,North,QuickMove,WH-10,Alpha Inc,217.89,161.73,9.12,Delivered
SHP-00990,2024-10-17,2024-10-18,2024-10-18,Central,SpeedEx,WH-03,Beta Co,231.42,319.18,22.89,Delivered
SHP-03213,2025-05-04,2025-05-06,2025-05-06,East,ReliableCo,WH-08,Sigma Solutions,95.21,94.05,68.67,Delivered
SHP-01760,2024-01-25,2024-01-28,2024-01-28,West,GlobalFreight,WH-01,Alpha Co,95.31,0.01,11.61,In Transit
SHP-04153,2024-01-25,2024-01-27,2024-01-27,West,GlobalFreight,WH-06,Sigma Partners,224.5,284.99,15.69,Delivered
SHP-01725,2024-10-20,2024-10-21,2024-10-21,Central,ReliableCo,WH-02,Delta Enterprises,158.84,117.82,7.16,Returned
SHP-00342,2025-04-22,2025-04-24,2025-04-24,Central,FastShip,WH-01,Delta Ltd,501.67,424.36,10.45,Delivered
SHP-03702,2025-02-24,2025-02-26,2025-02-26,East,SpeedEx,WH-03,Alpha Co,333.02,372.54,12.95,Delivered
SHP-00689,2025-04-11,2025-04-12,2025-04-12,Central,QuickMove,WH-04,Delta Inc,185.03,128.15,14.64,In Transit
SHP-03433,2024-03-10,2024-03-12,2024-03-12,North,GlobalFreight,WH-06,Global Partners,289.8,197.52,19.37,Delivered
SHP-00967,2025-05-22,2025-05-25,2025-05-25,West,SpeedEx,WH-02,Prime Enterprises,195.76,230.97,63.91,Delivered
SHP-04781,2025-06-18,2025-06-22,2025-06-23,North,FastShip,WH-10,Alpha Partners,627.11,416.66,18.07,In Transit
SHP-02204,2024-01-08,2024-01-11,2024-01-11,East,QuickMove,WH-02,Acme Co,257.47,188.29,21.03,Delivered
SHP-02714,2024-07-02,2024-07-05,2024-07-05,West,GlobalFreight,WH-02,Alpha Partners,216.41,77.02,11.72,Delivered
SHP-03573,2024-11-10,2024-11-12,2024-11-12,East,SpeedEx,WH-04,Acme Inc,217.79,164.22,13.23,Delivered
SHP-01991,2025-02-03,2025-02-05,2025-02-06,West,ReliableCo,,Sigma LLC,167.62,99.56,33.61,Delayed
SHP-04121,2025-06-20,2025-06-23,2025-06-24,East,SpeedEx,WH-08,Sigma Industries,100.8,114.58,25.3,Delivered
SHP-04148,2024-11-29,2024-12-03,2024-12-04,East,QuickMove,WH-06,Omega Corp,593.93,332.43,49.61,Delivered
SHP-04797,2025-05-18,2025-05-20,2025-05-21,South,GlobalFreight,WH-04,Delta Partners,163.5,81.81,57.45,Delivered
SHP-03601,2024-05-15,2024-05-18,2024-05-17,East,GlobalFreight,WH-07,Omega Corp,236.85,203.99,33.8,Delayed
SHP-04618,2024-05-22,2024-05-25,2024-05-25,North,Reliable Co,WH-04,Omega Industries,373.65,205.25,10.19,Delivered
SHP-00179,2024-01-12,2024-01-14,2024-01-15,West,FastShip,WH-01,Global Solutions,176.45,148.99,43.48,In Transit
SHP-04300,2024-06-15,2024-06-19,2024-06-21,west,FastShip,WH-02,Acme Ltd,491.14,,20.5,Delivered
SHP-00386,2024-03-21,2024-03-22,2024-03-23,East,GlobalFreight,WH-09,Delta Inc,240.69,264.36,14.59,Delivered
SHP-04420,2024-11-28,2024-11-30,2024-12-01,South,GlobalFreight,WH-07,Prime Corp,226.86,72.45,17.61,Delivered
SHP-04620,2024-07-10,2024-07-11,2024-07-12,west,GlobalFreight,WH-02,Prime Partners,369.2,207.51,34.55,Delayed
SHP-00537,2025-03-08,2025-03-10,2025-03-10,Central,fastship,WH-02,Beta Co,214.02,130.52,11.25,Delivered
SHP-04718,2024-03-25,2024-03-27,2024-03-27,South,QuickMove,WH-04,Omega Inc,397.96,322.19,25.39,In Transit
SHP-03508,2024-05-20,2024-05-22,2024-05-23,Central,FastShip,WH-10,Global Solutions,381.4,388.13,28.54,Delivered
SHP-00202,2024-03-27,2024-03-29,2024-03-29,West,FastShip,WH-06,Delta Industries,188.54,166.54,14.37,Delivered
SHP-01333,2024-08-29,2024-09-01,2024-08-31,West,QuickMove,WH-10,Omega Ltd,325.5,210.31,16.8,Delivered
SHP-03503,2024-09-15,2024-09-18,2024-09-20,North,GlobalFreight,WH-01,Delta Solutions,150.54,66.75,76.98,Delivered
SHP-02709,2024-07-06,2024-07-09,2024-07-09,East,speedex,WH-07,Omega Corp,174.75,264.11,17.04,Delivered
SHP-04022,2024-10-13,2024-10-14,2024-10-16,South,SpeedEx,WH-08,Prime Partners,149.91,169.16,23.78,In Transit
SHP-01855,2024-09-13,2024-09-16,2024-09-16,West,SpeedEx,WH-08,Prime Solutions,391.2,428.37,16.89,Delivered
SHP-04520,2024-05-06,2024-05-09,2024-05-10,South,ReliableCo,WH-02,Acme Ltd,151.05,72.57,21.53,Delivered
SHP-02873,2024-12-15,2024-12-18,2024-12-19,North,Speed Ex,WH-02,Alpha Industries,167.97,150.59,22.79,Delivered
SHP-03031,2024-04-20,2024-04-22,2024-04-22,East,GlobalFreight,WH-06,Prime LLC,431.51,295.81,16.21,Delivered
SHP-01206,2024-08-17,2024-08-19,2024-08-19,North,GlobalFreight,WH-01,Sigma Solutions,222.52,77.06,19.89,Delivered
SHP-01646,2024-02-07,2024-02-08,2024-02-08,Central,FastShip,WH-01,Prime Partners,205.87,,6.82,Delivered
SHP-03418,2024-03-17,2024-03-20,2024-03-21,West,FastShip,WH-09,Alpha Ltd,249.56,278.88,21.16,Delivered
SHP-03477,2024-11-24,2024-11-27,2024-11-26,East,SpeedEx,WH-02,Acme Enterprises,100.25,106.98,14.85,Delivered
SHP-02862,2025-04-17,2025-04-18,2025-04-19,West,QuickMove,WH-01,Beta Co,106.57,70.46,35.8,Delivered
SHP-01793,2025-02-15,2025-02-18,2025-02-18,North,FastShip,WH-03,Sigma Industries,469.25,364.82,16.9,Delayed
SHP-03798,2025-01-20,2025-01-22,2025-01-22,West,FastShip,WH-08,Delta Ltd,286.56,198.06,4.36,Delivered
SHP-03369,2024-04-26,2024-04-27,2024-04-29,South,QuickMove,WH-10,Alpha Co,96.34,52.94,26.6,Delivered
SHP-03368,2025-05-16,2025-05-18,2025-05-19,North,FastShip,WH-10,Omega LLC,359.19,345.91,4.87,Delivered
SHP-03534,2024-01-01,2024-01-04,2024-01-03,East,QuickMove,WH-07,Delta LLC,553.12,396.06,29.8,Delayed
SHP-04443,2025-06-01,2025-06-04,2025-06-05,North,SpeedEx,WH-06,Global Corp,110.03,172.1,20.55,Delivered
SHP-03450,2024-02-20,2024-02-22,2024-02-22,East,QuickMove,WH-01,Beta Industries,192.24,163.09,,Delivered
SHP-00604,2024-01-10,2024-01-13,2024-01-12,North,GlobalFreight,WH-10,Acme Solutions,124.77,112.95,24.29,Delayed
SHP-03057,2024-05-05,2024-05-08,2024-05-10,South,QuickMove,WH-03,Global Partners,170.0,95.91,18.83,Delivered
SHP-04410,2025-04-05,2025-04-06,2025-04-06,East,ReliableCo,WH-07,Global Co,339.1,,6.32,Delivered
SHP-00127,2024-07-13,2024-07-14,2024-07-14,North,SpeedEx,WH-06,Omega Enterprises,165.61,157.64,10.97,Delivered
SHP-03877,2024-01-25,2024-01-27,2024-01-27,North,QuickMove,WH-05,Acme Group,129.05,93.91,16.75,Delivered
SHP-02936,2024-02-11,2024-02-13,2024-02-13,North,FastShip,WH-06,Beta Inc,242.01,201.77,18.52,In Transit
SHP-03532,2025-03-18,2025-03-23,2025-03-24,South,ReliableCo,WH-02,Alpha Solutions,885.42,690.1,7.74,Delivered
SHP-02731,2025-05-30,2025-06-01,2025-06-01,West,QuickMove,WH-10,Beta Group,648.85,564.0,,Delivered
SHP-00828,2024-01-17,2024-01-19,2024-01-20,North,GlobalFreight,WH-08,Omega LLC,703.95,172.78,27.51,Delivered
SHP-01640,2025-04-12,2025-04-14,2025-04-14,East,FastShip,WH-08,Prime LLC,229.32,218.49,53.59,Delivered
SHP-00985,2024-02-10,2024-02-14,2024-02-14,West,SpeedEx,WH-01,Global Ltd,517.86,524.4,11.7,Delivered
SHP-03282,2025-06-06,2025-06-08,2025-06-07,West,ReliableCo,WH-04,Global Solutions,301.83,289.94,14.21,Delivered
SHP-03472,2024-08-16,2024-08-18,2024-08-18,East,SpeedEx,WH-03,Acme Enterprises,560.85,736.77,12.63,Delivered
SHP-02189,2025-01-05,2025-01-06,2025-01-06,North,SpeedEx,WH-08,Beta Partners,354.76,332.05,48.84,In Transit
SHP-04665,2024-01-29,2024-02-01,2024-02-02,South,GlobalFreight,WH-01,Sigma Group,127.5,95.79,16.11,Delivered
SHP-02444,2024-11-04,2024-11-05,2024-11-06,South,QuickMove,WH-08,Alpha Corp,104.08,69.71,,Delivered
SHP-00363,2024-05-10,2024-05-14,2024-05-15,West,SpeedEx,WH-08,Delta Partners,514.38,605.54,66.13,In Transit
SHP-02350,2024-08-03,2024-08-04,2024-08-04,West,FastShip,WH-01,Acme Partners,358.58,276.12,31.44,Delivered
SHP-00346,2025-06-06,2025-06-08,2025-06-08,West,ReliableCo,WH-10,Omega Solutions,367.51,434.2,13.14,Delivered
SHP-00815,2024-07-10,2024-07-11,2024-07-11,East,GlobalFreight,WH-10,Sigma Enterprises,144.22,137.88,54.9,Delivered
SHP-03206,2024-09-10,2024-09-12,2024-09-12,East,GlobalFreight,WH-03,Beta Ltd,577.64,380.15,31.49,Delivered
SHP-04333,2025-04-01,2025-04-05,2025-04-07,West,QuickMove,WH-01,Omega Co,1210.48,862.51,13.12,In Transit
SHP-04850,2024-10-15,2024-10-17,2024-10-17,West,QuickMove,WH-01,Alpha Inc,362.9,204.16,19.02,Delivered
SHP-03326,2024-10-24,2024-10-27,2024-10-27,West,FastShip,WH-04,Alpha Co,268.88,206.61,35.81,Delivered
SHP-04107,2025-04-11,2025-04-12,2025-04-12,Central,FastShip,WH-06,Sigma Co,259.52,203.79,7.9,Delivered
SHP-02117,2024-05-19,2024-05-21,2024-05-21,North,QuickMove,WH-04,Omega Solutions,442.82,336.71,53.57,Delivered
SHP-01835,2024-07-28,2024-07-29,2024-07-29,Central,SpeedEx,WH-07,Global Solutions,239.38,264.4,46.87,Delivered
SHP-00794,2024-11-18,2024-11-21,2024-11-22,west,QuickMove,WH-09,Omega LLC,111.02,66.59,11.86,Delivered
SHP-02374,2024-12-31,2025-01-02,2025-01-02,Central,QuickMove,WH-05,Omega Corp,188.75,114.64,8.61,Delayed
SHP-02675,2024-10-27,2024-10-31,2024-10-31,Central,speedex,WH-09,Alpha Ltd,559.36,688.18,4.67,Delivered
SHP-00095,2024-11-04,2024-11-08,2024-11-08,North,ReliableCo,WH-10,Beta Partners,412.98,490.6,11.41,Delivered
SHP-03757,2024-01-03,2024-01-06,2024-01-06,West,QuickMove,WH-09,Alpha Corp,330.35,234.35,33.72,Delayed
SHP-02892,2024-12-13,2024-12-17,2024-12-17,West,QuickMove,WH-05,Acme Corp,464.83,333.97,16.89,Delivered
SHP-02372,2024-08-30,2024-08-31,2024-08-31,East,QuickMove,WH-04,Delta Inc,99.96,68.35,46.37,Delivered
SHP-04196,2024-06-01,2024-06-03,2024-06-03,East,GlobalFreight,WH-02,Beta Enterprises,457.93,466.96,31.02,Delivered
SHP-04482,2025-06-07,2025-06-10,2025-06-10,North,FastShip,WH-01,Delta Partners,117.22,98.57,10.63,Delivered
SHP-03229,2024-07-29,2024-08-01,2024-08-02,Central,FastShip,WH-01,Prime Co,695.64,562.22,25.72,Delivered
SHP-02854,2025-06-08,2025-06-10,2025-06-11,Central,ReliableCo,WH-01,Acme Group,311.47,235.75,12.81,Delivered
SHP-02913,2024-02-11,2024-02-13,2024-02-13,Central,ReliableCo,WH-07,Alpha Industries,277.2,290.57,16.27,Delivered
SHP-01866,2024-04-16,2024-04-19,2024-04-19,Central,ReliableCo,WH-02,Acme Solutions,170.13,87.42,8.97,In Transit
SHP-01858,2024-03-14,2024-03-15,2024-03-15,West,GlobalFreight,WH-08,Beta Inc,276.28,169.06,7.42,Delivered
SHP-02646,2024-01-02,2024-01-04,2024-01-06,East,QuickMove,,Beta Solutions,127.33,82.93,4.25,Delivered
SHP-02244,2024-12-27,2024-12-28,2024-12-29,North,SpeedEx,WH-02,Beta Enterprises,164.78,214.93,10.6,Delivered
SHP-02337,2025-04-23,2025-04-26,2025-04-27,West,ReliableCo,WH-09,Sigma Solutions,249.3,203.47,33.95,Delivered
SHP-00951,2024-02-27,2024-02-29,2024-02-28,West,ReliableCo,WH-05,Prime Corp,106.36,53.88,22.46,In Transit
SHP-03069,2024-07-29,2024-07-30,2024-07-30,North,ReliableCo,WH-06,Delta Group,222.17,175.24,41.22,Delivered
SHP-01121,2024-03-11,2024-03-12,2024-03-12,East,SpeedEx,WH-05,Alpha Partners,119.5,106.2,29.59,Delivered
SHP-02598,2025-06-08,2025-06-12,2025-06-13,West,GlobalFreight,WH-10,Omega Solutions,725.55,0.01,47.07,In Transit
SHP-02205,2025-03-28,2025-03-31,2025-03-31,Central,GlobalFreight,WH-02,Global Co,208.3,155.26,24.22,Delayed
SHP-00420,2024-10-05,2024-10-07,2024-10-09,South,SpeedEx,WH-10,Acme Solutions,507.91,685.46,14.85,Delivered
SHP-00923,2025-02-28,2025-03-04,2025-03-04,South,GlobalFreight,WH-05,Delta Inc,525.96,399.74,36.15,Delivered
SHP-01255,2024-12-17,2024-12-19,2024-12-20,East,ReliableCo,WH-06,Alpha Ltd,69.21,54.06,26.54,Delivered
SHP-00478,2024-04-20,2024-04-23,2024-04-23,Central,SpeedEx,WH-08,Acme Enterprises,119.54,,95.77,Delivered
SHP-02036,2024-06-27,2024-06-30,2024-06-30,Central,FastShip,WH-07,Alpha Partners,167.67,106.14,14.5,Delivered
SHP-01203,2024-01-24,2024-01-27,2024-01-27,East,SpeedEx,WH-09,Beta Solutions,576.16,742.74,5.26,Delivered
SHP-02627,2025-02-10,2025-02-13,2025-02-14,west,ReliableCo,WH-01,Delta Corp,248.02,166.59,5.38,Delivered
SHP-04873,2024-12-24,2024-12-25,2024-12-25,South,ReliableCo,WH-03,Beta Solutions,128.38,171.53,73.12,Delivered
SHP-01971,2024-06-20,2024-06-22,2024-06-22,North,GlobalFreight,WH-05,Acme Ltd,110.83,109.24,19.3,Delivered
SHP-03111,2025-05-02,2025-05-05,2025-05-05,East,ReliableCo,WH-10,Beta Ltd,292.0,182.25,7.33,In Transit
SHP-04019,2025-03-18,2025-03-19,2025-03-20,Central,SpeedEx,WH-07,Beta Ltd,110.94,125.9,34.73,Delayed
SHP-02152,2025-02-21,2025-02-23,2025-02-23,North,SpeedEx,WH-02,Prime Ltd,353.53,263.26,68.48,Delivered
SHP-03688,2024-04-10,2024-04-13,2024-04-13,East,FastShip,WH-06,Acme Industries,261.56,267.95,18.12,Delivered
SHP-01998,2024-05-13,2024-05-14,2024-05-15,North,QuickMove,WH-04,Delta Corp,297.33,244.09,19.75,Delivered
SHP-04034,2025-02-07,2025-02-09,2025-02-09,East,QuickMove,WH-06,Global Group,130.12,76.99,21.08,Delivered
SHP-03055,2024-07-22,2024-07-25,2024-07-25,north,FastShip,WH-08,Delta Industries,195.89,168.03,21.96,Delayed
SHP-01249,2025-02-23,2025-02-24,2025-02-25,west,QuickMove,WH-03,Beta Enterprises,228.4,144.87,19.41,In Transit
SHP-02193,2024-03-05,2024-03-07,2024-03-08,North,QuickMove,WH-06,Alpha Enterprises,252.52,167.29,60.22,Delivered
SHP-02713,2024-05-12,2024-05-13,2024-05-13,East,GlobalFreight,WH-04,Delta Inc,206.59,70.38,32.62,Delivered
SHP-00993,2024-05-01,2024-05-06,2024-05-08,West,QuickMove,WH-05,Omega Enterprises,819.89,541.35,9.29,Delayed
SHP-02191,2024-09-20,2024-09-22,2024-09-22,North,SpeedEx,WH-10,Beta Group,438.28,351.98,30.12,Delayed
SHP-03763,2025-02-10,2025-02-13,2025-02-14,South,fastship,WH-01,Beta Co,456.7,379.88,38.46,Delivered
SHP-03598,2024-02-12,2024-02-15,2024-02-15,Central,FastShip,WH-02,Sigma Corp,260.29,178.0,46.57,Returned
SHP-01319,2025-02-04,2025-02-07,2025-02-08,West,Quick Move,WH-08,Prime Co,119.12,78.51,34.76,In Transit
SHP-01864,2024-06-11,2024-06-12,2024-06-13,East,ReliableCo,WH-10,Sigma Corp,129.28,69.66,9.63,Delivered
SHP-02344,2024-10-31,2024-11-02,2024-11-02,North,SpeedEx,WH-06,Alpha LLC,171.75,154.18,9.8,Delivered
SHP-02450,2024-06-07,2024-06-10,2024-06-11,West,SpeedEx,WH-03,Delta Group,237.25,254.14,8.77,Delivered
SHP-02137,2024-03-04,2024-03-06,2024-03-08,West,SpeedEx,WH-07,Beta Partners,253.78,284.32,45.84,Delivered
SHP-01066,2024-10-11,2024-10-15,2024-10-15,North,QuickMove,WH-09,Sigma Corp,445.22,345.47,16.38,Delivered
SHP-00592,2024-12-20,2024-12-22,2024-12-23,North,FastShip,WH-05,Prime Co,167.74,129.1,6.08,Delivered
SHP-04228,2024-10-20,2024-10-23,2024-10-24,East,SpeedEx,WH-01,Prime Enterprises,308.88,252.38,11.12,Delivered
SHP-02622,2024-02-09,2024-02-12,2024-02-12,Central,SpeedEx,WH-07,Global Partners,344.32,357.89,39.39,Delivered
SHP-00078,2025-04-20,2025-04-23,2025-04-23,Central,GlobalFreight,WH-06,Delta Solutions,339.77,181.67,43.34,Delayed
SHP-02899,2025-03-18,2025-03-22,2025-03-22,East,ReliableCo,WH-08,Acme Co,992.09,746.56,36.86,Delayed
SHP-01315,2024-08-23,2024-08-26,2024-08-26,South,QuickMove,WH-06,Alpha Inc,191.05,102.65,82.75,In Transit
SHP-04422,2024-09-04,2024-09-06,2024-09-07,South,GlobalFreight,WH-07,Beta Industries,479.94,,10.52,In Transit
SHP-00873,2024-12-27,2024-12-30,2024-12-29,Central,FastShip,WH-02,Acme Ltd,140.51,112.54,17.3,In Transit
SHP-03851,2024-04-18,2024-04-20,2024-04-21,East,ReliableCo,WH-07,Alpha Co,264.03,127.48,73.21,In Transit
SHP-04842,2024-01-26,2024-01-29,2024-01-30,North,SpeedEx,WH-10,Beta Inc,222.1,312.41,23.23,Delivered
SHP-02966,2024-01-12,2024-01-15,2024-01-15,South,ReliableCo,WH-02,Acme Partners,315.08,275.58,63.18,In Transit
SHP-03392,2024-11-14,2024-11-17,2024-11-17,East,SpeedEx,WH-02,Sigma Inc,162.58,203.21,11.0,Delivered
SHP-02561,2025-02-15,2025-02-19,2025-02-20,South,ReliableCo,WH-09,Omega Ltd,672.78,440.19,28.82,Delayed
SHP-04952,2025-01-27,2025-01-30,2025-01-30,central,QuickMove,WH-03,Acme Corp,413.58,301.19,10.58,Delivered
SHP-02636,2024-08-09,2024-08-10,2024-08-10,North,FastShip,WH-07,Alpha Industries,106.03,91.22,2.81,Delivered
SHP-03531,2024-03-11,2024-03-12,2024-03-12,north,ReliableCo,WH-03,Acme LLC,50.0,46.51,13.09,In Transit
SHP-00376,2024-05-19,2024-05-21,2024-05-21,South,GlobalFreight,WH-10,Acme Group,390.34,138.39,20.04,Delivered
SHP-01909,2025-06-03,2025-06-06,2025-06-06,East,SpeedEx,WH-04,Sigma Corp,436.68,682.53,14.99,In Transit
SHP-04382,2024-11-20,2024-11-23,2024-11-24,West,SpeedEx,WH-09,Global Partners,71.64,78.0,40.52,Delayed
SHP-04429,2025-05-23,2025-05-27,2025-05-27,East,GlobalFreight,WH-05,,515.03,258.58,27.13,Delivered
SHP-04028,2024-03-26,2024-03-27,2024-03-27,East,SpeedEx,WH-09,Beta Inc,171.7,181.28,35.09,In Transit
SHP-01605,2025-06-06,2025-06-07,2025-06-08,Central,ReliableCo,WH-05,Delta Ltd,113.22,96.05,17.11,Delivered
SHP-01119,2025-06-20,2025-06-24,2025-06-24,Central,GlobalFreight,WH-01,Acme Solutions,532.19,454.35,28.78,Delivered
SHP-03678,2024-01-26,2024-01-29,2024-01-29,West,FastShip,WH-10,Delta LLC,413.45,271.79,13.54,Returned
SHP-03491,2024-11-21,2024-11-24,2024-11-24,Central,SpeedEx,WH-05,Acme Corp,163.95,197.46,21.26,Delivered
SHP-04919,2025-04-17,2025-04-20,2025-04-20,Central,ReliableCo,,Alpha Inc,260.32,0.01,42.61,Delivered
SHP-02959,2024-02-04,2024-02-07,2024-02-06,East,SpeedEx,WH-08,Alpha Ltd,317.32,234.51,20.36,Delayed
SHP-01995,2025-05-10,2025-05-13,2025-05-14,West,FastShip,WH-08,Beta Ltd,135.27,116.72,6.04,Delivered
SHP-02125,2024-02-23,2024-02-24,2024-02-25,Central,GlobalFreight,WH-10,Beta Enterprises,337.4,22.28,42.31,Delivered
SHP-04405,2025-03-13,2025-03-16,2025-03-17,East,FastShip,WH-05,Delta Partners,274.02,258.44,137.03,Delivered
SHP-02377,2024-09-09,2024-09-11,2024-09-12,North,QuickMove,WH-04,Acme LLC,741.61,510.15,33.42,In Transit
SHP-01343,2024-05-30,2024-06-01,2024-06-03,West,SpeedEx,WH-06,Delta LLC,182.49,144.06,9.13,Delivered
SHP-00321,2024-01-11,2024-01-14,2024-01-15,South,SpeedEx,WH-05,Prime Ltd,265.1,338.55,39.24,Delivered
SHP-01620,2024-10-18,2024-10-21,2024-10-21,East,FastShip,WH-04,Delta Ltd,455.92,370.84,24.69,Delivered
SHP-03714,2025-02-28,2025-03-01,2025-03-02,South,Global Freight,WH-08,Delta Corp,380.47,278.14,21.76,Delivered
SHP-02061,2025-01-27,2025-01-28,2025-01-28,South,SpeedEx,WH-09,Global Corp,278.02,293.74,51.27,Delivered
SHP-02220,2024-02-03,2024-02-06,2024-02-05,west,QuickMove,WH-10,Prime LLC,207.36,156.9,12.76,Delivered
SHP-01674,2024-01-14,2024-01-17,2024-01-17,Central,SpeedEx,WH-02,Acme Industries,212.15,260.99,9.43,Delivered
SHP-00261,2025-06-10,2025-06-13,2025-06-13,West,FastShip,WH-03,Omega Enterprises,672.07,680.0,19.55,Delivered
SHP-04467,2024-06-17,2024-06-19,2024-06-20,South,ReliableCo,WH-01,Sigma Solutions,118.39,53.21,17.46,Delayed
SHP-02040,2024-05-02,2024-05-04,2024-05-04,West,ReliableCo,WH-10,Delta Ltd,272.94,228.5,11.78,Delivered
SHP-00902,2024-05-12,2024-05-14,2024-05-14,East,ReliableCo,WH-08,Delta Co,391.22,232.4,42.84,In Transit
SHP-03745,2024-10-22,2024-10-23,2024-10-24,North,QuickMove,WH-10,Alpha Inc,137.55,81.09,29.22,Delivered
SHP-02027,2024-02-23,2024-02-25,2024-02-25,North,QuickMove,WH-09,Beta Group,122.19,85.06,35.63,Delayed
SHP-04235,2025-02-20,2025-02-21,2025-02-23,North,QuickMove,WH-01,Global LLC,188.01,124.31,16.0,Delivered
SHP-01918,2024-09-04,2024-09-05,2024-09-06,West,SpeedEx,WH-01,Prime Corp,244.09,314.26,,Delivered
SHP-01829,2024-09-15,2024-09-17,2024-09-17,Central,FastShip,WH-07,Global LLC,279.88,190.96,58.99,In Transit
SHP-01574,2024-10-11,2024-10-14,2024-10-15,East,GlobalFreight,WH-03,Delta Solutions,331.4,80.44,32.3,In Transit
SHP-04444,2024-12-20,2024-12-22,2024-12-22,Central,GlobalFreight,WH-09,Acme Partners,94.02,22.18,36.76,Delivered
SHP-04209,2025-04-11,2025-04-12,2025-04-12,West,SpeedEx,WH-04,Beta Partners,368.56,463.22,23.38,Delivered
SHP-00225,2024-04-10,2024-04-13,2024-04-13,North,ReliableCo,WH-05,Delta Corp,221.35,219.42,11.34,Delivered
SHP-00724,2024-06-06,2024-06-07,2024-06-08,West,ReliableCo,WH-04,Prime Co,387.97,330.41,313.68,In Transit
SHP-04536,2024-08-20,2024-08-23,2024-08-23,West,GlobalFreight,WH-06,Omega Group,570.31,647.41,20.03,Delivered
SHP-01142,2025-03-10,2025-03-11,2025-03-11,East,SpeedEx,WH-06,Global Solutions,393.51,516.73,8.5,Delivered
SHP-02763,2024-03-24,2024-03-25,2024-03-26,North,FastShip,WH-06,Delta Enterprises,218.78,233.36,6.23,Delivered
SHP-00847,2025-02-08,2025-02-10,2025-02-10,East,GLOBALFREIGHT,WH-09,Acme Group,475.11,168.73,21.21,Delivered
SHP-04290,2024-09-26,2024-09-27,2024-09-28,South,ReliableCo,WH-01,Omega Ltd,192.17,138.91,19.42,Returned
SHP-02552,2024-10-20,2024-10-23,2024-10-24,East,Quick Move,WH-09,Prime Group,244.6,208.31,6.99,In Transit
SHP-02929,2024-09-15,2024-09-17,2024-09-17,West,FastShip,WH-01,Alpha Ltd,485.16,454.99,6.23,Delivered
SHP-00118,2024-08-25,2024-08-28,2024-08-28,Central,ReliableCo,WH-10,Delta Group,177.99,123.7,4.01,Delivered
SHP-00646,2024-03-04,2024-03-05,2024-03-06,Central,QuickMove,WH-06,Sigma Industries,305.9,212.51,47.3,Delivered
SHP-00004,2025-04-02,2025-04-04,2025-04-03,West,SpeedEx,WH-04,Delta Enterprises,282.92,189.21,13.55,In Transit
SHP-04171,2024-07-11,2024-07-13,2024-07-13,Central,SpeedEx,WH-08,Prime Industries,309.83,261.06,7.55,Delivered
SHP-00468,2024-01-02,2024-01-03,2024-01-03,Central,FastShip,WH-04,Sigma Industries,127.16,86.99,17.28,Delayed
SHP-00006,2024-03-16,2024-03-19,2024-03-19,West,FastShip,WH-02,Beta Partners,589.57,507.1,7.41,In Transit
SHP-00920,2025-06-24,2025-06-27,2025-06-27,North,QuickMove,WH-07,Delta Partners,255.68,209.44,18.94,Delayed
SHP-02596,2024-05-08,2024-05-12,2024-05-13,West,SpeedEx,WH-05,Omega Group,1001.71,871.03,21.54,In Transit
SHP-01064,2024-03-17,2024-03-20,2024-03-20,West,GlobalFreight,WH-10,Acme Partners,277.47,185.95,41.46,In Transit
SHP-02591,2024-09-23,2024-09-25,2024-09-25,East,GlobalFreight,WH-08,Prime Group,257.86,173.69,8.42,Delivered
SHP-00243,2024-02-07,2024-02-08,2024-02-07,West,QuickMove,WH-05,Global Industries,238.87,170.27,12.47,Delivered
SHP-01161,2025-05-31,2025-06-01,2025-06-02,South,GlobalFreight,WH-03,Beta Industries,398.77,212.27,53.11,In Transit
SHP-02871,2025-02-13,2025-02-16,2025-02-17,West,GlobalFreight,WH-07,Omega Industries,246.92,120.4,14.35,In Transit
SHP-03736,2025-01-28,2025-01-29,2025-01-29,West,SpeedEx,WH-08,Beta Solutions,206.86,188.84,8.22,Delivered
SHP-02398,2024-02-22,2024-02-23,2024-02-23,East,GlobalFreight,WH-10,Sigma Group,71.13,61.38,16.15,Delayed
SHP-03518,2024-03-13,2024-03-16,2024-03-16,North,ReliableCo,WH-03,Global Co,135.13,98.33,17.34,Delivered
SHP-03422,2024-12-29,2025-01-01,2025-01-02,East,FastShip,WH-08,Global Enterprises,371.56,366.41,43.08,In Transit
SHP-02564,2025-06-17,2025-06-20,2025-06-20,North,ReliableCo,WH-01,Alpha Enterprises,335.9,255.23,7.8,Delivered
SHP-01606,2024-04-29,2024-05-01,2024-04-30,Central,FastShip,WH-01,Acme Ltd,123.69,129.3,22.12,In Transit
SHP-04883,2025-02-10,2025-02-11,2025-02-12,west,Quick Move,WH-08,Omega Group,128.42,84.35,6.27,Delayed
SHP-02325,2024-05-13,2024-05-15,2024-05-15,East,speedex,WH-04,Global Inc,155.11,175.66,9.54,Delivered
SHP-02710,2025-05-16,2025-05-18,2025-05-18,North,QuickMove,WH-08,Global Industries,161.81,104.38,13.25,Delivered
SHP-04448,2024-09-04,2024-09-07,2024-09-07,East,SpeedEx,WH-06,Beta Partners,120.99,115.28,26.5,Delayed
SHP-01313,2025-02-28,2025-03-04,2025-03-04,Central,ReliableCo,WH-09,Sigma Industries,400.06,222.77,13.78,Delivered
SHP-03449,2024-10-14,2024-10-17,2024-10-17,North,ReliableCo,WH-05,Delta Industries,421.49,248.58,27.64,Delivered
SHP-03813,2024-10-02,2024-10-05,2024-10-05,East,QuickMove,WH-04,Beta Ltd,220.39,162.15,25.38,Delivered
SHP-04708,2025-03-12,2025-03-14,2025-03-14,East,SpeedEx,WH-10,Alpha Partners,67.24,59.81,11.41,In Transit
SHP-02363,2024-06-09,2024-06-10,2024-06-11,West,SpeedEx,WH-03,Delta LLC,194.61,205.63,26.87,Delivered
SHP-01976,2025-01-24,2025-01-26,2025-01-25,North,ReliableCo,WH-03,Omega Industries,100.21,82.95,8.83,Delivered
SHP-03515,2024-06-12,2024-06-16,2024-06-16,South,ReliableCo,WH-02,Alpha Group,604.21,713.0,9.94,In Transit
SHP-01762,2024-02-14,2024-02-15,2024-02-15,South,GlobalFreight,WH-07,Delta Group,394.96,238.42,18.82,Delivered
SHP-02740,2024-12-01,2024-12-03,2024-12-04,South,ReliableCo,WH-10,Prime Group,67.21,55.11,22.05,Delivered
SHP-04712,2025-03-21,2025-03-23,2025-03-24,West,QUICKMOVE,WH-08,Beta Corp,343.74,248.57,24.95,Delivered
SHP-02473,2024-02-01,2024-02-03,2024-02-03,Central,ReliableCo,WH-02,Delta LLC,285.31,285.42,38.13,Delayed
SHP-04008,2025-03-01,2025-03-03,2025-03-04,North,FastShip,WH-06,Sigma LLC,667.97,631.21,8.8,Delivered
SHP-01494,2024-01-01,2024-01-02,2024-01-01,South,FastShip,WH-03,Acme Industries,369.27,338.63,12.85,Delivered
SHP-04207,2024-04-04,2024-04-08,2024-04-08,West,FastShip,WH-07,Sigma Solutions,605.73,405.99,40.94,In Transit
SHP-02159,2024-12-24,2024-12-26,2024-12-27,North,ReliableCo,WH-03,Beta Group,607.44,320.44,8.87,Delayed
SHP-01170,2024-05-21,2024-05-23,2024-05-24,East,FastShip,WH-08,Prime Inc,370.8,363.09,23.95,Delivered
SHP-04567,2024-11-27,2024-11-28,2024-11-28,East,ReliableCo,WH-05,Global Group,187.73,75.96,35.7,Delivered
SHP-00233,2025-06-10,2025-06-14,2025-06-15,South,SpeedEx,WH-04,Beta Enterprises,625.98,601.69,74.95,Returned
SHP-00067,2024-08-28,2024-08-31,2024-08-30,West,FastShip,WH-05,Sigma Group,210.28,230.23,7.38,Delivered
SHP-01604,2024-06-22,2024-06-25,2024-06-26,West,SpeedEx,WH-01,Beta Enterprises,82.91,98.76,12.48,Delivered
SHP-03284,2025-01-03,2025-01-05,2025-01-05,Central,GlobalFreight,WH-03,Omega Ltd,318.23,176.36,28.16,Delivered
SHP-03597,2024-03-13,2024-03-16,2024-03-16,Central,GlobalFreight,WH-03,Sigma Industries,584.54,201.95,13.35,Delivered
SHP-00126,2025-01-18,2025-01-21,2025-01-22,East,ReliableCo,WH-09,Sigma Co,426.54,200.6,29.79,Delivered
SHP-01297,2025-06-10,2025-06-12,2025-06-11,North,ReliableCo,WH-02,,456.81,308.9,23.33,Delivered
SHP-01977,2025-01-09,2025-01-11,2025-01-12,South,SpeedEx,WH-03,Sigma Enterprises,477.03,534.94,16.53,Delivered
SHP-04568,2024-01-06,2024-01-08,2024-01-08,West,GlobalFreight,WH-09,Sigma Group,59.81,32.21,96.35,Delivered
SHP-04532,2024-07-24,2024-07-27,2024-07-27,East,SpeedEx,WH-06,Sigma Ltd,682.54,687.46,10.38,Delivered
SHP-02076,2024-03-28,2024-04-01,2024-04-02,south,FastShip,WH-07,Alpha Inc,585.41,434.23,22.14,Delivered
SHP-03087,2024-06-05,2024-06-07,2024-06-07,East,ReliableCo,WH-02,Delta Ltd,140.85,111.49,19.46,Delayed
SHP-04395,2024-12-04,2024-12-06,2024-12-06,West,GlobalFreight,WH-09,Beta Inc,182.22,51.17,17.73,Delayed
SHP-03346,2024-05-12,2024-05-15,2024-05-16,Central,GlobalFreight,WH-10,,401.89,304.54,38.47,Delivered
SHP-04966,2025-02-26,2025-03-02,2025-03-03,North,FastShip,WH-03,Alpha Solutions,477.75,457.6,7.89,Delivered
SHP-02798,2025-03-10,2025-03-14,2025-03-14,East,Quick Move,WH-10,Delta Group,401.52,274.62,16.51,Delivered
SHP-00919,2025-05-26,2025-05-28,2025-05-28,North,FastShip,WH-03,Sigma Inc,123.25,103.56,21.14,Returned
SHP-01647,2024-03-09,2024-03-11,2024-03-11,Central,SpeedEx,WH-04,Prime LLC,636.83,928.37,16.74,Delivered
SHP-00365,2024-11-16,2024-11-17,2024-11-17,East,FastShip,WH-01,Acme Corp,384.52,401.24,32.18,In Transit
SHP-03288,2024-06-08,2024-06-10,2024-06-10,East,ReliableCo,WH-09,Sigma Ltd,172.87,157.04,23.96,In Transit
SHP-02126,2024-09-25,2024-09-28,2024-09-28,West,QuickMove,WH-09,Prime Enterprises,1100.22,978.67,16.71,Delayed
SHP-04124,2025-03-29,2025-03-30,2025-03-30,West,SpeedEx,WH-05,Omega Group,133.94,154.36,12.9,In Transit
SHP-00526,2024-03-16,2024-03-17,2024-03-17,North,GlobalFreight,WH-08,Prime Industries,306.69,104.0,44.16,Delivered
SHP-00056,2025-03-10,2025-03-14,2025-03-14,South,QuickMove,WH-02,Beta Industries,981.22,754.19,6.5,Returned
SHP-00639,2025-02-08,2025-02-10,2025-02-11,West,GlobalFreight,WH-04,Prime Ltd,751.88,255.27,29.2,In Transit
SHP-00303,2024-11-21,2024-11-22,2024-11-23,North,FastShip,WH-08,Beta Corp,105.47,69.97,12.37,Delivered
SHP-02767,2024-06-01,2024-06-03,2024-06-03,North,SpeedEx,WH-03,Global Group,524.59,537.97,27.58,Delivered
SHP-01277,2024-12-09,2024-12-10,2024-12-11,South,FastShip,WH-03,Acme Enterprises,311.11,216.38,20.74,Delivered
SHP-02056,2024-04-01,2024-04-04,2024-04-05,East,ReliableCo,WH-09,Delta Solutions,90.8,77.99,27.51,Delivered
SHP-03645,2024-09-15,2024-09-17,2024-09-18,North,GlobalFreight,WH-07,Omega Ltd,215.41,173.21,8.93,Delivered
SHP-04144,2024-10-22,2024-10-26,2024-10-26,East,SpeedEx,WH-05,Acme Solutions,566.83,412.62,23.11,Delayed
SHP-02879,2024-04-23,2024-04-24,2024-04-23,West,GlobalFreight,WH-04,Prime LLC,163.86,96.35,58.74,Delivered
SHP-04203,2025-05-31,2025-06-02,2025-06-02,North,FastShip,WH-04,Omega Corp,441.68,389.03,46.82,Delivered
SHP-02287,2025-06-08,2025-06-11,2025-06-11,South,ReliableCo,WH-03,Sigma Ltd,189.16,132.49,14.35,Delivered
SHP-02262,2025-03-08,2025-03-10,2025-03-09,West,GlobalFreight,WH-05,Alpha Group,204.2,200.82,19.25,Delivered
SHP-02297,2024-08-23,2024-08-24,2024-08-24,Central,ReliableCo,WH-04,Delta LLC,220.81,90.12,26.42,Delivered
SHP-01754,2025-01-12,2025-01-15,2025-01-16,North,ReliableCo,WH-07,Omega Co,413.1,284.29,26.67,Delivered
SHP-01969,2024-09-22,2024-09-27,2024-09-27,North,SpeedEx,WH-04,Alpha Ltd,1365.3,2465.8,15.67,Delivered
SHP-04401,2024-01-08,2024-01-10,2024-01-10,West,QuickMove,WH-09,Beta Partners,245.0,140.73,19.47,Delivered
SHP-03118,2025-06-22,2025-06-26,2025-06-26,East,GlobalFreight,WH-07,Sigma Group,611.39,638.02,9.65,In Transit
SHP-02394,2024-04-23,2024-04-26,2024-04-25,Central,QuickMove,WH-01,Global Inc,182.43,135.09,11.11,Delivered
SHP-00524,2024-08-18,2024-08-19,2024-08-19,East,GlobalFreight,WH-05,Alpha Solutions,355.43,324.06,19.05,Delivered
SHP-03901,2024-11-18,2024-11-19,2024-11-19,South,GlobalFreight,WH-09,Acme Co,280.99,349.22,55.02,Delivered
SHP-03123,2024-05-05,2024-05-08,2024-05-09,East,ReliableCo,WH-01,Prime Corp,243.15,216.43,21.9,Delivered
SHP-04157,2024-04-20,2024-04-24,2024-04-23,West,speedex,WH-04,Sigma Inc,401.81,296.97,14.33,Delivered
SHP-01970,2024-08-01,2024-08-04,2024-08-05,South,SpeedEx,WH-05,Omega Inc,171.49,163.68,26.56,Delivered
SHP-00672,2025-01-24,2025-01-27,2025-01-27,West,ReliableCo,WH-03,Delta Co,299.18,252.46,6.86,Delivered
SHP-04189,2024-03-30,2024-04-02,2024-04-02,South,SpeedEx,WH-03,Omega Group,168.95,226.25,9.9,Delayed
SHP-00667,2024-10-05,2024-10-07,2024-10-07,South,SpeedEx,WH-08,Delta Enterprises,323.09,423.91,8.48,Delivered
SHP-04388,2025-04-23,2025-04-26,2025-04-25,West,ReliableCo,WH-09,Beta Ltd,797.75,604.61,9.57,Delivered
SHP-01888,2024-12-23,2024-12-24,2024-12-26,West,FastShip,WH-04,Beta Enterprises,381.44,343.8,76.87,Delayed
SHP-03267,2025-04-25,2025-04-28,2025-04-30,West,GlobalFreight,WH-09,Alpha Partners,254.59,335.94,29.13,Delivered
SHP-00281,2025-01-10,2025-01-12,2025-01-13,North,GlobalFreight,WH-05,Alpha Partners,475.0,376.02,9.02,In Transit
SHP-01720,2024-09-27,2024-09-30,2024-09-30,North,ReliableCo,WH-10,Omega Group,340.57,234.93,6.43,Delivered
SHP-02948,2024-12-06,2024-12-09,2024-12-10,South,GlobalFreight,WH-06,Acme Group,640.55,86.28,57.61,Delivered
SHP-00900,2024-04-21,2024-04-24,2024-04-25,West,SpeedEx,WH-04,Prime Partners,136.45,161.56,17.13,Delivered
SHP-04905,2025-05-25,2025-05-26,2025-05-26,Central,SpeedEx,WH-05,Omega Solutions,290.41,299.91,9.94,In Transit
SHP-00761,2024-07-23,2024-07-24,2024-07-25,South,Speed Ex,WH-07,Prime Partners,352.88,336.42,23.5,Delivered
SHP-01907,2024-07-09,2024-07-13,2024-07-13,North,QuickMove,WH-07,Global LLC,1252.81,1015.0,28.34,Delivered
SHP-04043,2025-04-15,2025-04-18,2025-04-18,Central,GlobalFreight,WH-03,Sigma Co,674.04,182.47,28.66,Delivered
SHP-03824,2024-01-20,2024-01-21,2024-01-21,South,SpeedEx,WH-10,Alpha Enterprises,186.52,105.2,21.58,In Transit
SHP-04139,2025-05-11,2025-05-12,2025-05-12,North,FastShip,WH-01,Sigma Ltd,98.0,88.22,25.93,Delivered
SHP-03819,2024-02-09,2024-02-12,2024-02-13,North,FastShip,WH-05,Sigma LLC,260.47,237.37,2.57,Delayed
SHP-04301,2024-10-31,2024-11-02,2024-11-02,Central,SpeedEx,WH-02,Beta Ltd,287.69,242.67,20.44,In Transit
SHP-02594,2025-01-29,2025-01-31,2025-01-31,West,FastShip,WH-10,Acme Solutions,298.38,260.04,30.05,Returned
SHP-04165,2024-12-03,2024-12-06,2024-12-06,East,ReliableCo,WH-03,Omega Corp,169.85,76.06,42.05,Delivered
SHP-03032,2024-08-06,2024-08-09,2024-08-09,West,SpeedEx,WH-02,Omega LLC,419.57,447.31,34.82,Delivered
SHP-03580,2024-07-22,2024-07-26,2024-07-27,North,FastShip,WH-08,Acme Enterprises,401.34,375.55,53.06,Delayed
SHP-02833,2024-10-19,2024-10-21,2024-10-21,East,QuickMove,WH-01,Alpha Enterprises,151.7,111.49,25.52,Delivered
SHP-03473,2025-03-05,2025-03-07,2025-03-07,East,FastShip,WH-05,Alpha Group,172.54,164.93,39.31,Delivered
SHP-00138,2024-11-18,2024-11-20,2024-11-20,North,ReliableCo,WH-09,Alpha Group,305.73,234.59,18.01,Returned
SHP-02181,2024-09-02,2024-09-05,2024-09-06,South,QuickMove,WH-03,Sigma Inc,203.22,,25.13,Delayed
SHP-02129,2024-03-24,2024-03-26,2024-03-26,Central,FastShip,WH-05,Alpha Enterprises,282.22,221.59,23.62,Delivered
SHP-03178,2024-05-19,2024-05-24,2024-05-24,North,QuickMove,WH-07,Global Partners,1755.43,1181.93,36.9,Delivered
SHP-04417,2025-01-05,2025-01-07,2025-01-09,NORTH,ReliableCo,WH-04,Global Corp,138.76,137.07,51.08,Delayed
SHP-04262,2024-12-27,2024-12-28,2024-12-27,West,ReliableCo,WH-10,Sigma Partners,186.87,157.86,13.17,Delivered
SHP-04345,2025-06-05,2025-06-08,2025-06-07,East,GlobalFreight,WH-07,Delta LLC,362.24,311.03,18.58,Delayed
SHP-01332,2024-08-28,2024-08-30,2024-08-30,North,QuickMove,WH-03,Prime Solutions,275.62,178.67,23.39,In Transit
SHP-02018,2024-03-12,2024-03-15,2024-03-16,South,FastShip,WH-02,Omega Inc,249.78,247.82,32.21,In Transit
SHP-02483,2025-01-21,2025-01-22,2025-01-22,Central,SpeedEx,WH-05,Omega Enterprises,369.8,341.55,11.11,Returned
SHP-01359,2024-05-16,2024-05-19,2024-05-19,Central,SpeedEx,WH-03,Beta Inc,260.93,331.89,13.08,In Transit
SHP-01330,2024-05-13,2024-05-15,2024-05-15,East,ReliableCo,WH-09,Acme LLC,98.89,70.33,29.32,Delayed
SHP-02151,2024-02-24,2024-02-27,2024-02-27,North,SpeedEx,WH-03,Prime Partners,194.32,339.37,26.93,Delivered
SHP-02123,2025-06-14,2025-06-16,2025-06-16,Central,FastShip,WH-09,Acme Enterprises,344.7,358.49,10.18,Delivered
SHP-03982,2024-04-07,2024-04-10,2024-04-10,West,ReliableCo,WH-02,Delta Partners,497.25,277.22,21.27,Delivered
SHP-01253,2025-02-18,2025-02-21,2025-02-21,Central,ReliableCo,WH-01,Prime Corp,157.51,168.48,33.56,Delivered
SHP-03279,2024-09-02,2024-09-04,2024-09-04,East,GlobalFreight,WH-01,Beta Enterprises,412.92,579.69,13.16,Delivered
SHP-03375,2025-04-08,2025-04-10,2025-04-10,Central,QuickMove,WH-09,Delta Enterprises,103.79,73.91,17.43,Delayed
SHP-02815,2024-09-15,2024-09-18,2024-09-19,South,GlobalFreight,WH-02,Delta LLC,50.0,23.11,9.54,Delivered
SHP-01849,2025-06-27,2025-06-28,2025-06-28,West,FastShip,WH-02,Delta Group,111.65,,5.56,Delivered
SHP-03038,2024-12-07,2024-12-10,2024-12-09,CENTRAL,FastShip,WH-06,Global Co,203.01,105.34,,Delivered
SHP-00389,2024-07-27,2024-07-29,2024-07-29,East,QuickMove,WH-05,Alpha Partners,144.49,97.87,25.98,Delivered
SHP-00236,2024-08-09,2024-08-10,2024-08-11,South,FastShip,,Global Industries,113.5,107.55,18.74,In Transit
SHP-01078,2024-06-28,2024-07-01,2024-07-01,North,ReliableCo,WH-08,Sigma Ltd,217.42,165.0,5.92,Delayed
SHP-01985,2024-08-23,2024-08-24,2024-08-26,West,FastShip,WH-03,Sigma Solutions,64.64,69.45,,Delivered
SHP-04364,2024-09-25,2024-09-29,2024-09-28,Central,FastShip,WH-07,Delta Partners,512.77,412.06,37.76,Delivered
SHP-03963,2024-07-07,2024-07-10,2024-07-12,South,GlobalFreight,WH-05,Beta Inc,473.26,544.22,7.13,Delivered
SHP-00771,2025-06-13,2025-06-16,2025-06-16,North,QuickMove,WH-08,Beta Co,502.86,253.09,9.19,Delayed
SHP-02166,2024-02-27,2024-03-01,2024-03-01,South,FastShip,WH-10,Sigma Co,976.1,946.3,64.38,Delivered
SHP-00674,2025-03-15,2025-03-18,2025-03-18,North,QuickMove,WH-03,Omega Inc,238.99,175.27,54.71,Delayed
SHP-00250,2024-09-30,2024-10-04,2024-10-05,East,ReliableCo,WH-03,Acme Industries,719.54,457.46,,Delivered
SHP-01575,2025-01-27,2025-01-29,2025-01-29,Central,ReliableCo,WH-02,Delta Inc,140.12,95.37,13.33,Delivered
SHP-03420,2024-09-19,2024-09-22,2024-09-22,North,SpeedEx,WH-06,Prime Partners,197.89,287.41,20.36,Delivered
SHP-02082,2025-03-11,2025-03-14,2025-03-15,East,ReliableCo,WH-02,Sigma Inc,254.54,,16.94,In Transit
SHP-01824,2024-02-17,2024-02-20,2024-02-20,South,GlobalFreight,WH-04,Delta Inc,168.08,107.01,14.98,In Transit
SHP-00717,2025-06-23,2025-06-25,2025-06-25,Central,GlobalFreight,WH-10,Alpha Inc,312.68,108.94,10.8,Delayed
SHP-04721,2024-03-27,2024-03-30,2024-03-30,East,ReliableCo,WH-04,Beta Co,111.8,74.56,7.88,Delivered
SHP-02049,2024-03-14,2024-03-17,2024-03-17,East,QuickMove,WH-04,Global Corp,234.51,166.68,40.4,Delivered
SHP-04179,2025-06-09,2025-06-10,2025-06-10,West,SpeedEx,WH-08,Prime Co,293.12,258.01,18.27,Delayed
SHP-02725,2024-01-30,2024-01-31,2024-01-31,Central,GlobalFreight,WH-04,Prime Inc,98.86,39.24,15.45,Delivered
SHP-04572,2024-02-13,2024-02-16,2024-02-16,East,GlobalFreight,WH-03,Acme Partners,701.48,713.55,16.1,Delivered
SHP-01461,2024-08-10,2024-08-12,2024-08-12,East,ReliableCo,WH-08,Sigma Group,303.39,136.92,4.54,Delayed
SHP-01669,2024-01-03,2024-01-04,2024-01-05,South,ReliableCo,WH-10,Alpha Solutions,305.34,286.16,34.6,Delivered
SHP-02757,2024-10-15,2024-10-17,2024-10-17,Central,ReliableCo,WH-10,Acme Partners,263.65,209.17,7.45,Delivered
SHP-02001,2024-11-26,2024-11-29,2024-11-29,South,ReliableCo,WH-08,Alpha Co,239.89,171.65,33.13,Delivered
SHP-00405,2024-04-27,2024-04-29,2024-04-29,South,Speed Ex,WH-10,Sigma Group,292.73,290.8,44.88,Returned
SHP-00385,2024-04-12,2024-04-13,2024-04-14,South,ReliableCo,WH-05,Global Ltd,333.01,171.84,2.69,Delivered
SHP-04543,2025-03-01,2025-03-04,2025-03-04,North,GlobalFreight,WH-03,Delta Inc,657.06,488.55,29.29,Delivered
SHP-02153,2024-08-10,2024-08-12,2024-08-12,West,SpeedEx,WH-05,Sigma Partners,54.31,53.5,30.18,Delayed
SHP-01634,2024-07-09,2024-07-11,2024-07-12,Central,SpeedEx,WH-03,Beta Industries,616.63,572.59,35.67,Delivered
SHP-04935,2024-07-06,2024-07-09,2024-07-10,North,QuickMove,WH-08,Alpha Partners,1008.81,526.8,17.17,Delivered
SHP-03926,2024-05-01,2024-05-02,2024-05-02,Central,ReliableCo,WH-09,Alpha Ltd,296.16,165.93,21.14,Delivered
SHP-04159,2024-10-02,2024-10-04,2024-10-04,North,GlobalFreight,WH-06,Global Group,476.05,383.93,11.23,Delivered
SHP-00224,2024-09-15,2024-09-17,2024-09-18,East,ReliableCo,WH-10,Global Co,464.06,476.32,31.63,Delivered
SHP-02194,2024-11-20,2024-11-21,2024-11-22,West,FastShip,WH-10,Omega Industries,152.5,162.43,7.66,Delivered
SHP-03137,2024-07-21,2024-07-23,2024-07-23,North,SpeedEx,WH-08,Beta LLC,165.59,172.68,22.59,Delivered
SHP-01825,2024-12-09,2024-12-11,2024-12-11,South,ReliableCo,WH-07,Delta Corp,149.19,90.54,44.04,Delivered
SHP-04652,2025-05-03,2025-05-06,2025-05-06,Central,GlobalFreight,WH-10,Omega Group,82.07,106.3,9.39,Delivered
SHP-00798,2025-03-13,2025-03-17,2025-03-18,East,ReliableCo,WH-10,Alpha Corp,418.12,279.33,33.07,Delivered
SHP-02872,2024-09-01,2024-09-03,2024-09-03,Central,GlobalFreight,WH-01,Alpha Co,171.45,0.01,9.29,Delivered
SHP-00010,2024-10-02,2024-10-03,2024-10-03,West,ReliableCo,WH-03,Beta Enterprises,277.36,134.34,23.05,Delivered
SHP-01945,2024-09-30,2024-10-04,2024-10-03,North,GlobalFreight,WH-03,Omega Co,456.7,242.82,10.4,Delivered
SHP-01839,2024-08-14,2024-08-16,2024-08-16,Central,GlobalFreight,WH-08,Beta Partners,180.96,179.76,36.78,Delivered
SHP-00256,2024-07-26,2024-07-27,2024-07-27,North,SpeedEx,WH-06,Sigma Solutions,334.86,366.3,89.98,Delivered
SHP-04559,2024-01-24,2024-01-26,2024-01-26,Central,QuickMove,WH-06,Beta Inc,121.91,82.15,65.3,Delivered
SHP-01582,2024-12-31,2025-01-01,2024-12-31,South,FastShip,WH-09,Global Co,182.19,140.74,30.98,Delivered
SHP-02957,2025-01-13,2025-01-16,2025-01-16,East,FastShip,WH-01,Delta Inc,125.09,137.87,20.05,Delayed
SHP-00925,2024-12-27,2024-12-30,2024-12-30,West,QuickMove,WH-09,Alpha Industries,173.63,137.75,17.19,Delivered
SHP-04479,2025-01-17,2025-01-20,2025-01-20,North,SpeedEx,WH-05,Prime LLC,212.97,198.59,38.03,Delivered
SHP-02509,2024-04-03,2024-04-05,2024-04-05,North,FastShip,WH-10,Delta Inc,331.17,183.29,14.2,Delivered
SHP-03776,2024-06-07,2024-06-10,2024-06-10,North,ReliableCo,WH-01,Delta Co,592.17,552.77,6.95,In Transit
SHP-04137,2024-05-20,2024-05-21,2024-05-22,North,GlobalFreight,WH-06,Global Co,119.31,49.35,10.38,Delivered
SHP-02780,2024-06-03,2024-06-05,2024-06-05,East,SpeedEx,WH-04,Acme Partners,318.71,437.67,39.62,Delivered
SHP-00540,2024-03-19,2024-03-21,2024-03-21,West,FastShip,WH-02,Omega Inc,195.37,203.62,29.68,Delayed
SHP-02746,2025-04-08,2025-04-10,2025-04-10,West,FastShip,WH-04,Omega Inc,60.01,47.35,29.25,Delivered
SHP-04667,2024-10-20,2024-10-21,2024-10-20,East,SpeedEx,WH-03,Alpha Co,121.1,123.89,32.65,Delivered
SHP-04622,2024-08-15,2024-08-18,2024-08-19,East,FastShip,WH-03,Global Co,413.42,226.67,38.49,Delayed
SHP-01146,2024-12-04,2024-12-05,2024-12-05,West,ReliableCo,WH-09,Beta Corp,277.46,207.77,34.77,Delivered
SHP-04469,2024-12-23,2024-12-26,2024-12-27,Central,FastShip,WH-01,Acme Co,468.22,220.44,11.2,Delivered
SHP-00668,2024-04-18,2024-04-21,2024-04-22,North,GlobalFreight,WH-02,Alpha Industries,340.83,133.25,30.19,Delivered
SHP-03020,2025-04-06,2025-04-09,2025-04-10,East,ReliableCo,WH-07,Beta Co,243.09,263.82,33.39,Delivered
SHP-00358,2025-02-02,2025-02-04,2025-02-04,West,ReliableCo,WH-05,Beta Solutions,214.27,173.88,35.55,Delivered
SHP-02832,2024-04-15,2024-04-17,2024-04-18,North,GlobalFreight,WH-10,Alpha Partners,322.4,206.36,,Delivered
SHP-02784,2025-06-19,2025-06-22,2025-06-23,West,Speed Ex,WH-03,Prime Solutions,304.15,348.28,7.84,Delivered
SHP-01354,2024-04-03,2024-04-04,2024-04-05,West,GlobalFreight,WH-07,Delta Group,154.7,59.9,31.54,Delivered
SHP-00471,2025-03-19,2025-03-22,2025-03-23,Central,ReliableCo,WH-05,Acme Co,436.55,219.64,13.27,Delivered
SHP-02704,2024-07-09,2024-07-11,2024-07-11,North,FastShip,WH-02,Sigma Solutions,230.42,179.97,15.84,Delivered
SHP-03331,2025-01-19,2025-01-20,2025-01-20,West,FastShip,WH-01,Global Inc,156.56,165.28,20.34,Delivered
SHP-03638,2024-05-04,2024-05-07,2024-05-07,East,ReliableCo,WH-07,Alpha Partners,343.65,201.52,22.16,In Transit
SHP-01397,2024-10-18,2024-10-22,2024-10-22,North,QuickMove,WH-09,Acme Corp,493.0,313.33,2.95,Delivered
SHP-03585,2024-06-30,2024-07-02,2024-07-02,East,Speed Ex,WH-06,Prime Solutions,223.96,194.03,46.4,Delivered
SHP-04537,2025-03-23,2025-03-27,2025-03-27,North,FastShip,WH-01,Sigma LLC,1157.06,1083.5,53.51,Delivered
SHP-03377,2024-12-29,2024-12-30,2024-12-31,NORTH,ReliableCo,WH-06,Global Enterprises,376.42,348.84,17.95,In Transit
SHP-01257,2024-01-04,2024-01-07,2024-01-06,West,FastShip,WH-10,Sigma Corp,959.35,,14.76,Delivered
SHP-03513,2024-04-16,2024-04-18,2024-04-18,East,GlobalFreight,WH-05,Beta Corp,152.98,104.92,11.12,Delivered
SHP-01251,2024-01-01,2024-01-02,2024-01-02,Central,GlobalFreight,WH-05,Prime LLC,189.76,11.63,15.94,Delayed
SHP-04862,2025-05-08,2025-05-09,2025-05-10,West,QuickMove,WH-04,Omega Industries,185.36,118.55,10.04,Delivered
SHP-04299,2024-02-09,2024-02-10,2024-02-10,West,FastShip,WH-07,Omega Group,316.1,221.0,20.62,In Transit
SHP-03285,2024-11-27,2024-11-28,2024-11-28,Central,ReliableCo,WH-02,Alpha LLC,190.93,166.48,18.15,Delivered
SHP-02934,2025-01-25,2025-01-27,2025-01-28,East,ReliableCo,WH-05,Sigma Co,429.16,255.54,18.55,Delivered
SHP-04176,2024-07-01,2024-07-05,2024-07-04,West,SpeedEx,WH-04,Acme Inc,632.93,839.44,30.6,Delivered
SHP-01853,2025-04-22,2025-04-24,2025-04-25,Central,ReliableCo,WH-09,Beta LLC,79.44,76.3,21.5,Delivered
SHP-04924,2025-04-26,2025-04-29,2025-04-29,Central,SpeedEx,WH-08,Delta Group,314.38,293.99,20.14,Delivered
SHP-02106,2025-02-22,2025-02-25,2025-02-26,South,QuickMove,WH-06,Alpha LLC,290.72,186.11,10.93,Delivered
SHP-00134,2025-01-22,2025-01-25,2025-01-24,North,GlobalFreight,WH-06,Omega Co,235.18,95.12,20.76,Delivered
SHP-00929,2024-05-10,2024-05-11,2024-05-10,South,ReliableCo,WH-05,Alpha Enterprises,289.63,275.88,17.98,Delivered
SHP-00824,2025-06-25,2025-06-29,2025-06-30,South,FastShip,WH-05,Prime Industries,526.46,352.18,9.46,Delivered
SHP-04594,2024-12-25,2024-12-28,2024-12-27,West,ReliableCo,WH-05,Omega Co,385.66,358.9,4.91,Delivered
SHP-01532,2024-09-16,2024-09-18,2024-09-18,Central,ReliableCo,WH-02,Omega Partners,612.9,603.31,57.32,Delivered
SHP-01215,2025-03-20,2025-03-24,2025-03-25,West,FastShip,WH-08,Alpha Partners,412.59,358.79,18.19,Delivered
SHP-00505,2024-05-16,2024-05-18,2024-05-17,Central,SpeedEx,WH-09,Alpha Co,208.78,262.83,8.44,Delivered
SHP-04286,2024-07-03,2024-07-06,2024-07-08,West,GlobalFreight,WH-10,Prime Co,447.53,180.34,64.93,Delivered
SHP-01997,2025-04-18,2025-04-19,2025-04-19,West,SpeedEx,WH-02,Alpha Partners,282.28,326.08,15.7,Delivered
SHP-03073,2025-05-28,2025-05-29,2025-05-29,Central,SpeedEx,WH-02,Global Enterprises,200.46,197.37,8.06,Delivered
SHP-01959,2024-12-24,2024-12-26,2024-12-26,North,FastShip,WH-04,Omega Ltd,359.66,317.46,11.28,Delivered
SHP-01385,2024-03-03,2024-03-06,2024-03-06,West,SpeedEx,WH-07,Omega Industries,129.88,102.85,39.12,Delayed
SHP-00895,2024-04-11,2024-04-12,2024-04-11,Central,GlobalFreight,WH-08,Acme Solutions,148.54,52.79,9.52,Delivered
SHP-00456,2024-02-22,2024-02-23,2024-02-23,East,Fast Ship,WH-01,Omega Industries,226.16,184.61,,Delivered
SHP-04689,2024-10-20,2024-10-23,2024-10-23,Central,GlobalFreight,WH-03,Beta Corp,169.68,137.36,,Delivered
SHP-03710,2024-09-05,2024-09-08,2024-09-08,South,SpeedEx,WH-10,Acme Solutions,286.91,338.17,35.31,Delivered
SHP-04671,2024-08-31,2024-09-02,2024-09-03,East,GlobalFreight,WH-10,Delta Inc,266.38,130.44,26.5,Delivered
SHP-04269,2024-07-01,2024-07-04,2024-07-04,Central,SpeedEx,WH-04,Prime Ltd,421.72,438.92,33.09,Delivered
SHP-03523,2025-02-25,2025-02-28,2025-02-28,Central,QuickMove,WH-06,Delta Co,163.9,114.47,16.61,Delivered
SHP-04135,2024-02-19,2024-02-22,2024-02-23,North,QuickMove,WH-06,Acme LLC,177.05,84.28,7.31,Delivered
SHP-03603,2024-09-20,2024-09-23,2024-09-23,East,GlobalFreight,WH-09,Omega Group,146.59,101.56,13.53,Delivered
SHP-00714,2024-08-02,2024-08-03,2024-08-03,Central,GlobalFreight,WH-06,Beta Group,126.1,121.74,,Delivered
SHP-04187,2024-03-06,2024-03-07,2024-03-07,East,GlobalFreight,WH-06,Prime Partners,107.54,102.94,68.93,Delivered
SHP-02215,2024-02-20,2024-02-21,2024-02-21,Central,ReliableCo,WH-05,Prime Corp,277.19,119.01,5.64,Delivered
SHP-02924,2025-06-27,2025-06-30,2025-06-30,East,ReliableCo,WH-09,Beta LLC,596.06,387.06,9.88,Delivered
SHP-01811,2024-01-30,2024-02-01,2024-02-01,East,GlobalFreight,WH-02,Beta Corp,369.79,127.15,12.8,Delivered
SHP-03487,2024-11-29,2024-11-30,2024-12-01,South,FastShip,WH-05,Omega Inc,145.48,195.36,32.68,Delivered
SHP-03142,2024-07-12,2024-07-15,2024-07-15,Central,QuickMove,WH-04,Sigma Inc,126.26,95.11,15.72,Delivered
SHP-01828,2024-04-10,2024-04-13,2024-04-13,West,GlobalFreight,WH-10,Beta Inc,130.31,60.58,11.83,Delivered
SHP-01156,2025-03-18,2025-03-19,2025-03-19,CENTRAL,GlobalFreight,WH-08,Beta LLC,186.39,62.22,34.48,Delivered
SHP-01325,2024-10-23,2024-10-24,2024-10-25,West,GlobalFreight,WH-10,Delta Corp,256.66,207.61,24.41,Delayed
SHP-04313,2025-06-05,2025-06-07,2025-06-08,West,SpeedEx,WH-09,Acme Solutions,136.1,88.18,18.22,Delivered
SHP-00511,2025-05-31,2025-06-03,2025-06-04,West,GlobalFreight,WH-06,Prime Partners,161.28,71.41,22.35,In Transit
SHP-01681,2025-05-01,2025-05-04,2025-05-05,Central,SpeedEx,WH-02,Alpha Industries,344.11,407.2,3.51,Delivered
SHP-00500,2024-10-04,2024-10-07,2024-10-07,West,FastShip,WH-08,Sigma Enterprises,240.83,198.81,11.92,Returned
SHP-04587,2024-08-07,2024-08-10,2024-08-10,Central,GlobalFreight,WH-08,Global Corp,84.24,17.52,68.77,Delivered
SHP-01857,2024-08-30,2024-09-02,2024-09-02,North,SpeedEx,WH-02,Acme Corp,83.39,84.92,8.85,Delivered
SHP-01389,2025-01-16,2025-01-17,2025-01-18,West,ReliableCo,WH-01,Prime LLC,220.62,162.66,7.27,Delivered
SHP-03720,2025-04-24,2025-04-28,2025-04-28,West,Speed Ex,WH-08,Beta Partners,418.85,449.62,14.39,Delivered
SHP-02387,2025-05-10,2025-05-12,2025-05-13,East,FastShip,WH-04,Delta Industries,569.74,541.64,33.86,Delivered
SHP-03237,2024-03-15,2024-03-16,2024-03-18,South,SpeedEx,WH-06,Prime LLC,120.12,156.77,10.16,Delivered
SHP-01541,2024-03-05,2024-03-08,2024-03-09,East,GlobalFreight,WH-04,Beta Co,266.68,59.91,6.87,Delivered
SHP-01218,2024-03-22,2024-03-24,2024-03-24,North,SpeedEx,WH-09,Alpha LLC,267.24,499.54,52.04,Delivered
SHP-02682,2024-12-13,2024-12-15,2024-12-15,Central,FastShip,WH-04,Delta Group,359.02,281.74,7.14,Delivered
SHP-02994,2025-06-13,2025-06-14,2025-06-14,East,SpeedEx,WH-04,Acme Corp,137.06,128.04,7.67,Delivered
SHP-01192,2025-06-09,2025-06-10,2025-06-10,Central,ReliableCo,WH-05,Beta Industries,134.74,69.17,16.83,Delivered
SHP-01543,2024-04-13,2024-04-14,2024-04-15,Central,ReliableCo,WH-09,Sigma Corp,222.03,127.27,22.04,Delivered
SHP-03302,2025-01-30,2025-01-31,2025-01-31,East,QuickMove,WH-07,Global Enterprises,383.08,386.78,20.49,Delivered
SHP-03325,2024-03-18,2024-03-19,2024-03-20,West,QuickMove,WH-03,Delta Ltd,343.8,203.47,7.02,Delivered
SHP-02540,2024-04-26,2024-04-27,2024-04-27,East,SpeedEx,WH-09,Acme Co,126.69,155.27,46.92,In Transit
SHP-00954,2025-05-14,2025-05-15,2025-05-16,North,SpeedEx,WH-04,Omega Partners,146.36,114.73,5.72,Delayed
SHP-04331,2024-03-03,2024-03-05,2024-03-06,Central,SpeedEx,WH-08,Beta Industries,205.86,200.1,59.28,Delivered
SHP-00733,2025-06-28,2025-07-01,2025-07-02,North,SpeedEx,WH-04,,630.73,830.85,14.6,Delivered
SHP-01157,2024-02-24,2024-02-27,2024-02-28,North,ReliableCo,WH-06,Acme Enterprises,303.01,186.82,12.02,Delayed
SHP-03295,2024-07-05,2024-07-07,2024-07-09,West,FastShip,WH-03,Sigma Industries,216.99,165.26,23.66,Delivered
SHP-02983,2025-03-01,2025-03-03,2025-03-03,West,GlobalFreight,WH-04,Acme Partners,169.57,76.73,92.21,Delivered
SHP-02157,2025-04-08,2025-04-10,2025-04-11,West,SpeedEx,WH-03,Delta Solutions,451.77,458.6,39.36,Delivered
SHP-01063,2024-05-04,2024-05-07,2024-05-07,Central,Global Freight,WH-06,Beta Industries,328.91,,23.28,In Transit
SHP-02617,2024-02-18,2024-02-19,2024-02-19,East,GlobalFreight,WH-07,Beta Co,208.36,73.8,45.19,Delivered
SHP-01168,2024-11-26,2024-11-28,2024-11-28,Central,GlobalFreight,WH-02,Sigma Industries,146.39,116.48,6.41,Delivered
SHP-03223,2024-02-06,2024-02-07,2024-02-07,Central,SpeedEx,WH-06,Acme LLC,263.08,353.98,14.86,Delivered
SHP-03637,2024-04-12,2024-04-14,2024-04-14,East,QuickMove,WH-09,Sigma Corp,497.57,374.18,19.92,Delivered
SHP-02939,2024-09-09,2024-09-10,2024-09-10,North,FastShip,WH-09,Beta Inc,140.37,106.69,47.69,Delivered
SHP-04492,2024-06-15,2024-06-17,2024-06-16,West,GlobalFreight,WH-06,Global Corp,304.45,68.23,17.62,Delayed
SHP-03141,2025-02-18,2025-02-20,2025-02-20,CENTRAL,ReliableCo,,Delta Corp,232.17,154.75,18.95,Delivered
SHP-00144,2024-10-26,2024-10-29,2024-10-29,East,ReliableCo,WH-08,Beta Partners,297.72,272.68,4.27,In Transit
SHP-03578,2025-01-26,2025-01-28,2025-01-29,South,QuickMove,WH-09,Omega Co,145.69,102.38,13.0,Returned
SHP-02783,2024-07-11,2024-07-12,2024-07-13,NORTH,SpeedEx,WH-10,Alpha Group,160.65,113.41,26.48,In Transit
SHP-00718,2025-06-13,2025-06-15,2025-06-16,East,QuickMove,WH-06,Delta Partners,337.27,214.6,27.68,Delayed
SHP-01820,2024-06-19,2024-06-20,2024-06-20,South,SpeedEx,WH-05,Global Inc,129.95,140.27,34.43,Delayed
SHP-02503,2025-03-15,2025-03-18,2025-03-19,south,QuickMove,WH-07,Omega Enterprises,147.15,116.57,36.45,Delivered
SHP-04361,2025-05-10,2025-05-11,2025-05-11,Central,GlobalFreight,WH-09,Beta Solutions,263.71,149.62,5.13,Delivered
SHP-04172,2025-01-04,2025-01-08,2025-01-08,North,QuickMove,WH-02,Beta Corp,1162.66,753.56,28.84,Delayed
SHP-00396,2025-04-04,2025-04-07,2025-04-08,East,FastShip,WH-10,Prime Industries,275.98,192.53,20.97,Delivered
SHP-04891,2025-06-04,2025-06-05,2025-06-05,West,ReliableCo,WH-07,Global Corp,154.56,58.54,26.65,Delivered
SHP-04493,2024-02-15,2024-02-16,2024-02-15,North,FastShip,WH-06,Global Partners,118.81,103.05,10.22,Delivered
SHP-01366,2024-09-23,2024-09-24,2024-09-25,South,FastShip,WH-04,Beta Inc,239.38,242.62,11.9,Delivered
SHP-04609,2024-07-12,2024-07-16,2024-07-16,West,SpeedEx,WH-02,Beta Industries,703.72,705.13,11.27,Delivered
SHP-00596,2024-07-30,2024-08-01,2024-07-31,North,SpeedEx,WH-07,Delta Partners,137.24,162.76,19.41,Delivered
SHP-03953,2024-03-27,2024-03-29,2024-03-29,East,QuickMove,WH-04,Sigma Group,416.71,216.81,68.23,Delivered
SHP-02915,2024-03-10,2024-03-13,2024-03-14,West,ReliableCo,WH-01,Acme Enterprises,589.63,503.84,14.67,Delivered
SHP-02327,2024-05-07,2024-05-09,2024-05-10,North,GlobalFreight,WH-02,Omega Inc,444.57,377.46,26.08,Delivered
SHP-03767,2024-06-05,2024-06-08,2024-06-08,Central,FastShip,WH-03,Prime Industries,277.21,263.26,34.55,Delivered
SHP-03441,2024-06-28,2024-07-02,2024-07-02,East,ReliableCo,WH-07,Alpha LLC,765.48,519.01,16.89,Delayed
SHP-03852,2024-04-09,2024-04-11,2024-04-12,North,SpeedEx,WH-04,Sigma Inc,294.48,316.77,20.36,Delivered
SHP-04133,2025-03-11,2025-03-13,2025-03-13,West,QuickMove,WH-09,Delta Enterprises,310.1,222.87,49.27,Delivered
SHP-04642,2025-01-12,2025-01-15,2025-01-15,North,QuickMove,WH-10,Global Co,362.41,253.15,8.85,Delivered
SHP-02144,2025-03-19,2025-03-22,2025-03-23,North,QuickMove,WH-08,Prime Solutions,313.01,214.57,26.68,Delivered
SHP-01572,2024-07-17,2024-07-19,2024-07-19,North,SpeedEx,WH-05,Sigma Corp,171.31,143.89,32.76,Delivered
SHP-04080,2025-06-10,2025-06-13,2025-06-13,East,GlobalFreight,WH-07,Global Industries,310.98,98.0,57.36,Delivered
SHP-01123,2024-11-16,2024-11-19,2024-11-20,South,FastShip,WH-08,Sigma Corp,415.17,377.52,10.27,Delivered
SHP-02787,2024-05-13,2024-05-15,2024-05-15,East,GlobalFreight,WH-08,Sigma Co,498.25,195.25,25.53,Delivered
SHP-02968,2024-07-15,2024-07-16,2024-07-17,Central,GlobalFreight,WH-07,Sigma Industries,299.51,330.27,17.54,Delivered
SHP-02505,2025-01-18,2025-01-19,2025-01-20,South,QuickMove,WH-09,Beta Inc,128.48,80.75,70.54,Delivered
SHP-03466,2024-02-14,2024-02-18,2024-02-20,South,ReliableCo,WH-07,Delta Enterprises,527.53,305.33,21.71,Delivered
SHP-00676,2025-02-06,2025-02-08,2025-02-09,South,QuickMove,WH-01,Prime Solutions,308.61,278.13,41.12,Delivered
SHP-02809,2024-02-01,2024-02-03,2024-02-04,East,GlobalFreight,WH-04,Omega Partners,274.67,157.03,22.81,Delivered
SHP-03349,2024-07-28,2024-07-30,2024-07-29,North,FastShip,WH-09,Sigma Enterprises,321.37,290.52,17.12,Delivered
SHP-00729,2025-06-17,2025-06-18,2025-06-18,East,GlobalFreight,WH-06,Delta Corp,157.82,127.14,73.26,Delivered
SHP-00413,2024-10-11,2024-10-14,2024-10-15,North,fastship,WH-09,Prime Ltd,498.91,467.45,25.23,Delivered
SHP-03147,2024-09-30,2024-10-01,2024-10-02,West,QuickMove,WH-10,Global Co,160.85,135.43,24.27,Delivered
SHP-01517,2024-06-20,2024-06-22,2024-06-22,West,GlobalFreight,WH-04,Delta Solutions,272.61,95.22,43.3,Delivered
SHP-00826,2024-08-15,2024-08-18,2024-08-18,Central,reliable co,WH-02,Acme Inc,299.8,237.84,9.8,Delivered
SHP-03268,2025-03-11,2025-03-13,2025-03-13,East,ReliableCo,WH-08,Prime LLC,134.88,108.77,27.65,In Transit
SHP-03975,2024-02-03,2024-02-06,2024-02-06,East,ReliableCo,WH-06,Delta Solutions,938.58,548.6,9.67,Delivered
SHP-00617,2024-12-15,2024-12-18,2024-12-19,West,FastShip,WH-10,Global Industries,412.19,303.17,20.63,Delivered
SHP-00115,2024-02-27,2024-03-01,2024-03-01,East,FastShip,WH-07,Sigma Inc,229.47,175.99,8.68,Delivered
SHP-00418,2024-10-25,2024-10-28,2024-10-28,East,GlobalFreight,WH-03,Omega Ltd,405.2,214.07,15.54,Delivered
SHP-03070,2024-06-13,2024-06-16,2024-06-16,West,GlobalFreight,WH-07,Omega Industries,215.0,146.63,8.64,Delivered
SHP-01626,2025-01-09,2025-01-11,2025-01-10,West,QuickMove,WH-05,Alpha Industries,511.0,380.11,7.7,Delayed
SHP-01591,2024-12-22,2024-12-24,2024-12-24,Central,ReliableCo,WH-01,Global Co,419.48,271.61,32.4,Delivered
SHP-04186,2024-06-06,2024-06-09,2024-06-09,West,QuickMove,WH-02,Sigma Solutions,284.56,200.23,27.67,Delivered
SHP-02897,2025-02-14,2025-02-17,2025-02-18,East,GlobalFreight,WH-02,Sigma Corp,341.46,142.8,10.38,Delivered
SHP-04827,2025-03-26,2025-03-30,2025-03-30,East,ReliableCo,WH-04,Beta Ltd,408.07,325.53,41.68,Delayed
SHP-02083,2025-04-12,2025-04-13,2025-04-14,south,GlobalFreight,WH-07,Acme Industries,253.13,135.54,44.72,Delivered
SHP-00754,2025-04-09,2025-04-11,2025-04-10,Central,GlobalFreight,WH-03,Omega Industries,113.04,48.03,41.55,Delivered
SHP-02547,2024-07-05,2024-07-07,2024-07-09,West,FastShip,WH-07,Prime Solutions,167.75,110.45,9.41,Delivered
SHP-03970,2025-01-17,2025-01-19,2025-01-19,Central,GlobalFreight,WH-06,Beta Group,206.69,92.13,37.71,Delivered
SHP-03374,2024-03-12,2024-03-15,2024-03-15,West,FastShip,WH-03,Sigma Co,213.93,190.82,24.18,Delivered
SHP-04108,2024-06-20,2024-06-23,2024-06-23,North,QuickMove,WH-01,Alpha Ltd,117.86,88.13,56.48,Delivered
SHP-02445,2024-11-19,2024-11-20,2024-11-20,Central,ReliableCo,WH-09,Sigma Co,311.06,285.37,26.0,Delivered
SHP-04381,2025-05-30,2025-06-01,2025-06-02,Central,GlobalFreight,WH-03,Prime Corp,263.01,90.06,65.82,Delivered
SHP-01067,2024-10-21,2024-10-23,2024-10-24,East,FastShip,WH-03,Beta Industries,236.06,210.96,4.97,Delivered
SHP-03914,2024-06-23,2024-06-24,2024-06-24,Central,FastShip,WH-07,Omega Corp,331.16,276.0,20.78,Delivered
SHP-03499,2024-08-09,2024-08-12,2024-08-11,East,GlobalFreight,WH-09,Omega LLC,349.74,178.59,30.96,In Transit
SHP-02739,2024-06-02,2024-06-06,2024-06-07,South,GlobalFreight,WH-08,Alpha LLC,405.97,161.92,18.07,Delivered
SHP-04001,2024-04-20,2024-04-22,2024-04-23,South,speedex,WH-10,Omega Co,414.71,361.6,14.53,Delivered
SHP-01569,2024-03-16,2024-03-17,2024-03-17,West,QuickMove,WH-10,Sigma Ltd,231.56,152.75,21.31,Delivered
SHP-02428,2024-04-05,2024-04-08,2024-04-08,East,SpeedEx,WH-07,Delta Inc,109.18,91.53,32.28,Delivered
SHP-03747,2025-03-12,2025-03-14,2025-03-14,Central,ReliableCo,WH-10,Alpha Solutions,90.71,88.77,41.49,Delivered
SHP-04692,2024-03-27,2024-03-31,2024-03-31,North,FastShip,WH-09,Global Ltd,430.42,333.9,39.44,Delivered
SHP-01688,2024-08-25,2024-08-26,2024-08-26,CENTRAL,FastShip,WH-01,Sigma Inc,180.6,177.74,11.75,Delivered
SHP-00852,2024-04-15,2024-04-17,2024-04-16,East,QuickMove,WH-10,Sigma Co,317.85,244.18,21.94,Delivered
SHP-03547,2024-08-11,2024-08-12,2024-08-13,West,SpeedEx,WH-06,Alpha Industries,294.96,356.99,17.73,Delayed
SHP-00896,2024-03-07,2024-03-11,2024-03-13,West,fastship,WH-07,Acme Solutions,875.56,996.43,8.53,Delivered
SHP-04593,2024-05-28,2024-05-31,2024-05-31,East,QuickMove,WH-05,Alpha Partners,178.62,102.63,12.61,Delivered
SHP-00336,2024-02-23,2024-02-25,2024-02-25,East,FastShip,WH-09,Acme Enterprises,269.44,246.68,46.22,Delivered
SHP-02840,2024-09-26,2024-09-27,2024-09-28,East,ReliableCo,WH-10,Omega Enterprises,252.66,155.09,24.65,Delayed
SHP-03088,2024-01-26,2024-01-27,2024-01-27,East,FastShip,WH-05,Beta Inc,165.0,124.22,15.94,Delivered
SHP-04612,2024-12-18,2024-12-20,2024-12-20,East,FastShip,WH-07,Alpha Partners,142.9,141.04,29.9,Delivered
SHP-01349,2025-06-20,2025-06-22,2025-06-22,Central,GlobalFreight,WH-02,Beta Co,260.27,45.99,35.24,Delivered
SHP-01016,2024-11-22,2024-11-24,2024-11-24,East,QuickMove,WH-08,Beta Group,383.73,232.12,25.1,Delivered
SHP-02817,2025-06-25,2025-06-27,2025-06-28,North,ReliableCo,WH-01,Prime Group,295.82,238.49,35.39,Delivered
SHP-01632,2024-01-27,2024-01-31,2024-02-01,South,FastShip,WH-08,Prime LLC,479.05,382.81,,Delivered
SHP-02490,2024-07-31,2024-08-02,2024-08-02,Central,QuickMove,WH-08,Sigma Inc,309.55,236.83,27.06,Delivered
SHP-03731,2025-06-27,2025-06-28,2025-06-27,South,FastShip,WH-07,Sigma Group,225.14,190.09,35.68,Delayed
SHP-03252,2024-11-23,2024-11-24,2024-11-24,South,FastShip,WH-09,Prime Enterprises,223.88,162.91,15.72,Delayed
SHP-04687,2024-10-24,2024-10-26,2024-10-26,South,GlobalFreight,WH-07,Acme Corp,562.32,387.42,27.07,Delivered
SHP-02071,2024-02-24,2024-02-25,2024-02-26,East,QuickMove,WH-04,Beta Group,202.35,157.97,2.56,Delayed
SHP-04453,2025-04-06,2025-04-08,2025-04-08,Central,ReliableCo,WH-04,Beta Solutions,246.27,226.72,44.24,Delivered
SHP-04938,2024-06-11,2024-06-14,2024-06-15,West,FastShip,WH-03,Acme Co,88.42,85.73,17.24,Delivered
SHP-01636,2024-09-06,2024-09-07,2024-09-06,West,QuickMove,WH-08,Omega Inc,289.46,151.94,17.74,Delivered
SHP-04647,2025-02-20,2025-02-22,2025-02-22,East,ReliableCo,WH-07,Omega LLC,544.95,640.63,11.92,Delivered
SHP-02480,2024-07-03,2024-07-05,2024-07-06,South,QuickMove,WH-08,Omega Corp,538.94,367.18,21.47,Delivered
SHP-02266,2024-08-19,2024-08-22,2024-08-23,Central,QuickMove,WH-04,Omega Inc,230.15,170.33,11.57,Delivered
SHP-02960,2024-06-18,2024-06-21,2024-06-21,CENTRAL,GlobalFreight,WH-05,Global Solutions,241.44,280.69,21.61,Delivered
SHP-04786,2024-01-24,2024-01-28,2024-01-28,Central,GlobalFreight,WH-03,Omega LLC,469.73,113.15,133.58,Delivered
SHP-03060,2024-09-19,2024-09-22,2024-09-22,East,SpeedEx,WH-03,Omega Co,973.6,1315.57,15.26,Delivered
SHP-02142,2024-05-18,2024-05-21,2024-05-21,East,SpeedEx,WH-09,Sigma Enterprises,59.58,83.86,29.06,Delivered
SHP-03119,2025-03-04,2025-03-07,2025-03-08,East,GlobalFreight,WH-01,Acme Group,296.02,208.79,52.63,Delivered
SHP-04779,2024-05-01,2024-05-04,2024-05-05,South,speedex,WH-06,Acme Partners,249.35,249.91,14.88,Delivered
SHP-04046,2024-02-10,2024-02-11,2024-02-12,South,SpeedEx,WH-05,Omega Inc,244.18,328.02,11.83,Delayed
SHP-03357,2024-09-12,2024-09-14,2024-09-15,East,QuickMove,WH-01,Beta Industries,452.53,271.65,9.58,Delayed
SHP-02745,2024-10-22,2024-10-23,2024-10-23,Central,QuickMove,WH-06,Beta Group,384.33,310.89,26.24,In Transit
SHP-03507,2024-06-06,2024-06-08,2024-06-10,West,ReliableCo,WH-02,Omega Inc,81.7,55.67,11.7,Delivered
SHP-01680,2024-06-09,2024-06-13,2024-06-13,North,GlobalFreight,WH-07,Beta Solutions,459.0,515.62,36.67,Delivered
SHP-04250,2024-01-29,2024-01-31,2024-02-01,Central,ReliableCo,WH-05,Omega Group,460.35,414.43,24.69,Delivered
SHP-03148,2025-04-09,2025-04-11,2025-04-12,West,ReliableCo,WH-06,Prime Inc,93.32,48.28,53.77,Delivered
SHP-02295,2025-06-18,2025-06-20,2025-06-20,East,GlobalFreight,WH-06,Delta Inc,520.38,151.96,14.57,Delivered
SHP-00581,2024-06-23,2024-06-26,2024-06-26,Central,SpeedEx,WH-01,Prime Co,318.52,386.83,64.85,Returned
SHP-01471,2024-08-13,2024-08-15,2024-08-16,North,QuickMove,WH-09,Global Industries,57.85,44.38,7.03,Delivered
SHP-04071,2024-04-07,2024-04-10,2024-04-10,West,FastShip,WH-03,Beta Corp,116.46,113.84,30.61,Delivered
SHP-03344,2025-03-29,2025-04-01,2025-04-02,west,ReliableCo,WH-06,Beta Industries,278.79,207.71,26.81,Delivered
SHP-04584,2024-12-15,2024-12-16,2024-12-16,North,QuickMove,WH-03,Omega Inc,146.4,98.58,14.23,In Transit
SHP-03673,2025-04-08,2025-04-10,2025-04-10,Central,GlobalFreight,WH-08,Acme Industries,503.67,344.24,22.4,Delivered
SHP-00560,2025-05-12,2025-05-14,2025-05-14,North,FastShip,WH-06,Alpha Industries,246.8,194.71,32.47,Delayed
SHP-02850,2024-11-30,2024-12-02,2024-12-01,West,SpeedEx,WH-06,Prime Co,262.7,,17.33,Delivered
SHP-00513,2025-04-12,2025-04-14,2025-04-15,East,GlobalFreight,WH-01,Prime Ltd,200.99,170.35,10.95,Delayed
SHP-01082,2025-02-23,2025-02-26,2025-02-27,East,ReliableCo,WH-09,Beta Ltd,154.85,97.7,37.73,Delivered
SHP-01665,2025-06-13,2025-06-14,2025-06-15,West,GlobalFreight,WH-07,Global Ltd,114.25,64.74,,Delivered
SHP-01013,2024-03-08,2024-03-09,2024-03-10,Central,FastShip,,Delta Partners,229.84,169.92,22.8,Delivered
SHP-01932,2024-01-18,2024-01-20,2024-01-20,North,ReliableCo,WH-07,Delta LLC,653.49,322.09,6.48,Delayed
SHP-01151,2025-03-13,2025-03-16,2025-03-18,South,QuickMove,WH-09,Alpha Group,214.95,185.61,50.31,Delivered
SHP-02839,2025-06-28,2025-07-01,2025-07-02,West,QuickMove,WH-07,Beta Ltd,621.77,480.9,54.36,Delivered
SHP-00117,2024-06-24,2024-06-27,2024-06-27,West,GlobalFreight,WH-10,Omega Co,228.74,179.39,34.13,Delivered
SHP-00741,2025-03-23,2025-03-26,2025-03-26,West,GlobalFreight,WH-04,Omega Ltd,149.2,65.84,9.59,Delivered
SHP-04861,2024-05-21,2024-05-25,2024-05-25,East,QuickMove,WH-02,Beta Partners,799.7,619.31,36.57,Delivered
SHP-03676,2024-03-15,2024-03-17,2024-03-18,Central,SpeedEx,WH-07,Global Inc,197.57,220.02,34.26,Delivered
SHP-00831,2024-06-24,2024-06-25,2024-06-25,Central,FastShip,WH-09,Alpha Industries,275.25,-170.01,24.06,Delivered
SHP-00120,2024-01-03,2024-01-05,2024-01-06,South,GlobalFreight,WH-02,Prime Corp,345.83,526.92,43.98,Delivered
SHP-04834,2025-05-13,2025-05-17,2025-05-17,West,QuickMove,WH-06,Acme Ltd,429.38,372.85,10.0,Delivered
SHP-04793,2024-08-17,2024-08-18,2024-08-19,North,fastship,WH-10,Global Solutions,288.58,231.32,22.29,Delivered
SHP-00636,2024-01-05,2024-01-07,2024-01-07,South,QuickMove,WH-10,Alpha Inc,159.85,108.43,16.18,Delivered
SHP-04466,2024-04-06,2024-04-09,2024-04-09,West,SpeedEx,WH-04,Alpha Enterprises,164.87,150.51,14.97,Delivered
SHP-04365,2024-08-29,2024-09-01,2024-08-31,East,FastShip,WH-10,Prime Partners,104.27,92.17,28.43,In Transit
SHP-04143,2025-05-30,2025-06-02,2025-06-03,West,ReliableCo,WH-05,Delta Corp,359.26,295.76,28.92,Delivered
SHP-00992,2024-12-27,2024-12-29,2024-12-29,East,ReliableCo,WH-03,Global Group,169.88,137.98,5.35,Delivered
SHP-00877,2024-01-23,2024-01-24,2024-01-24,South,SpeedEx,WH-10,Omega Partners,181.08,213.81,19.25,Delivered
SHP-00005,2024-08-03,2024-08-04,2024-08-05,North,QuickMove,WH-07,Beta Ltd,133.26,81.18,7.47,Delivered
SHP-03052,2024-06-04,2024-06-07,2024-06-08,West,FastShip,WH-09,Prime Corp,595.11,580.2,30.31,Delivered
SHP-03125,2024-04-13,2024-04-17,2024-04-18,West,QuickMove,WH-04,Prime Industries,424.77,289.5,8.93,Returned
SHP-02661,2024-12-05,2024-12-08,2024-12-07,East,QuickMove,WH-10,Omega Ltd,288.35,232.68,17.36,Delivered
SHP-02492,2024-04-19,2024-04-22,2024-04-23,South,SpeedEx,WH-02,Alpha Solutions,634.91,621.16,19.94,Delivered
SHP-03855,2025-03-01,2025-03-03,2025-03-03,South,FastShip,WH-01,Prime Enterprises,148.38,119.11,15.68,Delivered
SHP-01716,2025-02-11,2025-02-13,2025-02-16,South,GlobalFreight,WH-04,Beta Group,149.08,175.92,24.04,Delivered
SHP-01149,2024-10-03,2024-10-06,2024-10-06,North,SpeedEx,WH-01,Delta Solutions,339.5,372.76,22.44,Delivered
SHP-03262,2024-09-22,2024-09-23,2024-09-24,East,SpeedEx,WH-07,Alpha Ltd,109.43,153.12,27.18,Delivered
SHP-00575,2025-01-05,2025-01-07,2025-01-08,East,SpeedEx,WH-07,Delta Group,314.52,397.11,7.01,Delivered
SHP-03770,2024-06-13,2024-06-16,2024-06-17,Central,ReliableCo,WH-05,Global Co,88.39,34.54,15.82,Delivered
SHP-03737,2024-11-29,2024-11-30,2024-12-01,East,ReliableCo,WH-10,Acme Corp,238.71,182.95,15.92,Delivered
SHP-04147,2025-01-28,2025-01-29,2025-01-28,East,GlobalFreight,WH-04,Alpha Group,118.0,42.81,7.25,In Transit
SHP-00854,2024-03-29,2024-04-03,2024-04-03,South,QuickMove,WH-02,Global LLC,808.3,521.34,18.12,Delivered
SHP-01983,2025-06-19,2025-06-22,2025-06-22,South,QuickMove,WH-04,Prime Co,295.37,224.73,51.53,Delivered
SHP-02775,2024-01-30,2024-01-31,2024-01-31,East,SpeedEx,WH-02,Alpha Inc,111.69,138.54,17.48,Delivered
SHP-01167,2025-03-17,2025-03-18,2025-03-18,Central,GlobalFreight,WH-07,Alpha Enterprises,376.55,153.44,64.44,Delivered
SHP-00972,2025-06-10,2025-06-12,2025-06-14,South,QuickMove,WH-07,Beta Ltd,235.46,113.11,17.93,Delivered
SHP-02702,2024-04-13,2024-04-15,2024-04-15,Central,QuickMove,WH-09,Global Ltd,427.66,274.76,19.92,In Transit
SHP-04496,2024-05-08,2024-05-10,2024-05-11,Central,ReliableCo,WH-07,Global Enterprises,408.54,329.33,13.36,Delayed
SHP-03848,2025-01-03,2025-01-05,2025-01-05,East,GlobalFreight,WH-01,Global Inc,259.09,106.14,31.55,Delivered
SHP-02369,2024-01-29,2024-01-31,2024-01-31,West,GlobalFreight,WH-09,Prime Industries,80.24,0.01,20.54,Delivered
SHP-04116,2024-03-21,2024-03-23,2024-03-24,East,SpeedEx,WH-06,Acme Ltd,211.85,259.15,39.22,In Transit
SHP-04132,2024-05-22,2024-05-24,2024-05-24,South,FastShip,WH-01,Omega Enterprises,142.64,100.03,10.85,Delivered
SHP-02951,2024-10-31,2024-11-02,2024-11-03,west,FastShip,WH-01,Acme LLC,244.62,189.11,14.72,Delayed
SHP-00525,2024-02-12,2024-02-14,2024-02-14,East,GlobalFreight,WH-08,Global Co,365.87,48.98,35.61,Delivered
SHP-02456,2024-03-08,2024-03-09,2024-03-09,North,ReliableCo,WH-01,Omega Co,292.11,171.96,14.56,Delivered
SHP-01842,2024-06-29,2024-07-02,2024-07-02,East ,GlobalFreight,WH-01,Delta Corp,456.14,510.15,14.46,Delivered
SHP-00538,2025-06-28,2025-07-01,2025-06-30,Central,GlobalFreight,WH-08,Acme LLC,229.99,125.86,64.27,Delivered
SHP-02807,2025-05-04,2025-05-07,2025-05-06,North,ReliableCo,WH-10,Alpha LLC,410.02,530.14,57.47,Delivered
SHP-04342,2024-12-13,2024-12-15,2024-12-15,North,ReliableCo,WH-09,Prime Enterprises,391.06,263.65,35.4,Delivered
SHP-03176,2024-11-06,2024-11-09,2024-11-09,East,SpeedEx,WH-07,Alpha Solutions,219.12,185.81,11.72,Delivered
SHP-00785,2025-02-11,2025-02-15,2025-02-14,West,GlobalFreight,WH-07,Prime Group,433.08,321.37,16.65,Delivered
SHP-04058,2024-03-13,2024-03-14,2024-03-15,West,speedex,WH-02,Delta Industries,178.99,145.69,,Delivered
SHP-01410,2024-10-24,2024-10-28,2024-10-28,East,FastShip,WH-03,Beta LLC,854.77,682.99,23.62,Delivered
SHP-02538,2025-05-16,2025-05-18,2025-05-18,South,SpeedEx,WH-02,Sigma Group,86.53,95.92,11.04,In Transit
SHP-00155,2024-08-11,2024-08-14,2024-08-15,South,ReliableCo,WH-01,Delta Co,261.29,221.11,23.49,Delivered
SHP-03010,2025-02-02,2025-02-05,2025-02-04,South,QuickMove,WH-02,Sigma Industries,209.1,182.65,9.49,Delayed
SHP-01687,2024-12-18,2024-12-19,2024-12-19,East,FastShip,WH-05,Acme LLC,134.18,94.84,28.87,Delivered
SHP-02902,2025-03-05,2025-03-06,2025-03-06,North,FastShip,WH-05,Global Corp,176.52,128.74,23.52,In Transit
SHP-04796,2025-05-28,2025-05-31,2025-05-30,North,QuickMove,WH-03,Global Enterprises,201.45,169.32,52.43,Delayed
SHP-04722,2024-12-18,2024-12-19,2024-12-19,West,SpeedEx,WH-04,Global Ltd,76.46,96.38,8.25,Delayed
SHP-03864,2024-10-17,2024-10-20,2024-10-21,North,QuickMove,WH-01,Sigma Enterprises,210.77,165.45,63.23,Delivered
SHP-02734,2024-11-04,2024-11-05,2024-11-06,East,GlobalFreight,WH-02,Global Partners,121.56,81.98,9.5,Delivered
SHP-01896,2025-01-04,2025-01-06,2025-01-07,South,FastShip,WH-09,Prime Ltd,499.46,422.43,52.2,Delivered
SHP-00570,2025-02-15,2025-02-17,2025-02-17,Central,GlobalFreight,WH-02,Beta Partners,367.83,294.23,27.77,Delivered
SHP-01817,2025-06-18,2025-06-20,2025-06-20,South,QuickMove,WH-01,Delta Ltd,224.02,176.39,21.22,Delivered
SHP-02066,2025-04-18,2025-04-20,2025-04-21,Central,QuickMove,WH-03,Sigma Co,179.26,122.09,18.91,Delayed
SHP-00128,2025-06-06,2025-06-08,2025-06-08,Central,GlobalFreight,WH-10,Acme Inc,251.92,171.59,19.39,Delivered
SHP-03395,2024-02-29,2024-03-04,2024-03-05,West,QuickMove,WH-03,Alpha Industries,667.29,344.35,8.29,Delayed
SHP-03328,2024-01-28,2024-01-30,2024-01-29,East,QuickMove,WH-01,Global Co,599.95,384.66,37.92,Delivered
SHP-01660,2024-05-25,2024-05-27,2024-05-26,West,QuickMove,WH-01,Delta Partners,307.8,203.24,19.51,Delivered
SHP-02976,2024-01-05,2024-01-06,2024-01-06,South,QuickMove,WH-04,Omega Corp,357.65,169.2,10.14,Delivered
SHP-00981,2025-04-25,2025-04-28,2025-04-29,South,FastShip,WH-09,Global Inc,744.94,594.49,6.5,Delayed
SHP-02301,2025-01-06,2025-01-10,2025-01-11,South,SpeedEx,WH-10,Omega Industries,664.15,649.11,16.48,Delivered
SHP-00191,2024-02-16,2024-02-19,2024-02-19,North,ReliableCo,WH-03,Omega LLC,173.23,218.62,18.78,Delayed
SHP-01140,2024-09-15,2024-09-16,2024-09-17,North,GlobalFreight,WH-01,Acme Solutions,133.84,58.72,31.78,Delivered
SHP-00700,2024-03-23,2024-03-24,2024-03-24,West,ReliableCo,WH-07,Beta Solutions,345.11,234.01,24.8,Delivered
SHP-04835,2024-05-01,2024-05-02,2024-05-03,East,QuickMove,WH-07,Omega Group,109.14,69.94,19.98,Delivered
SHP-00607,2024-12-11,2024-12-14,2024-12-14,East,QuickMove,WH-02,Delta Partners,97.64,73.94,19.23,Delivered
SHP-04277,2025-01-30,2025-02-01,2025-01-31,south,FastShip,WH-10,Acme Enterprises,502.94,401.47,17.03,Delivered
SHP-00302,2024-01-25,2024-01-28,2024-01-28,West,SpeedEx,WH-03,Alpha LLC,251.97,232.95,12.63,Delayed
SHP-03421,2025-02-14,2025-02-17,2025-02-18,North,SpeedEx,WH-03,Omega LLC,88.5,81.94,36.81,Delayed
SHP-04875,2024-09-04,2024-09-06,2024-09-06,East,GlobalFreight,WH-05,Delta Ltd,304.09,264.93,60.27,Delivered
SHP-01061,2024-04-06,2024-04-09,2024-04-09,North,ReliableCo,WH-01,Global Inc,81.03,51.21,32.76,Delivered
SHP-02566,2024-11-02,2024-11-05,2024-11-06,East,GlobalFreight,WH-06,Global Industries,250.68,194.86,18.0,Delivered
SHP-00617,2024-12-15,2024-12-18,2024-12-19,West,FastShip,WH-10,Global Industries,412.19,303.17,20.63,Delivered
SHP-01070,2024-08-30,2024-09-02,2024-09-02,North,ReliableCo,WH-08,Omega Solutions,170.88,125.83,25.91,Returned
SHP-02525,2024-08-17,2024-08-19,2024-08-20,West,FastShip,WH-04,Delta LLC,366.46,289.49,13.35,In Transit
SHP-02206,2024-04-04,2024-04-05,2024-04-06,Central,ReliableCo,WH-02,Omega Partners,307.51,246.94,12.75,Delivered
SHP-01244,2024-07-05,2024-07-08,2024-07-07,South,FastShip,WH-01,Prime Industries,133.61,84.07,7.68,Delivered
SHP-00017,2024-02-06,2024-02-07,2024-02-08,Central,GlobalFreight,WH-08,Global LLC,398.42,230.45,40.55,Delivered
SHP-03121,2024-08-10,2024-08-11,2024-08-11,North,FastShip,WH-08,Delta Solutions,212.28,151.13,42.1,Delivered
SHP-04643,2024-01-30,2024-02-01,2024-02-02,East,GlobalFreight,WH-10,Prime Solutions,265.01,116.46,65.58,In Transit
SHP-04755,2025-05-04,2025-05-06,2025-05-06,South,Global Freight,WH-05,Alpha LLC,297.29,111.85,45.28,In Transit
SHP-00816,2024-03-28,2024-03-31,2024-03-31,West,Reliable Co,WH-10,Global LLC,212.12,120.71,45.65,Delivered
SHP-03068,2024-11-28,2024-12-01,2024-12-01,North,FastShip,WH-06,Global LLC,143.85,78.67,22.62,Delivered
SHP-04839,2024-08-31,2024-09-03,2024-09-02,South,QuickMove,WH-08,Alpha Corp,119.06,93.08,23.81,Delivered
SHP-00960,2025-02-19,2025-02-22,2025-02-23,central,SpeedEx,WH-02,Omega Inc,514.19,441.17,16.16,Delivered
SHP-00226,2024-04-09,2024-04-12,2024-04-12,North,GlobalFreight,WH-07,Beta Inc,305.27,185.8,49.15,Delivered
SHP-03355,2024-08-01,2024-08-03,2024-08-02,East,Global Freight,WH-07,Beta Corp,72.02,46.75,25.3,Delivered
SHP-02486,2024-08-02,2024-08-03,2024-08-05,West,SpeedEx,WH-03,Prime Enterprises,174.08,279.5,72.37,Delivered
SHP-00563,2024-11-10,2024-11-12,2024-11-13,West,ReliableCo,WH-05,Delta Ltd,218.44,,57.85,Delivered
SHP-03437,2024-08-12,2024-08-15,2024-08-15,West,QuickMove,WH-10,Global Enterprises,183.75,84.94,32.79,Delayed
SHP-01694,2025-06-14,2025-06-15,2025-06-15,West,ReliableCo,WH-10,Global Enterprises,64.68,34.32,35.71,Delivered
SHP-01046,2024-04-23,2024-04-25,2024-04-25,CENTRAL,QuickMove,WH-10,Acme Enterprises,289.17,177.94,13.34,Delivered
SHP-03447,2024-10-08,2024-10-10,2024-10-11,East,Global Freight,WH-02,Beta Ltd,162.0,0.01,13.85,Delivered
SHP-04566,2024-03-28,2024-03-30,2024-03-30,EAST,SpeedEx,WH-03,Omega Ltd,281.45,452.02,18.73,Delayed
SHP-00955,2024-02-24,2024-02-27,2024-02-28,West,FastShip,WH-01,Acme Co,194.48,153.7,8.77,Delivered
SHP-03401,2024-09-18,2024-09-21,2024-09-21,East,FastShip,WH-03,Global LLC,143.39,160.96,51.59,Delivered
SHP-02736,2024-02-11,2024-02-12,2024-02-12,Central,SpeedEx,WH-08,Global Enterprises,125.19,159.24,15.75,Delivered
SHP-04959,2024-07-16,2024-07-18,2024-07-18,Central,FastShip,WH-05,Prime Corp,705.8,587.0,46.86,In Transit
SHP-04736,2024-03-05,2024-03-07,2024-03-07,North,FastShip,WH-02,Acme Enterprises,282.35,223.57,10.87,Delivered
SHP-04878,2024-11-07,2024-11-10,2024-11-10,West,QuickMove,WH-09,Global Partners,184.95,116.53,8.68,Delivered
SHP-01219,2024-04-23,2024-04-26,2024-04-27,North,ReliableCo,WH-08,Global Inc,115.96,72.87,9.87,Delivered
SHP-01528,2024-02-04,2024-02-05,2024-02-05,West,Global Freight,WH-02,Acme Inc,337.15,307.58,8.28,Delivered
SHP-03988,2024-02-05,2024-02-07,2024-02-08,Central,GlobalFreight,WH-07,Prime Partners,139.84,94.79,20.35,Delivered
SHP-01301,2025-04-23,2025-04-26,2025-04-26,South,SpeedEx,WH-04,Acme Industries,200.64,228.21,34.45,Delivered
SHP-04947,2025-02-23,2025-02-26,2025-02-28,North,QuickMove,WH-03,Omega Partners,188.71,155.28,7.16,Delayed
SHP-00161,2024-08-27,2024-08-29,2024-08-31,West,QuickMove,WH-02,Acme Industries,200.04,134.84,7.01,Delivered
SHP-04068,2024-04-27,2024-04-30,2024-04-30,Central,FastShip,WH-04,Acme Corp,204.79,172.08,23.19,Delivered
SHP-00957,2025-06-27,2025-06-29,2025-06-30,North,SpeedEx,WH-05,Global Co,163.68,131.92,28.26,Delayed
SHP-03792,2024-10-08,2024-10-10,2024-10-09,East,ReliableCo,WH-03,Beta Partners,340.47,178.77,14.2,Delivered
SHP-03235,2024-07-19,2024-07-22,2024-07-23,West,ReliableCo,WH-08,Acme Ltd,436.66,151.24,50.7,Delivered
SHP-02870,2025-02-22,2025-02-26,2025-02-26,East,GlobalFreight,WH-09,Alpha Inc,494.07,106.91,8.52,Delivered
SHP-03778,2025-06-09,2025-06-10,2025-06-10,West,QuickMove,WH-10,Alpha Inc,352.93,311.22,22.98,Delayed
SHP-04434,2025-01-11,2025-01-13,2025-01-13,CENTRAL,FastShip,WH-10,Delta Industries,275.27,248.19,31.08,Delayed
SHP-02962,2024-09-11,2024-09-12,2024-09-12,East,SpeedEx,WH-03,Beta Inc,255.41,346.9,8.03,Delivered
SHP-02201,2025-01-14,2025-01-16,2025-01-16,Central,ReliableCo,WH-09,Prime Group,149.97,127.38,31.33,Delivered
SHP-00099,2024-05-16,2024-05-19,2024-05-22,South,SpeedEx,WH-03,Delta Industries,110.81,154.57,14.46,Delivered
SHP-02558,2024-10-17,2024-10-19,2024-10-19,Central,SpeedEx,WH-03,Beta Industries,177.74,237.96,8.69,Delayed
SHP-03184,2024-01-17,2024-01-20,2024-01-21,North,SpeedEx,WH-07,Delta Inc,102.07,101.95,17.65,Delivered
SHP-00254,2024-02-07,2024-02-12,2024-02-12,West,QuickMove,WH-05,Beta Industries,849.93,742.5,23.07,Delivered
SHP-03924,2024-02-26,2024-02-29,2024-02-29,Central,speedex,WH-09,,211.32,217.26,17.38,Delivered
SHP-04200,2025-05-18,2025-05-19,2025-05-19,East,SpeedEx,WH-01,Alpha Corp,105.1,134.3,8.85,Delivered
SHP-01446,2024-06-16,2024-06-19,2024-06-19,Central,QuickMove,WH-10,Omega Corp,116.8,87.1,87.25,Delivered
SHP-01649,2025-06-18,2025-06-22,2025-06-22,central,FastShip,WH-05,Beta Inc,591.03,339.23,50.89,In Transit
SHP-04683,2024-07-14,2024-07-17,2024-07-16,North,ReliableCo,WH-09,Global Co,396.23,393.81,10.66,Delivered
SHP-04724,2025-02-12,2025-02-14,2025-02-16,North,QuickMove,WH-09,Beta Group,138.71,89.59,17.12,Delayed
SHP-03992,2025-04-03,2025-04-04,2025-04-05,West,FastShip,WH-06,Alpha Corp,187.1,148.01,43.6,Delayed
SHP-01697,2024-12-29,2024-12-31,2024-12-31,East,ReliableCo,WH-09,Beta Industries,368.95,348.77,9.09,Delivered
SHP-03192,2024-11-12,2024-11-15,2024-11-15,Central,QuickMove,WH-04,Sigma LLC,273.16,191.61,22.95,Delivered
SHP-04500,2024-02-05,2024-02-08,2024-02-09,East,ReliableCo,WH-08,Sigma LLC,152.94,79.55,41.35,Delivered
SHP-01155,2025-04-06,2025-04-10,2025-04-09,North,SpeedEx,WH-08,Alpha Group,486.68,533.33,18.65,Delivered
SHP-02256,2024-02-02,2024-02-03,2024-02-04,North,QuickMove,WH-08,Acme Industries,274.01,163.43,37.22,In Transit
SHP-01683,2024-05-28,2024-05-29,2024-05-29,East,SpeedEx,WH-05,Alpha Co,130.73,198.75,10.82,Delivered
SHP-03171,2024-12-04,2024-12-07,2024-12-07,Central,ReliableCo,WH-09,Global Co,326.1,289.42,6.66,Delivered
SHP-02057,2024-07-17,2024-07-20,2024-07-20,West,ReliableCo,WH-06,Prime Ltd,425.22,282.12,92.76,In Transit
SHP-04091,2025-06-03,2025-06-05,2025-06-05,East,GlobalFreight,WH-10,Prime Solutions,137.68,52.4,3.69,In Transit
SHP-03109,2024-03-23,2024-03-24,2024-03-25,East,FastShip,WH-03,Beta Industries,93.13,,16.88,In Transit
SHP-04549,2025-06-15,2025-06-16,2025-06-17,South,QuickMove,WH-04,Prime Group,251.94,186.18,15.58,Delivered
SHP-03724,2024-08-15,2024-08-16,2024-08-16,South,QuickMove,WH-09,Alpha Industries,344.73,215.45,30.32,Delivered
SHP-02050,2024-07-13,2024-07-14,2024-07-15,Central,FastShip,WH-04,Prime Partners,360.04,425.19,21.24,Delivered
SHP-03644,2024-12-14,2024-12-17,2024-12-17,North,ReliableCo,WH-04,Acme Corp,276.61,180.46,22.82,Delivered
SHP-04983,2024-02-27,2024-02-29,2024-03-01,Central,GlobalFreight,WH-09,Prime Corp,332.19,133.32,11.45,Delivered
SHP-00624,2025-04-29,2025-05-02,2025-05-03,East,Quick Move,WH-04,Prime Solutions,182.02,104.54,35.49,Delivered
SHP-00263,2024-02-29,2024-03-04,2024-03-05,West,ReliableCo,WH-06,Delta Solutions,593.43,370.83,26.5,Delivered
SHP-03370,2024-06-07,2024-06-09,2024-06-09,South,FastShip,WH-02,Beta Solutions,198.1,178.77,23.12,In Transit
SHP-04062,2024-06-10,2024-06-12,2024-06-13,West,FastShip,WH-06,Sigma Partners,187.09,202.92,,Delivered
SHP-01803,2024-04-02,2024-04-04,2024-04-05,South,ReliableCo,WH-05,Prime LLC,114.18,139.7,15.42,Delivered
SHP-04737,2025-03-12,2025-03-14,2025-03-14,East,GlobalFreight,WH-08,Prime Group,245.36,93.8,19.57,In Transit
SHP-02663,2024-01-01,2024-01-03,2024-01-02,West,Global Freight,WH-06,Sigma Enterprises,196.82,105.14,23.68,Delivered
SHP-02386,2024-08-20,2024-08-22,2024-08-22,North,SpeedEx,WH-07,Beta Partners,298.03,386.18,13.49,Delivered
SHP-01960,2025-01-23,2025-01-26,2025-01-26,West,QuickMove,WH-03,Delta Co,373.19,250.94,15.59,Delivered
SHP-02977,2025-05-27,2025-05-28,2025-05-30,West,QuickMove,WH-02,Omega Enterprises,211.54,159.57,5.67,Delivered
SHP-00489,2024-04-04,2024-04-05,2024-04-05,South,SpeedEx,WH-02,Global Enterprises,142.1,135.15,52.57,Delivered
SHP-01844,2024-03-06,2024-03-07,2024-03-06,North,SpeedEx,WH-10,Alpha LLC,193.24,235.29,79.89,Delivered
SHP-01735,2025-03-22,2025-03-24,2025-03-24,North,ReliableCo,WH-02,Sigma Partners,582.85,387.06,8.08,Delayed
SHP-02912,2024-02-19,2024-02-22,2024-02-22,North,GlobalFreight,WH-01,Acme Solutions,332.26,313.69,19.19,Delivered
SHP-03220,2024-09-13,2024-09-15,2024-09-15,East,GlobalFreight,WH-04,Acme Industries,64.81,54.98,36.25,Delivered
SHP-00147,2024-07-24,2024-07-26,2024-07-27,North,QuickMove,WH-02,Sigma Corp,272.9,178.5,11.08,Delivered
SHP-01987,2024-03-31,2024-04-02,2024-04-02,North,FastShip,WH-04,Sigma LLC,313.23,318.91,35.3,Delivered
SHP-01370,2024-03-01,2024-03-03,2024-03-04,West,QuickMove,WH-04,Sigma Group,219.21,142.87,43.35,Delivered
SHP-02812,2025-05-28,2025-06-01,2025-06-01,Central,GlobalFreight,WH-04,Beta Industries,532.92,354.04,18.78,Delivered
SHP-00660,2024-03-30,2024-03-31,2024-03-31,North,GlobalFreight,WH-05,Prime Group,274.34,79.63,26.54,Delivered
SHP-01795,2025-04-23,2025-04-25,2025-04-25,Central,ReliableCo,WH-10,Omega Enterprises,498.82,332.75,12.1,Returned
SHP-02512,2024-11-15,2024-11-17,2024-11-18,East,FastShip,WH-08,Prime Enterprises,148.86,136.6,23.26,Delivered
SHP-03398,2025-01-31,2025-02-02,2025-02-03,South,FastShip,WH-07,Global Ltd,160.35,114.16,58.06,Delivered
SHP-04283,2025-04-27,2025-04-28,2025-04-27,West,QuickMove,WH-10,Acme Inc,223.72,146.77,70.29,In Transit
SHP-01148,2024-05-07,2024-05-10,2024-05-10,South,FastShip,WH-08,Alpha Ltd,185.71,140.76,23.04,Delivered
SHP-03273,2024-09-12,2024-09-13,2024-09-14,West,GlobalFreight,WH-05,Alpha Ltd,151.16,70.23,22.36,In Transit
SHP-00609,2025-03-02,2025-03-03,2025-03-03,north,SpeedEx,WH-01,Omega LLC,241.26,278.97,15.51,In Transit
SHP-03583,2025-03-26,2025-03-30,2025-03-30,East,FastShip,WH-08,Prime Group,544.77,489.9,17.15,Delivered
SHP-01931,2024-10-23,2024-10-26,2024-10-28,South,QuickMove,WH-10,Global Inc,220.69,158.13,20.26,Returned
SHP-00198,2025-02-16,2025-02-17,2025-02-16,East,QuickMove,WH-01,Global LLC,234.6,174.3,23.23,Delivered
SHP-02932,2025-02-15,2025-02-17,2025-02-17,Central,ReliableCo,WH-03,Delta Ltd,578.44,495.06,51.9,Delivered
SHP-02328,2024-11-11,2024-11-12,2024-11-13,East,ReliableCo,WH-04,Alpha Ltd,279.25,316.87,10.31,In Transit
SHP-04390,2024-09-14,2024-09-17,2024-09-17,North,ReliableCo,WH-03,Acme Industries,309.74,264.49,8.92,Returned
SHP-00767,2024-12-26,2024-12-29,2024-12-30,South,ReliableCo,WH-08,Beta Enterprises,98.62,108.58,20.35,In Transit
SHP-04497,2024-07-07,2024-07-10,2024-07-12,South,GlobalFreight,WH-04,Prime Industries,471.89,439.61,20.72,Delivered
SHP-04219,2024-10-23,2024-10-25,2024-10-27,South,FastShip,WH-03,Delta LLC,70.14,36.16,16.7,Delivered
SHP-03256,2024-08-31,2024-09-01,2024-09-02,EAST,Quick Move,WH-06,Acme Partners,222.4,151.69,103.63,Delivered
SHP-00203,2024-06-20,2024-06-23,2024-06-23,East,GlobalFreight,WH-05,Acme Industries,519.8,282.74,14.76,Returned
SHP-03511,2024-03-20,2024-03-21,2024-03-21,West,SpeedEx,WH-05,Beta Co,145.86,207.62,11.67,Delivered
SHP-01734,2024-10-04,2024-10-05,2024-10-06,Central,ReliableCo,WH-05,Beta Co,283.86,262.8,28.12,Delayed
SHP-02778,2024-07-17,2024-07-20,2024-07-20,West,ReliableCo,WH-03,Acme Industries,217.96,126.35,,Delivered
SHP-01708,2024-05-22,2024-05-23,2024-05-23,Central,ReliableCo,WH-07,Sigma LLC,220.59,184.95,11.88,In Transit
SHP-03475,2024-05-19,2024-05-23,2024-05-23,East,QuickMove,WH-03,Acme Ltd,495.58,347.9,9.51,Delivered
SHP-00855,2025-04-20,2025-04-22,2025-04-23,South,GlobalFreight,WH-07,Sigma Industries,405.22,85.99,13.84,Delivered
SHP-04738,2024-04-18,2024-04-19,2024-04-19,Central,GlobalFreight,WH-09,Global Corp,162.97,70.92,11.97,Delayed
SHP-04098,2025-01-21,2025-01-24,2025-01-24,East,ReliableCo,WH-10,Prime LLC,333.84,198.33,26.6,Delivered
SHP-02161,2024-12-08,2024-12-10,2024-12-10,West,Reliable Co,WH-08,Acme Ltd,645.63,631.86,22.86,In Transit
SHP-00699,2024-04-01,2024-04-04,2024-04-04,North,FastShip,WH-10,Sigma Solutions,190.99,161.44,11.09,Delivered
SHP-00914,2025-03-02,2025-03-03,2025-03-03,North,ReliableCo,WH-01,Beta Enterprises,319.53,249.2,25.92,Delivered
SHP-03000,2024-10-27,2024-10-29,2024-10-30,West,ReliableCo,WH-02,Omega Co,234.23,170.96,10.36,Delivered
SHP-03697,2025-02-03,2025-02-04,2025-02-05,West,ReliableCo,WH-06,Prime Partners,339.39,268.87,14.99,Delivered
SHP-01637,2024-06-17,2024-06-18,2024-06-18,East,GlobalFreight,WH-04,Sigma Enterprises,257.1,32.44,11.33,Delivered
SHP-03458,2025-01-06,2025-01-07,2025-01-07,North,SpeedEx,WH-04,Global Partners,280.84,343.95,24.34,Delayed
SHP-03582,2024-02-24,2024-02-26,2024-02-26,East,QuickMove,WH-03,Acme Enterprises,50.0,35.67,3.22,In Transit
SHP-01292,2024-09-14,2024-09-17,2024-09-18,East,QuickMove,WH-04,Sigma LLC,394.16,256.06,18.08,Delivered
SHP-04660,2025-01-05,2025-01-07,2025-01-07,West,QuickMove,WH-04,Sigma Corp,319.15,220.79,77.96,In Transit
SHP-01854,2025-04-21,2025-04-24,2025-04-25,North,ReliableCo,WH-09,Prime Solutions,213.54,257.91,5.85,Delivered
SHP-03764,2024-08-14,2024-08-17,2024-08-17,West,SpeedEx,WH-09,Global Solutions,137.56,144.4,8.45,Delivered
SHP-03305,2025-05-01,2025-05-04,2025-05-05,East,SpeedEx,WH-05,Omega Enterprises,319.37,341.68,7.61,Delayed
SHP-04968,2025-03-28,2025-04-01,2025-04-01,South,GlobalFreight,WH-05,Beta Corp,433.61,305.2,21.07,Delivered
SHP-03744,2024-12-05,2024-12-08,2024-12-08,Central,QuickMove,WH-03,Delta Ltd,531.87,428.42,15.9,Delivered
SHP-03446,2024-06-30,2024-07-05,2024-07-05,Central,ReliableCo,WH-02,Global Enterprises,977.12,670.67,19.37,Delivered
SHP-01999,2024-11-19,2024-11-23,2024-11-24,North,GlobalFreight,WH-08,Omega Solutions,654.18,253.67,94.34,Delivered
SHP-00664,2025-05-27,2025-05-29,2025-05-30,South,SpeedEx,WH-06,Omega Partners,332.45,311.02,36.53,Delivered
SHP-04780,2024-01-15,2024-01-17,2024-01-18,South,ReliableCo,WH-02,Acme Inc,232.29,119.33,19.18,Delayed
SHP-03749,2025-04-04,2025-04-07,2025-04-07,CENTRAL,QuickMove,WH-03,Prime Group,277.93,186.11,10.63,Delivered
SHP-04414,2025-05-11,2025-05-14,2025-05-14,West,SpeedEx,WH-08,Delta Inc,511.98,759.37,25.93,Delivered
SHP-04745,2025-02-12,2025-02-15,2025-02-16,North,SpeedEx,WH-04,Global Corp,280.71,250.09,,Returned
SHP-00710,2024-01-27,2024-01-31,2024-02-01,West,GlobalFreight,WH-05,Prime Group,767.0,970.74,17.97,Delivered
SHP-01283,2025-04-27,2025-04-29,2025-04-29,East,Reliable Co,WH-07,Sigma LLC,267.67,224.09,36.26,Delivered
SHP-02676,2024-06-23,2024-06-24,2024-06-24,West,SpeedEx,WH-05,Alpha Ltd,175.05,174.11,48.94,Delivered
SHP-04030,2025-04-21,2025-04-24,2025-04-24,East,QuickMove,WH-06,Acme Inc,406.71,259.82,11.37,Delivered
SHP-01307,2024-06-19,2024-06-23,2024-06-23,West,GlobalFreight,WH-01,Prime Solutions,1424.24,671.31,26.87,Delivered
SHP-02238,2024-02-15,2024-02-17,2024-02-18,West,ReliableCo,WH-03,Beta Solutions,298.76,238.27,8.61,Delivered
SHP-03303,2025-02-14,2025-02-17,2025-02-19,South,ReliableCo,WH-08,Global Group,266.45,248.6,20.63,Delivered
SHP-02039,2025-04-08,2025-04-09,2025-04-08,North,SpeedEx,WH-01,Acme Enterprises,180.79,240.74,15.33,Delayed
SHP-01530,2025-06-15,2025-06-18,2025-06-18,East,ReliableCo,WH-05,Prime Partners,400.78,344.83,15.79,Delivered
SHP-01664,2024-05-17,2024-05-20,2024-05-20,East,ReliableCo,WH-04,Delta LLC,156.08,100.04,71.65,Delivered
SHP-04990,2024-07-13,2024-07-14,2024-07-13,East,ReliableCo,WH-01,Omega Ltd,123.81,136.12,29.64,Delivered
SHP-03117,2024-01-15,2024-01-17,2024-01-17,North,SpeedEx,WH-04,Global Ltd,285.69,,26.98,Delivered
SHP-03628,2024-09-06,2024-09-09,2024-09-08,west,GlobalFreight,WH-04,Prime Enterprises,246.58,89.46,16.48,Delivered
SHP-04892,2024-02-09,2024-02-12,2024-02-13,North,FastShip,WH-10,Acme Corp,113.99,86.26,18.79,Delivered
SHP-02694,2024-04-11,2024-04-15,2024-04-16,East,QuickMove,WH-02,Alpha Corp,414.55,372.85,23.37,Delayed
SHP-03061,2024-07-09,2024-07-10,2024-07-10,North,SpeedEx,WH-04,Sigma LLC,127.49,160.92,38.26,Delayed
SHP-01598,2025-02-25,2025-02-28,2025-03-01,South,GlobalFreight,WH-10,Prime Corp,405.66,7.08,20.03,Delivered
SHP-02730,2024-03-13,2024-03-14,2024-03-14,North,QuickMove,WH-04,Omega Ltd,239.55,143.16,16.44,In Transit
SHP-02626,2024-05-05,2024-05-09,2024-05-10,West,SpeedEx,WH-07,Acme Solutions,616.95,798.6,21.16,Delivered
SHP-03158,2024-05-04,2024-05-07,2024-05-06,Central,SpeedEx,WH-07,Prime Solutions,279.18,441.75,18.69,Delivered
SHP-03315,2024-04-09,2024-04-12,2024-04-12,Central,FastShip,WH-03,Sigma Co,744.77,686.62,29.31,Delivered
SHP-01723,2024-02-18,2024-02-21,2024-02-21,North,SpeedEx,WH-07,Acme Partners,167.34,226.36,237.54,Delivered
SHP-01060,2024-12-30,2025-01-01,2025-01-01,West,GlobalFreight,WH-10,Acme Enterprises,578.86,599.68,19.02,Delayed
SHP-04637,2024-08-30,2024-08-31,2024-09-02,West,SpeedEx,WH-07,Acme Co,289.19,290.13,60.25,Delivered
SHP-03243,2025-03-29,2025-04-01,2025-04-02,South,ReliableCo,WH-03,Prime Ltd,286.66,204.27,35.97,Delivered
SHP-01679,2025-05-27,2025-05-29,2025-05-29,West,QuickMove,WH-07,Prime Partners,578.59,291.42,27.73,Delivered
SHP-01758,2025-04-18,2025-04-20,2025-04-20,East ,fastship,WH-01,Alpha Industries,122.22,78.88,13.84,Delivered
SHP-04192,2024-05-01,2024-05-02,2024-05-03,East,QuickMove,WH-10,Global Co,233.2,139.2,13.53,Delivered
SHP-00564,2024-06-21,2024-06-24,2024-06-24,East,GlobalFreight,WH-04,Beta Ltd,102.44,22.98,25.91,Delivered
SHP-02791,2024-08-13,2024-08-17,2024-08-16,Central,GlobalFreight,WH-09,Omega Industries,541.86,9.34,104.77,Delivered
SHP-00864,2025-06-06,2025-06-08,2025-06-08,North,SpeedEx,WH-03,Prime Corp,226.65,83.33,84.53,Delivered
SHP-01485,2024-01-07,2024-01-10,2024-01-09,South,ReliableCo,WH-07,Omega Solutions,510.92,510.37,95.78,Delivered
SHP-00207,2024-11-29,2024-12-02,2024-12-03,North,FastShip,WH-06,Omega Ltd,187.3,203.58,13.93,Delivered
SHP-04489,2024-08-25,2024-08-27,2024-08-28,East,QuickMove,WH-06,Omega Co,202.01,134.13,26.8,Returned
SHP-00871,2025-04-22,2025-04-25,2025-04-24,East,GlobalFreight,WH-06,Global Solutions,204.12,100.35,19.2,Delivered
SHP-04494,2024-06-17,2024-06-19,2024-06-20,West,GlobalFreight,WH-02,Omega Industries,316.06,175.55,22.0,In Transit
SHP-00503,2025-04-05,2025-04-07,2025-04-07,Central,QuickMove,WH-03,Alpha Corp,363.42,195.97,11.78,In Transit
SHP-01029,2024-03-31,2024-04-03,2024-04-03,West,FastShip,WH-03,Omega Corp,623.45,682.34,15.47,Delivered
SHP-03841,2025-05-07,2025-05-09,2025-05-09,Central,FastShip,WH-03,Delta Group,92.96,71.09,39.5,Delayed
SHP-02691,2024-05-18,2024-05-22,2024-05-22,West,ReliableCo,WH-10,Alpha Solutions,428.58,294.02,61.6,Delivered
SHP-01571,2025-03-23,2025-03-25,2025-03-25,CENTRAL,QuickMove,WH-02,Alpha Industries,261.93,207.44,40.99,Delivered
SHP-02774,2024-02-22,2024-02-23,2024-02-24,South,ReliableCo,WH-10,Acme Ltd,235.79,148.67,30.93,Delivered
SHP-02732,2024-02-14,2024-02-17,2024-02-16,NORTH,ReliableCo,WH-09,Prime Group,249.94,148.9,14.13,In Transit
SHP-00805,2025-01-09,2025-01-10,2025-01-10,East,QuickMove,WH-02,Beta LLC,90.56,56.73,33.28,Delivered
SHP-03646,2024-07-11,2024-07-13,2024-07-11,West,ReliableCo,WH-01,Alpha Co,235.42,188.21,16.27,Delivered
SHP-02455,2024-10-01,2024-10-02,2024-10-03,South,Fast Ship,WH-06,Global LLC,262.06,179.93,43.64,Delivered
SHP-04599,2024-01-08,2024-01-11,2024-01-11,West,FastShip,WH-10,Alpha Solutions,93.37,68.72,36.92,Delivered
SHP-03105,2024-08-22,2024-08-25,2024-08-25,Central,FastShip,WH-08,Beta LLC,177.03,184.58,17.83,Delivered
SHP-04876,2024-04-20,2024-04-23,2024-04-23,West,FastShip,WH-07,Global LLC,298.74,178.61,33.9,Delivered
SHP-00201,2024-12-09,2024-12-12,2024-12-12,East,SpeedEx,WH-08,Omega Enterprises,429.65,482.94,14.53,Delivered
SHP-03100,2025-02-12,2025-02-16,2025-02-16,Central,SpeedEx,WH-05,Acme Inc,713.89,548.36,14.14,In Transit
SHP-02279,2025-01-21,2025-01-24,2025-01-24,East,SpeedEx,WH-01,Acme Group,462.8,510.74,38.0,In Transit
SHP-03562,2025-06-05,2025-06-07,2025-06-09,South,GlobalFreight,WH-02,Alpha Ltd,369.84,390.62,16.71,Delivered
SHP-04475,2024-10-12,2024-10-15,2024-10-16,Central,SpeedEx,WH-08,Alpha Corp,-393.64,364.38,16.27,In Transit
SHP-04515,2025-01-31,2025-02-02,2025-02-01,North,GlobalFreight,WH-01,Omega Corp,193.78,186.44,22.09,Delivered
SHP-00392,2024-10-22,2024-10-24,2024-10-24,South,SpeedEx,WH-06,Omega Co,380.74,425.19,28.82,Delivered
SHP-01496,2024-08-24,2024-08-25,2024-08-27,South,SpeedEx,WH-06,Beta Inc,134.42,214.77,26.44,Delivered
SHP-02696,2025-05-06,2025-05-09,2025-05-09,South,FastShip,WH-09,Prime Solutions,115.82,85.57,35.35,Delivered
SHP-02028,2024-05-06,2024-05-09,2024-05-10,Central,QuickMove,WH-04,Alpha Partners,475.36,286.95,5.19,Returned
SHP-02569,2024-04-14,2024-04-17,2024-04-18,North,QuickMove,WH-08,Prime Enterprises,797.32,497.48,29.95,Delivered
SHP-00065,2025-02-07,2025-02-11,2025-02-11,North,FastShip,WH-07,Acme Corp,523.3,479.64,34.54,Delivered
SHP-03885,2024-02-12,2024-02-16,2024-02-15,East,QuickMove,WH-05,Prime Inc,479.7,333.13,25.9,In Transit
SHP-02063,2024-04-27,2024-05-04,2024-05-05,North,ReliableCo,WH-09,Omega Solutions,1856.47,1240.36,9.59,Delayed
SHP-00493,2024-11-02,2024-11-04,2024-11-05,East,QuickMove,WH-10,Delta Industries,217.69,165.3,2.56,Delivered
SHP-00380,2025-04-07,2025-04-10,2025-04-10,Central,ReliableCo,WH-10,Omega Partners,606.72,330.76,73.54,Delayed
SHP-04860,2025-04-20,2025-04-23,2025-04-23,East,QuickMove,WH-05,Alpha Co,1074.44,694.64,6.32,Delivered
SHP-03994,2024-06-28,2024-07-01,2024-07-02,Central,FastShip,WH-04,Global Industries,291.55,250.73,20.97,Delivered
SHP-04888,2024-05-12,2024-05-13,2024-05-14,West,SpeedEx,WH-02,Beta Solutions,90.13,116.8,16.41,Delivered
SHP-01077,2024-08-04,2024-08-05,2024-08-05,West,SpeedEx,WH-08,Sigma Industries,111.67,105.25,33.53,In Transit
SHP-00879,2024-11-17,2024-11-21,2024-11-20,West,GlobalFreight,WH-06,Delta Co,683.5,499.25,28.02,Delivered
SHP-00338,2024-04-13,2024-04-16,2024-04-16,Central,SpeedEx,WH-02,Sigma Co,107.76,87.01,5.69,Delayed
SHP-01017,2024-06-29,2024-07-02,2024-07-02,North,QuickMove,WH-02,Acme Inc,134.96,97.03,24.73,Delivered
SHP-01276,2024-03-07,2024-03-09,2024-03-10,West,SpeedEx,WH-10,Global Industries,453.62,527.14,21.21,Delayed
SHP-03799,2025-04-29,2025-05-02,2025-05-03,East,FastShip,WH-09,Sigma Co,261.88,218.34,13.81,Delivered
SHP-04552,2025-05-23,2025-05-24,2025-05-23,Central,speedex,WH-10,Beta Group,183.75,205.33,24.92,Delivered
SHP-03343,2025-03-08,2025-03-09,2025-03-10,North,SpeedEx,WH-10,Alpha Partners,218.44,228.0,12.95,Returned
SHP-04912,2025-03-06,2025-03-10,2025-03-11,South,SpeedEx,WH-09,Omega Partners,626.98,576.77,7.32,Returned
SHP-00996,2024-12-03,2024-12-07,2024-12-08,East,QuickMove,WH-04,Beta LLC,554.21,562.63,9.15,Delivered
SHP-01982,2024-12-12,2024-12-15,2024-12-16,East,GlobalFreight,WH-02,Acme Enterprises,202.17,66.34,22.18,Delivered
SHP-04298,2024-11-13,2024-11-16,2024-11-17,West,ReliableCo,WH-08,Acme Inc,97.0,81.74,24.5,Delivered
SHP-00162,2024-09-10,2024-09-13,2024-09-14,South,QUICKMOVE,WH-02,Alpha Enterprises,211.15,90.86,19.34,Delivered
SHP-04799,2024-02-06,2024-02-07,2024-02-08,South,QuickMove,WH-10,Beta Solutions,185.25,111.72,36.26,Delivered
SHP-01501,2024-06-05,2024-06-08,2024-06-08,East,ReliableCo,WH-05,Sigma Corp,125.41,,13.69,Delivered
SHP-03844,2024-01-02,2024-01-03,2024-01-03,Central,SpeedEx,WH-07,Acme Co,271.14,183.27,25.82,Returned
SHP-02614,2024-07-26,2024-07-29,2024-07-29,Central,FastShip,WH-05,Prime Group,423.86,297.41,14.24,Delivered
SHP-03462,2025-06-11,2025-06-13,2025-06-14,South,GlobalFreight,WH-07,Omega Industries,712.81,421.38,55.95,Delivered
SHP-01022,2025-06-22,2025-06-26,2025-06-26,West,ReliableCo,WH-03,Prime Inc,537.38,495.42,21.24,In Transit
SHP-03074,2024-11-29,2024-12-03,2024-12-05,North,QuickMove,WH-10,Alpha LLC,481.0,383.74,48.88,Delivered
SHP-03944,2024-01-24,2024-01-26,2024-01-27,Central,GlobalFreight,WH-04,Acme Enterprises,151.07,149.84,8.51,Delivered
SHP-01586,2024-06-15,2024-06-18,2024-06-19,South,SpeedEx,WH-07,Sigma Enterprises,140.4,149.39,17.89,Delayed
SHP-01956,2024-01-18,2024-01-21,2024-01-22,North,SpeedEx,WH-02,Beta Enterprises,350.51,342.26,24.5,Delivered
SHP-03153,2024-05-31,2024-06-01,2024-06-02,North,QuickMove,WH-01,Sigma Co,71.48,51.6,64.6,Returned
SHP-00035,2024-02-28,2024-03-01,2024-03-01,East,ReliableCo,WH-08,Alpha LLC,152.94,139.59,8.49,In Transit
SHP-04015,2024-07-09,2024-07-12,2024-07-13,North,QuickMove,WH-08,Beta Ltd,247.65,168.35,10.42,In Transit
SHP-00776,2024-03-11,2024-03-14,2024-03-15,West,QuickMove,WH-03,Sigma Ltd,160.11,138.49,42.5,Delivered
SHP-02557,2024-02-01,2024-02-04,2024-02-05,Central,ReliableCo,WH-02,Delta Co,525.73,324.62,21.34,Delivered
SHP-01479,2024-01-05,2024-01-08,2024-01-08,East,QuickMove,WH-06,Delta Industries,520.39,352.05,10.75,Delayed
SHP-01364,2025-04-09,2025-04-12,2025-04-12,North,QuickMove,WH-01,Alpha Corp,680.45,542.73,53.5,Delivered
SHP-02613,2024-08-31,2024-09-03,2024-09-03,north,QuickMove,WH-04,Sigma Enterprises,199.5,148.74,11.53,Delivered
SHP-02825,2024-08-30,2024-09-02,2024-09-03,South,GlobalFreight,WH-07,Omega Inc,151.07,77.02,14.69,Delayed
SHP-02042,2025-04-28,2025-04-30,2025-05-03,South,SpeedEx,WH-06,Alpha Ltd,84.7,130.14,33.31,Delivered
SHP-00242,2025-04-17,2025-04-20,2025-04-21,North,QuickMove,WH-03,Omega Corp,231.87,146.62,70.86,Delivered
SHP-02062,2025-06-12,2025-06-13,2025-06-13,Central,GlobalFreight,WH-04,Global Partners,160.28,97.13,15.18,In Transit
SHP-02364,2024-10-21,2024-10-24,2024-10-25,East,QuickMove,WH-05,Prime Co,168.1,130.74,12.03,Delayed
SHP-00601,2025-03-23,2025-03-26,2025-03-27,North,ReliableCo,WH-01,Sigma Enterprises,158.69,101.67,16.61,Delivered
SHP-02436,2024-09-18,2024-09-19,2024-09-19,West,ReliableCo,WH-10,Beta Enterprises,150.13,68.75,22.91,Delivered
SHP-02889,2024-12-05,2024-12-07,2024-12-09,South,ReliableCo,WH-10,Beta Partners,495.52,414.27,28.67,Delivered
SHP-00647,2025-05-01,2025-05-03,2025-05-03,Central,GlobalFreight,WH-09,Acme Corp,472.43,96.48,17.43,Delivered
SHP-03891,2024-03-22,2024-03-24,2024-03-25,West,SpeedEx,WH-07,Alpha Partners,50.0,54.91,3.53,Delivered
SHP-03557,2025-03-17,2025-03-18,2025-03-20,South,QuickMove,WH-07,Omega LLC,123.52,108.75,17.05,Delivered
SHP-03203,2024-04-27,2024-04-30,2024-05-01,South,SpeedEx,WH-03,Acme Inc,193.82,282.48,16.25,Delivered
SHP-01529,2024-06-23,2024-06-24,2024-06-24,North,SpeedEx,WH-03,Acme Corp,326.47,342.23,9.76,Delivered
SHP-01268,2024-12-01,2024-12-03,2024-12-04,East,SpeedEx,WH-01,Beta LLC,241.69,194.63,17.22,Delivered
SHP-01900,2025-04-06,2025-04-09,2025-04-08,West,SpeedEx,WH-10,,95.22,128.41,24.01,Delivered
SHP-04659,2025-02-15,2025-02-17,2025-02-17,North,FastShip,WH-03,Beta Group,259.83,174.09,14.04,Delivered
SHP-03006,2024-06-23,2024-06-26,2024-06-27,NORTH,ReliableCo,WH-10,Prime Group,171.09,147.02,45.16,Delivered
SHP-02735,2024-04-01,2024-04-04,2024-04-04,West,FastShip,WH-04,Prime Corp,369.48,175.92,31.88,Delayed
SHP-00190,2024-03-11,2024-03-12,2024-03-13,south,QuickMove,WH-08,Acme Partners,328.98,202.05,32.79,Delivered
SHP-01807,2025-03-19,2025-03-21,2025-03-21,Central,ReliableCo,WH-04,Alpha Solutions,242.93,179.41,19.38,Delivered
SHP-00976,2024-05-02,2024-05-03,2024-05-03,North,FastShip,WH-10,Beta Partners,175.27,192.86,10.38,Delayed
SHP-02748,2024-09-10,2024-09-13,2024-09-15,South,SpeedEx,WH-06,Omega Corp,355.99,382.92,,Delivered
SHP-02048,2025-03-19,2025-03-20,2025-03-21,west,FastShip,WH-08,Sigma Ltd,368.49,346.6,15.07,Delivered
SHP-02559,2024-09-21,2024-09-24,2024-09-23,North,SpeedEx,WH-04,Beta Enterprises,143.12,104.11,22.25,Delivered
SHP-01083,2024-12-15,2024-12-18,2024-12-18,West,SpeedEx,WH-02,Beta Co,678.35,861.73,8.96,Delayed
SHP-00475,2025-02-28,2025-03-01,2025-03-02,East,GlobalFreight,WH-08,Prime Industries,209.5,160.95,16.33,Delivered
SHP-02905,2024-10-26,2024-10-29,2024-10-30,West,QuickMove,WH-08,Alpha Enterprises,198.41,143.2,37.92,Delivered
SHP-04844,2024-05-31,2024-06-02,2024-06-01,East ,SpeedEx,WH-05,Acme Co,354.98,539.96,20.27,Returned
SHP-04118,2024-11-13,2024-11-14,2024-11-15,North,GlobalFreight,WH-09,Prime Enterprises,208.13,236.31,26.63,Delivered
SHP-03386,2024-04-07,2024-04-08,2024-04-08,West,FastShip,WH-06,Global LLC,50.0,37.67,43.72,Delivered
SHP-04556,2025-03-25,2025-03-28,2025-03-28,Central,QuickMove,WH-02,Global Group,359.12,280.68,23.98,In Transit
SHP-01185,2025-01-02,2025-01-03,2025-01-04,South,FastShip,WH-05,Delta Ltd,152.24,98.23,32.82,Delivered
SHP-02434,2024-02-02,2024-02-04,2024-02-02,East,SpeedEx,WH-06,Global Partners,524.14,754.46,18.16,Delivered
SHP-02392,2024-08-16,2024-08-18,2024-08-18,East,SpeedEx,WH-02,Omega Solutions,324.41,276.85,28.84,In Transit
SHP-00770,2024-06-03,2024-06-05,2024-06-06,West,SpeedEx,WH-04,Acme Group,389.59,451.34,16.88,Delivered
SHP-01686,2025-03-09,2025-03-12,2025-03-12,West,GlobalFreight,WH-05,Omega Co,87.68,11.36,7.07,Delivered
SHP-00131,2024-11-15,2024-11-18,2024-11-19,South,FastShip,WH-03,Beta Inc,89.87,67.46,29.95,Delivered
SHP-02920,2024-09-01,2024-09-02,2024-09-02,West,SpeedEx,WH-02,Global LLC,247.16,203.65,10.27,Delivered
SHP-03172,2024-03-21,2024-03-24,2024-03-25,East,SpeedEx,WH-05,Acme LLC,143.14,69.41,18.21,Delivered
SHP-03445,2025-02-28,2025-03-01,2025-03-01,East,ReliableCo,WH-02,Global Enterprises,191.08,118.98,22.68,Delayed
SHP-04427,2024-08-06,2024-08-10,2024-08-10,Central,QuickMove,WH-03,Sigma Enterprises,508.75,373.05,8.5,In Transit
SHP-00467,2024-05-02,2024-05-05,2024-05-04,East,GlobalFreight,WH-03,Beta Enterprises,535.18,486.89,44.2,In Transit
SHP-03093,2024-05-05,2024-05-07,2024-05-08,South,FastShip,WH-03,Sigma Enterprises,381.55,341.2,17.51,Delivered
SHP-03773,2025-01-04,2025-01-07,2025-01-06,North,SpeedEx,WH-02,Omega Enterprises,175.37,157.21,13.48,Delivered
SHP-00861,2024-08-04,2024-08-07,2024-08-07,West,FastShip,WH-04,Omega Corp,267.02,232.61,61.07,Delivered
